name,url,category,summary,ingredients,directions,total,servings_n,yield,calories,fat_100g,satfat_100g,sugars_100g,salt_100g,fat_fsa,satfat_fsa,sugars_fsa,salt_fsa,fat_score,satfat_score,sugars_score,salt_score,fsa_score,fsa_health_label,rating,dish_type_scraped,cuisine_scraped,total_minutes,ingredient_count,dish_type_llm,cuisine_llm,image_path,dish_type_normalised
The Best Meatloaf I've Ever Made,https://www.allrecipes.com/recipe/74360/the-best-meatloaf-ive-ever-made/,main-dish,"When I was growing up, my mom never ever made meatloaf and I always wanted to try it - I finally tried it at a restaurant and loved it. When I moved out on my own I started experimenting with different recipes and creating my own version. I finally came up with the best meatloaf I have ever made, and I wanted to share it.","1 tablespoon butter ; ¼ cup minced onion ; 2 cloves garlic, minced ; 1 ½ teaspoons salt ; 1 ½ teaspoons freshly ground black pepper ; 2 pounds extra-lean ground beef ; 3 slices bread, toasted and crumbled ; 7  buttery round crackers, crushed ; 1  egg, lightly beaten ; 3 ½ tablespoons sour cream ; 1 ½ tablespoons Worcestershire sauce ; 1 (15 ounce) can tomato sauce, divided ; ¼ cup milk  (Optional); 3 tablespoons ketchup","Preheat oven to 350 degrees F (175 degrees C). Melt the butter in a skillet over medium heat, and cook the onion and garlic 5 minutes, until onion is tender. Remove from heat, and season with salt and pepper. In a large bowl, mix the onion and garlic, beef, crumbled bread, crushed crackers, egg, sour cream, Worcestershire sauce, and 1/2 can tomato sauce. Gradually stir in the milk 1 teaspoon at a time until mixture is moist, but not soggy. Transfer the mixture to a 5x9 inch loaf pan. Bake uncovered in the preheated oven 40 minutes. Increase oven temperature to 400 degrees F (200 degrees C), and continue baking 15 minutes, to an internal temperature of 160 degrees F (70 degrees C). In a small bowl, mix the remaining tomato sauce and ketchup. Pour over the top of the meatloaf, and continue baking 10 minutes.",1 hr 25 mins,12.0,12 servings,212.6,6.928303013712266,2.866884005674041,1.970982753900903,0.968469253166762,amber,amber,green,amber,2.0,2.0,1.0,2.0,7.0,healthy,4.52,Meatloaf Recipes,American,85.0,14,Meatloaf,American,recipe_images/recipe_8.jpg,Meat Dishes
Sloppy Joes II,https://www.allrecipes.com/recipe/24264/sloppy-joes-ii/,main-dish,This is the recipe my mother used for sloppy joes and it always gets compliments!,1 pound lean ground beef ; ¼ cup chopped onion ; ¼ cup chopped green bell pepper ; ½ teaspoon garlic powder ; 1 teaspoon prepared yellow mustard ; ¾ cup ketchup ; 3 teaspoons brown sugar ;   salt to taste ;   ground black pepper to taste,"In a medium skillet over medium heat, brown the ground beef, onion, and green pepper; drain off liquids. Stir in the garlic powder, mustard, ketchup, and brown sugar; mix thoroughly. Reduce heat, and simmer for 30 minutes. Season with salt and pepper.",40 mins,6.0,6 servings,188.8,10.453155407283848,4.003336113427857,10.67556296914095,1.1573533500139006,amber,amber,amber,amber,2.0,2.0,2.0,2.0,8.0,healthy,4.67,Sandwich Recipes,American,40.0,9,Sandwich,American,recipe_images/recipe_9.jpg,Sandwiches and Tacos
World's Best Honey Garlic Pork Chops,https://www.allrecipes.com/recipe/235158/worlds-best-honey-garlic-pork-chops/,main-dish,A quick and simple grilled pork chop that everyone will love featuring a simple and easy glaze.,"½ cup ketchup ; 2 ⅔ tablespoons honey ; 2 tablespoons low-sodium soy sauce ; 2 cloves garlic, crushed ; 6 (4 ounce) (1-inch thick) pork chops","Preheat grill for medium heat and lightly oil the grate. Whisk ketchup, honey, soy sauce, and garlic together in a bowl to make a glaze. Sear the pork chops on both sides on the preheated grill. Lightly brush glaze onto each side of the chops as they cook; grill until no longer pink in the center, about 7 to 9 minutes per side. An instant-read thermometer inserted into the center should read 145 degrees F (63 degrees C).",25 mins,6.0,6 servings,208.4,3.1788079470198674,1.0785241248817408,6.982024597918639,0.6259697256385999,amber,green,amber,amber,2.0,1.0,2.0,2.0,7.0,healthy,4.42,Bbq & Grilling Recipes,American,25.0,5,Pork,American,recipe_images/recipe_14.jpg,Meat Dishes
Gnocchi I,https://www.allrecipes.com/recipe/18465/gnocchi-i/,main-dish,"This simple potato, flour, and egg recipe is one my family has used for generations.",2  potatoes ; 2 cups all-purpose flour ; 1  egg,"Bring a large pot of salted water to a boil. Peel potatoes and add to pot.  Cook until tender but still firm, about 15 minutes. Drain, cool and mash with a fork or potato masher. Combine 1 cup mashed potato, flour and egg in a large bowl.  Knead until dough forms a ball.  Shape small portions of the dough into long ""snakes"".  On a floured surface, cut snakes into half-inch pieces. Bring a large pot of lightly salted water to a boil. Drop in gnocchi and cook for 3 to 5 minutes or until gnocchi have risen to the top; drain and serve.",1 hr,4.0,4 servings,329.2,1.1019283746556474,0.2754820936639118,0.6060606060606062,0.0296143250688705,green,green,green,green,1.0,1.0,1.0,1.0,4.0,healthy,4.29,Pasta And Noodles,Italian,60.0,3,Pasta and Noodles,Italian,recipe_images/recipe_15.jpg,Pasta
Stuffed Peppers,https://www.allrecipes.com/recipe/16330/stuffed-peppers/,main-dish,Green peppers stuffed with ground beef and rice and topped with a seasoned tomato sauce.,1 pound ground beef ; ½ cup uncooked long grain white rice ; 1 cup water ; 6  green bell peppers ; 2 (8 ounce) cans tomato sauce ; 1 tablespoon Worcestershire sauce ; ¼ teaspoon garlic powder ; ¼ teaspoon onion powder ;   salt and pepper to taste ; 1 teaspoon Italian seasoning,"Preheat oven to 350 degrees F (175 degrees C). Place the rice and water in a saucepan, and bring to a boil. Reduce heat, cover, and cook 20 minutes. In a skillet over medium heat, cook the beef until evenly browned. Remove and discard the tops, seeds, and membranes of the bell peppers. Arrange peppers in a baking dish with the hollowed sides facing upward. (Slice the bottoms of the peppers if necessary so that they will stand upright.) In a bowl, mix the browned beef, cooked rice, 1 can tomato sauce, Worcestershire sauce, garlic powder, onion powder, salt, and pepper. Spoon an equal amount of the mixture into each hollowed pepper. Mix the remaining tomato sauce and Italian seasoning in a bowl, and pour over the stuffed peppers. Bake 1 hour in the preheated oven, basting with sauce every 15 minutes, until the peppers are tender.",1 hr 20 mins,6.0,6 servings,247.7,5.711296011881655,2.187304855614251,3.8277834973249383,0.8560868171001332,amber,amber,green,amber,2.0,2.0,1.0,2.0,7.0,healthy,4.33,Stuffed,American,80.0,10,Stuffed Dishes,American,recipe_images/recipe_25.jpg,Stuffed Dishes
Homemade Black Bean Veggie Burgers,https://www.allrecipes.com/recipe/85452/homemade-black-bean-veggie-burgers/,main-dish,"You will never want to eat frozen veggie burgers again. These are so easy, and you'll be proud to have created such a vegetarian delight.","1 (16 ounce) can black beans, drained and rinsed ; ½  green bell pepper, cut into 2 inch pieces ; ½  onion, cut into wedges ; 3 cloves garlic, peeled ; 1  egg ; 1 tablespoon chili powder ; 1 tablespoon cumin ; 1 teaspoon Thai chili sauce or hot sauce ; ½ cup bread crumbs","If grilling, preheat an outdoor grill for high heat, and lightly oil a sheet of aluminum foil. If baking, preheat oven to 375 degrees F (190 degrees C), and lightly oil a baking sheet. In a medium bowl, mash black beans with a fork until thick and pasty. In a food processor, finely chop bell pepper, onion, and garlic. Then stir into mashed beans. In a small bowl, stir together egg, chili powder, cumin, and chili sauce. Stir the egg mixture into the mashed beans. Mix in bread crumbs until the mixture is sticky and holds together. Divide mixture into four patties. If grilling, place patties on foil, and grill about 8 minutes on each side. If baking, place patties on baking sheet, and bake about 10 minutes on each side.",35 mins,4.0,4 patties,198.4,1.5987210231814548,0.3730349054090061,1.1191047162270185,0.8090860644817479,green,green,green,amber,1.0,1.0,1.0,2.0,5.0,healthy,4.38,Burger Recipes,American,35.0,9,Burger,American,recipe_images/recipe_28.jpg,Burger
Heavenly Halibut,https://www.allrecipes.com/recipe/76659/heavenly-halibut/,main-dish,"Rich, cheesy topping goes perfectly with mild flavored halibut.","½ cup grated Parmesan cheese ; ¼ cup butter, softened ; 3 tablespoons mayonnaise ; 2 tablespoons lemon juice ; 3 tablespoons chopped green onions ; ¼ teaspoon salt ; 1 dash hot pepper sauce ; 2 pounds skinless halibut fillets","Preheat the oven broiler. Grease a baking dish. In a bowl, mix the Parmesan cheese, butter, mayonnaise, lemon juice, green onions, salt, and hot pepper sauce. Arrange the halibut fillets in the prepared baking dish. Broil halibut fillets 8 minutes in the prepared oven, or until easily flaked with a fork. Spread with the Parmesan cheese mixture, and continue broiling 2 minutes, or until topping is bubbly and lightly browned.",25 mins,8.0,8 servings,235.3,10.454075397198457,4.1365046535677354,0.1504183510388267,0.5296606185954686,amber,amber,green,amber,2.0,2.0,1.0,2.0,7.0,healthy,4.66,Seafood Main Dishes,American,25.0,8,Seafood,American,recipe_images/recipe_36.jpg,Seafood
Super Simple Salmon,https://www.allrecipes.com/recipe/189058/super-simple-salmon/,main-dish,This is a very simple but delicious way to prepare fresh salmon using just a few ingredients from your pantry.,1 tablespoon garlic powder ; 1 tablespoon dried basil ; ½ teaspoon salt ; 4 (6 ounce) salmon ; 2 tablespoons butter ; 4  lemon wedges,"Stir together the garlic powder, basil, and salt in a small bowl; rub in equal amounts onto the salmon fillets. Melt the butter in a skillet over medium heat; cook the salmon in the butter until browned and flaky, about 5 minutes per side. Serve each piece of salmon with a lemon wedge.",15 mins,4.0,4 fillets,303.7,10.62965470548409,3.8591740013540967,0.3385240352064997,0.6807718348002709,amber,amber,green,amber,2.0,2.0,1.0,2.0,7.0,healthy,4.72,Seafood Main Dishes,American,15.0,6,Seafood,International,recipe_images/recipe_38.jpg,Seafood
Pork Chops in a Mushroom Wine Sauce,https://www.allrecipes.com/recipe/267815/pork-chops-in-a-mushroom-wine-sauce/,main-dish,"Easy to prepare, these pork chops are braised in a mushroom wine sauce until they are tender and flavorful. Serve with risotto and steamed vegetables.","6  pork chops ;   Salt and pepper to taste ; 1 small onion, diced ; 1 (10.75 ounce) can  cream of mushroom soup ; 1 cup dry white wine ; 1 (8 ounce) package sliced mushrooms, cleaned","Heat a fry pan to medium-high. Season the pork chops on both sides with salt and pepper. Quickly brown the pork chops in the pan, 3 to 4 minutes per side. No need to cook them all the way, as they'll finish cooking in the oven. Remove them from the pan and set aside. Preheat oven to 350 degrees F. Leave the juices from the browned pork chops in the pan. Add the diced onion and saute until tender, about 5 minutes. Add the soup, white wine, and mushrooms. Stir until mixed. Remove from heat. Add the browned pork chops, and any juices that may have accumulated, back into the pan with the sauce. Spoon some sauce on top of the pork chops. Cover and place in the oven; bake for about 45 minutes. Take the lid off and bake an additional 15 minutes. Serve with the sauce.",1 hr 20 mins,6.0,6 pork chops,189.9,2.825213760190893,0.8781069795187909,0.8781069795187909,0.3615510041757805,green,green,green,amber,1.0,1.0,1.0,2.0,5.0,healthy,4.79,Pork,American,80.0,6,Pork,American,recipe_images/recipe_40.jpg,Meat Dishes
Natasha's Chicken Burgers,https://www.allrecipes.com/recipe/232375/natashas-chicken-burgers/,main-dish,"Natasha is my eldest daughter, and her eyes light up when I announce we're having these for dinner. While my husband and I eat 1 or 2 each, she easily finishes at least 3! The onion can be finely chopped, but with three kids, we prefer grating it so as to hide it. I usually serve these with mashed potatoes and Caesar salad for a very comforting meal! Extra-lean ground chicken can be substituted with ground turkey with great results.","1 pound extra-lean ground chicken ; ½ cup Italian-seasoned bread crumbs, divided ; ½ small onion, finely grated ; 1  egg ; 2 cloves garlic, minced ;   salt and ground black pepper to taste ; 2 teaspoons olive oil","Mix ground chicken, 1/4 cup bread crumbs, onion, egg, garlic, salt, and black pepper in a bowl. Moisten hands and shape chicken mixture, 2 tablespoons at a time, into flat, oval-shaped patties. Spread remaining 1/4 cup bread crumbs into a shallow dish. Roll patties in bread crumbs to coat. Heat olive oil in a large skillet over medium-high heat. Cook patties in hot oil until deep brown in color on the bottom, 5 to 6 minutes. Turn patties and cook until other side is browned, 3 to 4 minutes more.",20 mins,4.0,4 servings,237.9,4.504764654923477,1.03956107421311,0.7507941091539128,0.252526710944268,amber,green,green,green,2.0,1.0,1.0,1.0,5.0,healthy,4.79,Burger Recipes,American,20.0,7,Burger,American,recipe_images/recipe_44.jpg,Burger
Broccoli Chicken Divan,https://www.allrecipes.com/recipe/8854/broccoli-chicken-divan/,main-dish,A quick and easy chicken and broccoli dish that all will love!,"1 pound chopped fresh broccoli ; 1 ½ cups cubed, cooked chicken meat ; 1 (10.75 ounce) can  condensed cream of broccoli soup ; ⅓ cup milk ; ½ cup shredded Cheddar cheese ; 1 tablespoon butter, melted ; 2 tablespoons dried bread crumbs","Preheat oven to 450 degrees F (230 degrees C). Place the broccoli in a saucepan with enough water to cover. Bring to a boil, and cook 5 minutes, or until tender. Drain. Place the cooked broccoli in a 9 inch pie plate. Top with the chicken. In a bowl, mix the soup and milk, and pour over the chicken. Sprinkle with Cheddar cheese. Mix the melted butter with the bread crumbs, and sprinkle over the cheese. Bake in the preheated oven for 15 minutes, or until bubbly and lightly brown.",40 mins,6.0,6 servings,186.4,6.089097828520259,3.0087306917394225,2.364002686366689,0.7883590776807701,amber,amber,green,amber,2.0,2.0,1.0,2.0,7.0,healthy,4.32,Side Dish,American,40.0,7,Casserole and Pies,American,recipe_images/recipe_56.jpg,Casserole and Pies
Parmesan-Crusted Pork Chops,https://www.allrecipes.com/recipe/247066/parmesan-crusted-pork-chops/,main-dish,Pork chops with a delicious Parmesan cheese crust.,"1  serving cooking spray ; 1  egg ; ¼ cup grated Parmesan cheese ; 1 teaspoon Cajun seasoning ; 2  boneless pork chops, trimmed","Preheat oven to 350 degrees F (175 degrees C). Spray a baking dish with cooking spray. Whisk egg in a shallow bowl. Mix Parmesan cheese and Cajun seasoning together on a plate. Dip each pork chop into egg. Press into Parmesan mixture until coated on both sides. Place in the prepared baking dish. Bake in the preheated oven until golden and an instant-read thermometer inserted into the center reads at least 145 degrees F (63 degrees C), 35 to 40 minutes.",45 mins,2.0,2 servings,245.9,6.016847172081829,2.406738868832732,0.1444043321299639,0.551985559566787,amber,amber,green,amber,2.0,2.0,1.0,2.0,7.0,healthy,4.62,Pork,American,45.0,5,Pork,American,recipe_images/recipe_68.jpg,Meat Dishes
Marinated Baked Pork Chops,https://www.allrecipes.com/recipe/44742/marinated-baked-pork-chops/,main-dish,"My family loves this recipe. It is quick and easy, and makes for a tasty weekday supper. I often double the sauce to serve over rice.","1 tablespoon soy sauce ; 2 tablespoons vegetable oil ; 1 tablespoon Worcestershire sauce ; 1 teaspoon lemon juice ; 2 tablespoons brown sugar ; 2 tablespoons ketchup ; 6  pork chops, trimmed","Preheat oven to 350 degrees F (175 degrees C). In a small bowl, thoroughly blend soy sauce, vegetable oil, Worcestershire sauce, lemon juice, brown sugar, and ketchup. Place pork chops in a medium baking dish, and spread with 1/2 the sauce. Bake pork chops 30 minutes in the preheated oven. Turn, and spread with remaining sauce. Continue baking 30 minutes, or until internal temperature of the chops has reached 145 degrees F (63 degrees C).",1 hr 15 mins,6.0,6 servings,165.7,5.148205928237131,1.3455538221528862,3.451638065522621,0.3741224648985961,amber,green,green,amber,2.0,1.0,1.0,2.0,6.0,healthy,4.29,Pork,American,75.0,7,Pork,American,recipe_images/recipe_77.jpg,Meat Dishes
Easy Baked Falafel with Cucumber-Yogurt Sauce,https://www.allrecipes.com/recipe/270463/easy-baked-falafel-with-cucumber-yogurt-sauce/,main-dish,"Try this Middle Eastern sandwich of chickpea and spice 'meatballs,' which are actually falafel that are oven-fried to keep their calorie count down. Serve with grilled pita wedges or pita pockets, diced tomatoes, shredded lettuce, and cucumber slices.","cooking spray ; 2 tablespoons olive oil, divided ; 1 (15 ounce) can chickpeas, drained and rinsed ; ¾  onion, diced ; ¼ cup packed chopped fresh cilantro ; ¼ cup packed chopped fresh parsley ; 3 cloves garlic, smashed ; 1  small lemon, zested ; ½ teaspoon ground cumin ; ½ teaspoon kosher salt ; ½ teaspoon red pepper flakes ; ½ teaspoon baking powder ; ⅓ cup all-purpose flour ; 1  egg, beaten ; ½ cup plain Greek yogurt ; ¼ cup seeded and minced cucumber, squeezed dry ; 2 teaspoons fresh lemon juice ; 1 teaspoon minced garlic ;   salt to taste ; 1 pinch cayenne pepper, or to taste","Coat a 9x13-inch metal baking pan with cooking spray and 1 tablespoon olive oil and place inside the oven. Preheat the oven to 375 degrees F (190 degrees C). C Combine chickpeas, onion, cilantro, parsley, garlic, lemon zest, cumin, salt, red pepper flakes, and baking powder in a food processor. Pulse until minced but not yet pasty. Transfer to a bowl and stir in flour and egg until fully incorporated. Remove baking pan from the oven. Drop golfball-sized portions of chickpea mixture onto the hot pan. Bake in the preheated oven 15 to 20 minutes. Brush falafel with remaining olive oil and flip over. Continue baking until golden on both sides, 15 to 20 minutes more. Meanwhile, combine yogurt, cucumber, lemon juice, and garlic in a bowl. Season with salt and cayenne pepper. Store in the refrigerator until ready to serve. Serve falafel with yogurt sauce.",1 hr,4.0,4 servings,249.8,5.191385309884323,1.218846985798928,1.0834195429323803,0.6620144832126399,amber,green,green,amber,2.0,1.0,1.0,2.0,6.0,healthy,4.82,Sandwich Recipes,Middle Eastern Inspired Middle Eastern,60.0,20,Sandwich,Mediterranean,recipe_images/recipe_80.jpg,Sandwiches and Tacos
Instant Pot Pot Roast,https://www.allrecipes.com/recipe/268516/instant-pot-pot-roast/,main-dish,"A tasty family favorite cooked in the Instant Pot, combining beef chuck, red potatoes, carrots, and herbs.","1 teaspoon salt ; 1 teaspoon dried marjoram ; 1 teaspoon dried rosemary ; 1 teaspoon garlic powder  (Optional); 1 teaspoon onion powder ; ½ teaspoon ground black pepper ; ½ teaspoon paprika  (Optional); 1 tablespoon vegetable oil ; 1 (3 pound) beef chuck roast, or more to taste ; 1 pound baby red potatoes ; 4 large carrots, chopped into large chunks ; 1 large yellow onion, sliced ; 4 cups beef broth ; 2 tablespoons Worcestershire sauce","Turn on a multi-functional pressure cooker (such as Instant Pot) and select Saute function. Combine salt, marjoram, rosemary, garlic powder, onion powder, black pepper, and paprika in a small bowl. Rub mixture all over roast to coat all sides. Drizzle oil into the preheated pot. Wait 30 seconds, then place roast into the pot; do not move the meat, allowing it to sear for 3 or 4 minutes. Turn the roast and sear again, 3 to 4 minutes. Repeat until all sides are browned, about 15 minutes total. Add potatoes, carrots, and onion to the pot. Pour in broth and Worcestershire sauce. Close and lock the lid; set vent to sealing. Select high pressure according to manufacturer's instructions; set timer for 60 minutes for a 3-pound roast or 80 minutes for a 5-pound roast. Allow 10 to 15 minutes for pressure to build. Release pressure using the natural-release method according to manufacturer's instructions for 10 minutes. Release remaining pressure carefully using the quick-release method according to manufacturer's instructions, about 5 minutes. Unlock and remove the lid. Transfer roast, potatoes, carrots, and onions to a platter for serving.",2 hrs 5 mins,12.0,12 servings,232.9,5.34166488158369,2.0313373493346427,0.9404339580252976,0.5040726015015595,amber,amber,green,amber,2.0,2.0,1.0,2.0,7.0,healthy,4.5,Beef,American,125.0,14,Beef,American,recipe_images/recipe_107.jpg,Meat Dishes
Easy Air Fryer Pork Chops,https://www.allrecipes.com/recipe/275576/easy-air-fryer-pork-chops/,main-dish,Boneless pork chops cooked to perfection in the air fryer. This recipe is super simple and you couldn't ask for a more tender and juicy chop.,½ cup grated Parmesan cheese ; 1 teaspoon paprika ; 1 teaspoon garlic powder ; 1 teaspoon kosher salt ; 1 teaspoon dried parsley ; ½ teaspoon ground black pepper ; 4 (5 ounce) center-cut pork chops ; 2 tablespoons extra virgin olive oil,"Preheat the air fryer to 380 degrees F (190 degrees C). Combine Parmesan cheese, paprika, garlic powder, salt, parsley, and pepper in a flat shallow dish; mix well. Coat each pork chop with olive oil. Dredge both sides of each chop in the Parmesan mixture and set on a plate. Place 2 chops in the basket of the air fryer and cook for 10 minutes; flipping halfway through cook time. Transfer to a cutting board and let rest for 5 minutes. Repeat with remaining chops.",35 mins,4.0,4 servings,304.7,9.951789773436914,2.9975270401918417,0.1798516224115104,1.026503134913696,amber,amber,green,amber,2.0,2.0,1.0,2.0,7.0,healthy,4.72,Everyday Cooking,American,35.0,8,Pork,American,recipe_images/recipe_109.jpg,Meat Dishes
Baked Asparagus and Mushroom Pasta,https://www.allrecipes.com/recipe/280724/baked-asparagus-and-mushroom-pasta/,main-dish,"Take classic Mediterranean flavors and make American-style comfort food for your family! If you are looking for a meatless meal, serve this with a salad and crusty bread. If your family prefers a protein, a rotisserie chicken or a slice of ham would be an easy and tasty addition to the lovely flavors of this casserole.","½ (16 ounce) package gemelli pasta ; 2 tablespoons herb-infused extra-virgin olive oil ; ½ medium onion, chopped ; 1 pound fresh asparagus, cut into 1-inch pieces ; 1 (8 ounce) package sliced mushrooms ; 2 cups cherry tomatoes, halved ; 2 cloves garlic, minced ; ¼ teaspoon crushed red pepper flakes ; 1 pinch salt and ground black pepper to taste ; 2 tablespoons unsalted butter ; 2 tablespoons all-purpose flour ; 2 cups 1% milk ; ⅔ cup grated Parmigiano-Reggiano cheese, divided ; ¼ cup shredded provolone cheese ; ⅓ cup Italian-seasoned bread crumbs","Preheat the oven to 350 degrees F (175 degrees C). Grease a 7x11-inch baking dish. Bring a large pot of lightly salted water to a boil; cook gemelli at a boil until flexible but still firm to the bite, about 6 minutes. Meanwhile, heat oil in a large skillet over medium heat until shimmering. Add onion and stir for 2 minutes. Add asparagus and mushrooms and continue to cook, stirring occasionally, until mushrooms begin to soften and asparagus is bright green, about 4 minutes. Add tomatoes, garlic, red pepper flakes, salt, and pepper. Continue cooking for about 4 minutes, stirring occasionally. Pour the vegetable mixture into a large mixing bowl. Drain pasta and stir into the bowl. Melt butter in the same skillet. Add flour and cook, stirring constantly, until the mixture bubbles, about 4 minutes. Pour in milk, stirring briskly to avoid lumps. Continue to stir until sauce thickens and bubbles again, about 4 minutes. Remove from heat and stir in 1/3 cup Parmigiano-Reggiano and provolone cheese until melted. Pour the cheese sauce over the pasta and vegetables and stir to combine. Pour into the prepared baking dish. Taste and adjust seasonings. Toss remaining Parmigiano-Reggiano with bread crumbs and sprinkle over the casserole. Bake in the preheated oven until bubbly and lightly browned, 20 to 25 minutes.",1 hr,6.0,1 7x11-inch casserole,356.4,3.903250262906895,1.5847783022328743,1.173909853505833,0.2281787277751962,amber,amber,green,green,2.0,2.0,1.0,1.0,6.0,healthy,5.0,Pasta,American,60.0,15,Pasta and Noodles,Italian,recipe_images/recipe_111.jpg,Pasta
Balsamic-Glazed Salmon Fillets,https://www.allrecipes.com/recipe/82817/balsamic-glazed-salmon-fillets/,main-dish,"A glaze featuring balsamic vinegar, garlic, honey, white wine and Dijon mustard makes baked salmon fillets extraordinary.","6 (5 ounce) salmon fillets ; 4 cloves garlic, minced ; 1 tablespoon white wine ; 1 tablespoon honey ; ⅓ cup balsamic vinegar ; 4 teaspoons Dijon mustard ;   salt and pepper to taste ; 1 tablespoon chopped fresh oregano","Preheat oven to 400 degrees F (200 degrees C). Line a baking sheet with aluminum foil, and spray with non-stick cooking spray. Coat a small saucepan with non-stick cooking spray. Over medium heat, cook and stir garlic until soft, about 3 minutes. Mix in white wine, honey, balsamic vinegar, mustard, and salt and pepper. Simmer, uncovered, for about 3 minutes, or until slightly thickened. Arrange salmon fillets on foil-lined baking sheet. Brush fillets with balsamic glaze, and sprinkle with oregano. Bake in preheated oven for 10 to 14 minutes, or until flesh flakes easily with a fork. Brush fillets with remaining glaze, and season with salt and pepper. Use a spatula to transfer fillets to serving platter, leaving the skin behind on the foil.",30 mins,6.0,6 servings,288.4,8.21917808219178,1.643835616438356,2.598320813079982,0.2269553689792311,amber,amber,green,green,2.0,2.0,1.0,1.0,6.0,healthy,4.29,Seafood Main Dishes,American,30.0,8,Seafood,Mediterranean,recipe_images/recipe_114.jpg,Seafood
Quinoa Black Bean Burgers,https://www.allrecipes.com/recipe/220661/quinoa-black-bean-burgers/,main-dish,"These vegetarian burgers are delicious! Your carnivorous friends will be impressed. My favorite way to serve is on a whole-wheat bun with garlic-lemon mayonnaise, fresh raw spinach, sliced tomato, and caramelized onions!","1 (15 ounce) can black beans, rinsed and drained ; ¼ cup quinoa ; ½ cup water ; ½ cup bread crumbs ; ¼ cup minced yellow bell pepper ; 2 tablespoons minced onion ; 1 large clove garlic, minced ; 1 ½ teaspoons ground cumin ; ½ teaspoon salt ; 1 teaspoon hot pepper sauce (such as Frank's RedHot) ; 1  egg ; 3 tablespoons olive oil","Bring the quinoa and water to a boil in a saucepan. Reduce heat to medium-low, cover, and simmer until the quinoa is tender and the water has been absorbed, about 15 to 20 minutes. Roughly mash the black beans with a fork leaving some whole black beans in a paste-like mixture. Mix the quinoa, bread crumbs, bell pepper, onion, garlic, cumin, salt, hot pepper sauce, and egg into the black beans using your hands. Form the black bean mixture into 5 patties. Heat the olive oil in a large skillet. Cook the patties in the hot oil until heated through, 2 to 3 minutes per side.",35 mins,5.0,5 burgers,244.8,8.717105263157896,1.3980263157894737,0.9046052631578948,1.396998355263158,amber,green,green,amber,2.0,1.0,1.0,2.0,6.0,healthy,4.7,Burger Recipes,American,35.0,12,Burger,American,recipe_images/recipe_115.jpg,Burger
Grandma's Polish Perogies,https://www.allrecipes.com/recipe/84706/grandmas-polish-perogies/,main-dish,"My grandfather is Polish, and his mother taught my grandmother how to make these delicious perogies. The recipe has been in the family for generations, with a few alterations of course! Serve plain, or with butter, sour cream, bacon, etc. Perfecting the perogie technique takes time, and after a while, you will develop your own system.","4 ½ cups all-purpose flour ; 2 teaspoons salt ; 2 tablespoons butter, melted ; 2 cups sour cream ; 2  eggs ; 1  egg yolk ; 2 tablespoons vegetable oil ; 8  baking potatoes, peeled and cubed ; 1 cup shredded Cheddar cheese ; 2 tablespoons processed cheese sauce ; 1 dash onion salt to taste ;   salt and pepper to taste","In a large bowl, stir together the flour and salt. In a separate bowl, whisk together the butter, sour cream, eggs, egg yolk and oil. Stir the wet ingredients into the flour until well blended. Cover the bowl with a towel, and let stand for 15 to 20 minutes. Place potatoes into a pot, and fill with enough water to cover. Bring to a boil, and cook until tender, about 15 minutes. Drain, and mash with shredded cheese and cheese sauce while still hot. Season with onion salt, salt and pepper.  Set aside to cool. Separate the perogie dough into two balls. Roll out one piece at a time on a lightly floured surface until it is thin enough to work with, but not too thin so that it tears. Cut into circles using a cookie cutter, perogie cutter, or a glass. Brush a little water around the edges of the circles, and spoon some filling into the center. Fold the circles over into half-circles, and press to seal the edges. Place perogies on a cookie sheet, and freeze. Once frozen, transfer to freezer storage bags or containers. To cook perogies: Bring a large pot of lightly salted water to a boil. Drop perogies in one at a time. They are done when they float to the top. Do not boil too long, or they will be soggy! Remove with a slotted spoon.",2 hrs,20.0,60 perogies,281.3,8.934372969460687,4.792072774528915,0.8122157244964262,0.7117040285899935,amber,amber,green,amber,2.0,2.0,1.0,2.0,7.0,healthy,4.68,Dumpling Recipes,U.S. Polish,120.0,12,Dumplings,Polish,recipe_images/recipe_124.jpg,Dumplings
Garlic Shrimp Linguine,https://www.allrecipes.com/recipe/17048/garlic-shrimp-linguine/,main-dish,A dazzlingly simple and delicious recipe. This is an elegant dish to serve drop-in dinner guests.,"1 pound uncooked linguine ; 1 tablespoon butter ; 3 tablespoons white wine ; 2 teaspoons grated Parmesan cheese ; 3 cloves garlic, minced ; 1 teaspoon chopped fresh parsley ; 1 pinch salt and pepper to taste ; 1 pound medium shrimp, peeled and deveined","Bring a large pot of lightly salted water to a boil. Add pasta and cook for 8 to 10 minutes or until al dente; drain. In a medium saucepan, melt butter over medium low heat; add wine, cheese, garlic, parsley and salt and pepper to taste. Simmer over low heat for 3 to 5 minutes, stirring frequently. Increase heat to medium high and add shrimp to saucepan; cook for about 3 to 4 minutes or until shrimp begins to turn pink. Do not overcook. Divide pasta into portions and spoon sauce on top; garnish with Parmesan cheese and fresh parsley, if desired.",30 mins,8.0,8 servings,286.6,3.491479128317796,1.2113294934980108,1.4250935217623657,0.2249866397482334,amber,green,green,green,2.0,1.0,1.0,1.0,5.0,healthy,4.27,Seafood Main Dishes,American,30.0,8,Pasta and Noodles,Italian,recipe_images/recipe_127.jpg,Pasta
Salmon with Brown Sugar Glaze,https://www.allrecipes.com/recipe/180764/salmon-with-brown-sugar-glaze/,main-dish,This is my favorite recipe! I make this way too often. It's quick and easy! I serve this with rice and broccoli.,¼ cup packed light brown sugar ; 2 tablespoons Dijon mustard ; 4 (6 ounce) boneless salmon fillets ;   salt and ground black pepper to taste,"Preheat the oven's broiler and set the oven rack at about 6 inches from the heat source; prepare the rack of a broiler pan with cooking spray. Season the salmon with salt and pepper and arrange onto the prepared broiler pan. Whisk together the brown sugar and Dijon mustard in a small bowl; spoon mixture evenly onto top of salmon fillets. Cook under the preheated broiler until the fish flakes easily with a fork, 10 to 15 minutes.",15 mins,4.0,4 servings,329.9,8.963895421220085,1.8259786969152023,7.35924747544612,0.428828330336146,amber,amber,amber,amber,2.0,2.0,2.0,2.0,8.0,healthy,4.6,Seafood Main Dishes,American,15.0,4,Seafood,American,recipe_images/recipe_139.jpg,Seafood
Easy Baked BBQ Pork Chops,https://www.allrecipes.com/recipe/241372/easy-baked-bbq-pork-chops/,main-dish,"If you love BBQ sauce, this is a tasty and easy dish to whip up when you're short on time. We like these BBQ chops with long grain rice mixed with turmeric and peas.","1  onion, finely chopped ; 1 cup ketchup ; 2 tablespoons white wine vinegar ; 2 tablespoons honey ; 2 tablespoons brown sugar ; 1 tablespoon Worcestershire sauce ; 1 tablespoon yellow mustard ; 1 teaspoon cayenne pepper ; 6  thin pork chops ;   salt and ground black pepper to taste","Preheat oven to 440 degrees F (227 degrees C). Whisk onion, ketchup, vinegar, honey, brown sugar, Worcestershire sauce, mustard, and cayenne pepper together in a bowl until barbeque sauce is smooth. Place pork chops on a baking sheet and season with salt and pepper. Top each pork chop with 2 tablespoons barbeque sauce. Bake in the preheated oven until pork chops are cooked through, about 30 minutes. An instant-read thermometer inserted into the center should read at least 145 degrees F (63 degrees C).",45 mins,6.0,6 servings,189.2,2.2639610934093577,0.8049639443233272,10.263290290122422,0.6942814019788698,green,green,amber,amber,1.0,1.0,2.0,2.0,6.0,healthy,4.46,Pork,American,45.0,10,Pork,American,recipe_images/recipe_148.jpg,Meat Dishes
Pam's Bierocks,https://www.allrecipes.com/recipe/23658/pams-bierocks/,main-dish,"A German dish, these sweet dinner rolls are stuffed with ground beef, onion, and cabbage.  A great alternative to the Finnish pasty!","2 cups warm water ; 2 (.25 ounce) packages active dry yeast ; ½ cup white sugar ; ¼ cup margarine, softened ; 1  egg ; 2 teaspoons salt ; 7 cups all-purpose flour ; 1 pound lean ground beef ; 1 cup chopped onion ; 6 cups shredded cabbage ; 1 teaspoon salt ; 1 teaspoon black pepper ; ¼ cup melted butter","Prepare dough: In a large bowl, dissolve yeast in warm water. Let stand until creamy, about 10 minutes. Mix in sugar, margarine, egg, salt and 1/2 of the flour. Beat until smooth; add remaining flour until dough pulls together. Place in oiled bowl. Cover with foil and refrigerate for 2 hours or overnight, OR let it rise for 1 hour. In a large heavy skillet, brown meat. Add onion, cabbage, salt and simmer 30 minutes. Cool until lukewarm. Preheat oven to 350 degrees F (175 degrees C.) Coat a cookie sheet with non-stick spray. Punch down dough and divide into 20 pieces. Spread each piece of dough out on an un-floured surface and fill with approximately 2 tablespoons filling. fold dough over and seal edges. Place on prepared cookie sheet and let rise for 1 hour. Bake in the preheated oven for 25 minutes, or until golden brown. Brush with butter and serve.",1 hr 30 mins,20.0,20 stuffed rolls,293.3,7.730738382149724,3.0149879690383923,4.793057796932828,0.8039967917435713,amber,amber,green,amber,2.0,2.0,1.0,2.0,7.0,healthy,4.65,Savory Pie Recipes,American,90.0,13,Casserole and Pies,American,recipe_images/recipe_150.jpg,Casserole and Pies
Healthier Stuffed Peppers,https://www.allrecipes.com/recipe/219447/healthier-stuffed-peppers/,main-dish,"This healthier stuffed peppers recipe uses an assortment of colored peppers, lean ground beef, brown rice, fresh onion and garlic, and natural tomato sauce. So colorful and so healthy!","½ cup brown rice ; 1 cup water ; 1 pound lean ground beef ; 2 cloves garlic, minced ; 1  onion, chopped ; 2  green bell peppers ; 2  red bell peppers ; 2  yellow bell peppers ; 1 (8 ounce) can natural tomato sauce ; 1 tablespoon Worcestershire sauce ;   salt and ground black pepper to taste ; 1 (8 ounce) can natural tomato sauce ; 1 teaspoon Italian seasoning ; ¼ cup grated Parmesan cheese, optional","Preheat oven to 350 degrees F (175 degrees C). Bring brown rice and water to a boil in a saucepan. Reduce heat to medium-low, cover, and simmer until rice is tender and liquid has been absorbed, 45 to 50 minutes. Cook and stir beef, garlic, and onion in a skillet over medium heat until meat is evenly browned and onion is softened, about 5 minutes. Remove and discard the tops, seeds, and membranes of the green, red, and yellow bell peppers. Arrange peppers in a baking dish with the hollowed sides facing upward. Slice the bottoms off the peppers if necessary so that they stand upright. Mix the browned beef, cooked rice, 1 can tomato sauce, Worcestershire sauce, salt, and pepper in a bowl. Spoon an equal amount of the mixture into each hollowed pepper. Mix the remaining tomato sauce and Italian seasoning in a bowl, and pour over the stuffed peppers. Bake in the preheated oven, basting with sauce every 15 minutes, until the peppers are tender, about 1 hour. Sprinkle the peppers with grated Parmesan cheese after baking.",2 hrs,6.0,6 servings,290.7,5.473822634996301,2.169803567025561,4.487548286348319,0.6765842031725158,amber,amber,green,amber,2.0,2.0,1.0,2.0,7.0,healthy,4.55,Stuffed,American,120.0,14,Stuffed Dishes,American,recipe_images/recipe_157.jpg,Stuffed Dishes
Gravy Baked Pork Chops,https://www.allrecipes.com/recipe/17546/gravy-baked-pork-chops/,main-dish,"These pork chops will melt in your mouth. They are very good and easy to assemble. They are first sauteed in butter, then baked in a creamy mushroom sauce.",4  (1 1/4 inch thick) pork chops ;   salt and pepper to taste ; 1 tablespoon butter ; ¾ cup milk ; ¼ cup water ; 1 (10.75 ounce) can  condensed cream of mushroom soup,"Preheat oven to 350 degrees F (175 degrees C). Season pork chops with salt and pepper to taste. Melt the butter in a large skillet over medium high heat. Saute the pork chops in the butter for about 5 minutes per side. In a separate medium bowl, combine the milk, water and soup. Place the pork chops in a 9x13 inch baking dish and pour the soup mixture over the chops. Bake at 350 degrees F (175 degrees C) for 45 minutes.",55 mins,4.0,4 servings,234.4,8.816631372816905,3.351777216112212,2.4045358289500647,1.0691076348566613,amber,amber,green,amber,2.0,2.0,1.0,2.0,7.0,healthy,4.39,Pork,American,55.0,6,Pork,American,recipe_images/recipe_175.jpg,Meat Dishes
Stuffed Peppers with Turkey and Vegetables,https://www.allrecipes.com/recipe/79805/stuffed-peppers-with-turkey-and-vegetables/,main-dish,This is a great alternative to the beef and rice stuffed peppers.,"4  green bell peppers, tops removed, seeded ; 1 pound ground turkey ; 2 tablespoons olive oil ; ½  onion, chopped ; 1 cup sliced mushrooms ; 1  zucchini, chopped ; ½  red bell pepper, chopped ; ½  yellow bell pepper, chopped ; 1 cup fresh spinach ; 1 (14.5 ounce) can diced tomatoes, drained ; 1 tablespoon tomato paste ;   Italian seasoning to taste ;   garlic powder to taste ;   salt and pepper to taste","Preheat oven to 350 degrees F (175 degrees C). Wrap the green bell peppers in aluminum foil, and place in a baking dish. Bake 15 minutes in the preheated oven. Remove from heat. In a skillet over medium heat, cook the turkey until evenly brown. Set aside. Heat oil in the skillet, and cook onion, mushrooms, zucchini, red bell pepper, yellow bell pepper, and spinach until tender. Return turkey to the skillet. Mix in the tomatoes and tomato paste, and season with Italian seasoning, garlic powder, salt, and pepper. Stuff the green peppers with the skillet mixture. Return peppers to the oven, and continue cooking 15 minutes.",50 mins,4.0,4 servings,279.3,5.7370078378192,1.1768221205782976,2.0594387110120205,0.4338612177350769,amber,green,green,amber,2.0,1.0,1.0,2.0,6.0,healthy,4.45,Stuffed,American,50.0,14,Stuffed Dishes,American,recipe_images/recipe_192.jpg,Stuffed Dishes
Sandy's Primavera Casserole,https://www.allrecipes.com/recipe/245032/sandys-primavera-casserole/,main-dish,Feel free to swap in your favorite vegetables for the ones used here.,"8 ounces shaped pasta such as gemilli, fusilli, or rotelle ; 3 tablespoons olive oil ; 1 large red bell pepper, cut into 1/2-inch dice ; 1 large yellow squash, quartered lengthwise, cut into 1/4-inch pieces ; 2 cloves garlic, thinly sliced ; 4 ounces sugar snap peas, strings removed, halved ; 6  asparagus spears, ends trimmed, cut into 1-inch pieces ; 2 tablespoons flour ; 1 teaspoon salt ; 2 cups milk ; 1 cup grape tomatoes, halved ; 1 cup grated Parmesan cheese, divided ; ⅓ cup chopped fresh basil ; ¼ cup panko bread crumbs","Preheat oven to 400 degrees F. Spray a 9x13-inch baking dish with cooking spray. Cook pasta according to package directions. Drain and transfer to a large bowl. Meanwhile, heat oil in a large skillet over medium heat. Cook bell pepper, squash, and garlic, stirring occasionally, until pepper is crisp-tender, 7 to 10 minutes. Add snap peas and asparagus and cook, stirring, until asparagus is crisp-tender, 2 minutes more. Put flour and salt in a bowl and whisk in milk until smooth. Add flour mixture to skillet and bring to a simmer over medium heat, stirring frequently, until sauce is lightly thickened, 3 to 5 minutes. Pour mixture over pasta and stir in tomatoes, 3/4 cup parmesan, and basil. Transfer to prepared baking dish and sprinkle with panko and remaining 1/4 cup parmesan. Bake until top is lightly golden and sauce is bubbling, about 15 minutes.",57 mins,6.0,9 cups,350.1,5.294809779056085,1.764936593018695,2.588573669760753,0.6412602954634592,amber,amber,green,amber,2.0,2.0,1.0,2.0,7.0,healthy,4.93,,,57.0,14,Casserole and Pies,Italian,recipe_images/recipe_195.jpg,Casserole and Pies
Vegetarian Chickpea Sandwich Filling,https://www.allrecipes.com/recipe/16715/vegetarian-chickpea-sandwich-filling/,main-dish,"Serve this tasty sandwich spread on crusty whole grain rolls or pita bread, with lettuce and tomato. Other raw, chopped vegetables can be substituted for the celery.  Your favorite salad dressing can be substituted for the mayo.","1 (19 ounce) can garbanzo beans, drained and rinsed ; 1 stalk celery, chopped ; ½  onion, chopped ; 1 tablespoon mayonnaise ; 1 tablespoon lemon juice ; 1 teaspoon dried dill weed ;   salt and pepper to taste","Drain and rinse chickpeas. Pour chickpeas into a medium size mixing bowl and mash with a fork. Mix in celery, onion, mayonnaise (to taste), lemon juice, dill, salt and pepper to taste.",20 mins,3.0,2 to 3 servings,258.6,2.57529786131873,0.3552134981129283,0.5328202471693924,0.6394953008214312,green,green,green,amber,1.0,1.0,1.0,2.0,5.0,healthy,4.43,Sandwich Recipes,American,20.0,7,Sandwich,American,recipe_images/recipe_199.jpg,Sandwiches and Tacos
Soy-Honey Glazed Salmon with Asparagus,https://www.allrecipes.com/recipe/242503/soy-honey-glazed-salmon-with-asparagus/,main-dish,Lovely low-ingredient seafood meal! Serve with your choice of grain if needed. Also would be good with other veggies. This recipe is easy to double for larger families.,"1 bunch fresh asparagus, trimmed, or as desired ; 1 tablespoon reduced-sodium soy sauce ; 1 tablespoon honey ; 1 teaspoon olive oil, or as needed ; 1 (8 ounce) salmon fillet ;   sea salt and ground black pepper to taste","Place a steamer insert into a saucepan and fill with water to just below the bottom of the steamer. Bring water to a boil. Add asparagus, cover, and steam until slightly tender, 2 to 4 minutes. Whisk soy sauce and honey together in a bowl until glaze is smooth. Set oven rack about 6 inches from the heat source and preheat the oven's broiler. Line a baking sheet with aluminum foil and brush with olive oil. Place salmon fillet and asparagus on the prepared baking sheet; season with salt and pepper. Broil in the preheated oven for 5 minutes. Drizzle 2/3 of the glaze over salmon and asparagus. Broil until fish flakes easily with a fork, 3 to 5 minutes. Drizzle remaining glaze over salmon.",20 mins,2.0,2 servings,291.6,7.7285579641847315,1.3195098963242224,8.105560791705937,0.767200754005655,amber,green,amber,amber,2.0,1.0,2.0,2.0,7.0,healthy,4.72,Seafood Main Dishes,American,20.0,6,Seafood,Asian,recipe_images/recipe_217.jpg,Seafood
Mushroom Chicken Piccata,https://www.allrecipes.com/recipe/15134/mushroom-chicken-piccata/,main-dish,Classic Piccata reaches a new peak with the marvelous addition of mushrooms! This is a favorite in our family. Serve with rice and a green salad if desired.,"½ cup all-purpose flour ; 1 teaspoon salt ; ½ teaspoon paprika ; 1  egg ; 2 tablespoons milk ; 6  skinless, boneless chicken breast halves ; 4 tablespoons butter ; ½ pound fresh mushrooms, sliced ; ¼ cup chopped onion ; 1 cup chicken broth ; ½ cup white wine ; 2 tablespoons lemon juice ; 1 tablespoon cornstarch ; 1 tablespoon chopped fresh parsley, for garnish","In a shallow dish or bowl, mix together flour, salt and paprika. In a separate dish or bowl, mix together egg and milk. Dip chicken pieces in egg mixture, then in seasoned flour. In a large skillet, heat butter or margarine over medium-high heat. Saute chicken pieces until golden brown. Add mushrooms and onion and saute for 3 to 5 minutes. In a medium bowl combine the broth, wine, lemon juice and cornstarch. Mix together and pour mixture over chicken and mushrooms. Reduce heat to medium low and let chicken mixture simmer for 25 minutes or until chicken is cooked through and juices run clear. Sprinkle with parsley and serve.",50 mins,6.0,6 servings,287.7,7.598327718472215,4.091407233023501,1.315095182043268,1.272354588626862,amber,amber,green,amber,2.0,2.0,1.0,2.0,7.0,healthy,4.55,Chicken,Italian,50.0,14,Poultry,Italian,recipe_images/recipe_234.jpg,Meat Dishes
Mushroom Veggie Burger,https://www.allrecipes.com/recipe/233999/mushroom-veggie-burger/,main-dish,"This is as close as I've ever gotten to a delicious non-meat burger. Mushrooms really give this a meaty flavor. I serve this like I serve a regular burger, on a nice fresh hamburger roll with spicy mayonnaise and a little lettuce.","2 tablespoons olive oil ; 3 (8 ounce) packages sliced fresh mushrooms ; ½  onion, finely chopped ; 4 cloves garlic, minced ; 1 teaspoon salt ; ½ teaspoon black pepper ; ½ teaspoon dried oregano ; ⅔ cup rolled oats ; ¾ cup dry bread crumbs ; 2  eggs, beaten ; ½ cup freshly shredded Parmigiano-Reggiano cheese ; 2 tablespoons olive oil","Heat 2 tablespoons olive oil in a large skillet over medium heat; add mushrooms, onion, and garlic to the hot oil and season with salt, black pepper, and oregano. Cook and stir mushroom mixture until mushrooms have given up their juice and the juice has almost evaporated, about 10 minutes. Transfer cooked mushrooms to a cutting board and chop into small chunks with a knife. Transfer mushrooms to a large bowl. Mix in rolled oats and bread crumbs; taste for salt and black pepper and add more to taste. Stir Parmigiano-Reggiano cheese into the mixture, followed by eggs. Let mixture stand for the crumbs to soak up excess liquid, about 15 minutes. (At this point you can refrigerate the mixture to cook later if desired.) Moisten hands with a little vegetable oil or water, pick up about 1/4 cup of mixture, and form into burgers. Heat remaining 2 tablespoons olive oil in a skillet over medium heat and pan-fry burgers until browned and cooked through, 5 to 6 minutes.",45 mins,6.0,6 veggie patties,254.5,7.136375692767298,1.608197339215166,1.8594781734675356,0.791911549146343,amber,amber,green,amber,2.0,2.0,1.0,2.0,7.0,healthy,4.72,Burger Recipes,American,45.0,12,Burger,American,recipe_images/recipe_236.jpg,Burger
Easy Baked Pork Chops,https://www.allrecipes.com/recipe/273131/easy-baked-pork-chops/,main-dish,"Try this easy recipe to prepare flavorful, juicy baked pork chops in the oven without marinating.","1 tablespoon vegetable oil ; 1 small onion, coarsely chopped ; 4  pork chops ; 3 tablespoons maple syrup ; 3 tablespoons spicy brown mustard ; 4 cloves garlic, minced, or more to taste ; 1 teaspoon red pepper  (Optional); 1 teaspoon chili powder  (Optional); ½ teaspoon salt","Preheat the oven to 375 degrees F (190 degrees C). Grease a 9x13-inch baking pan with oil. Scatter onions evenly into the baking pan. Place pork chops on top of onions in the pan. Combine maple syrup, mustard, garlic, red pepper, chili powder, and salt together in a small bowl. Pour mixture evenly over pork chops. Cover baking dish with aluminum foil. Bake in the preheated oven until chops are no longer pink in the center and an instant-read thermometer inserted into the center reads 160 degrees F (71 degrees C), 1 to 1 1/2 hours.",1 hr 10 mins,4.0,4 pork chops,350.4,5.1937984496124034,1.4728682170542635,3.798449612403101,0.4966085271317829,amber,green,green,amber,2.0,1.0,1.0,2.0,6.0,healthy,4.5,Pork,American,70.0,9,Pork,American,recipe_images/recipe_245.jpg,Meat Dishes
My Mother's Swiss Steak,https://www.allrecipes.com/recipe/229345/my-mothers-swiss-steak/,main-dish,"My mother's recipe. Serve with potatoes, rice, or noodles.","¼ cup all-purpose flour ; ½ teaspoon salt ; ¼ teaspoon ground black pepper ; 2 pounds beef round steak, cut 1-inch thick ; 2 tablespoons vegetable oil ; ¼ cup water, or as needed ; 1 (14.5 ounce) can diced tomatoes ; ½ cup minced green bell pepper ; 1 teaspoon onion powder ; ½ teaspoon salt ; ⅛ teaspoon ground black pepper","Stir flour, 1/2 teaspoon salt, and 1/4 teaspoon black pepper together in a bowl. Sprinkle pieces of steak with flour mixture and pound the flour mixture into the meat with a meat mallet or the edge of a sturdy plate. Heat vegetable oil in a large skillet over medium heat; cook the floured beef in the hot oil until browned on both sides, about 15 minutes. Reduce heat to low, pour in water, cover skillet, and simmer beef until tender, about 1 hour. Add more water to the skillet if needed to prevent burning. Mix diced tomatoes, green bell pepper, onion powder, 1/2 teaspoon salt, and 1/8 teaspoon black pepper in a bowl. Pour tomato mixture over beef, bring to a simmer, and cook until sauce has thickened, about 30 more minutes.",1 hr 45 mins,6.0,6 servings,262.4,5.315502034764981,1.568508797143765,0.9149634650005296,0.5975582820229648,amber,amber,green,amber,2.0,2.0,1.0,2.0,7.0,healthy,4.73,Beef,American,105.0,11,Beef,American,recipe_images/recipe_256.jpg,Meat Dishes
Pork Chops with Apple Cider Glaze,https://www.allrecipes.com/recipe/229624/pork-chops-with-apple-cider-glaze/,main-dish,"Pork chops with a glossy apple cider glaze is really easy, and while there's no starch or extra butter involved, it reduces quickly to a thick, rich, sweet-tart apple syrup.","6 (6 ounce) boneless center-cut pork chops ;   salt and ground black pepper to taste ; 1 tablespoon vegetable oil ; 1 tablespoon butter ; 3 cloves garlic, minced ; ¼ cup apple cider vinegar ; 2 cups apple cider ; 1 teaspoon Dijon mustard ; 1 teaspoon minced rosemary ; 1 pinch red pepper flakes","Season pork chops with salt and black pepper. Heat oil and butter in a heavy skillet over medium-high heat. Cook pork chops in the hot oil mixture until browned on both sides and pork is slightly pink in the center, 5 to 7 minutes per side. An instant-read thermometer inserted into the center should read at least 145 degrees F (63 degrees C). Remove pan from the heat; transfer pork chops to a plate. Stir garlic into the pan and place over medium-high heat; cook and stir for 30 seconds. Pour in vinegar and scrape up any browned bits from the bottom of the pan. Add apple cider and Dijon mustard, bring mixture to a boil, and cook until sauce is reduced and thick, 3 to 4 minutes. Stir in rosemary and red pepper flakes; season with salt and black pepper to taste. Return pork chops to the pan to warm slightly, 1 to 2 minutes per side.",45 mins,6.0,6 pork chops,236.7,3.670360110803324,1.3504155124653738,3.324099722991689,0.0878635734072022,amber,green,green,green,2.0,1.0,1.0,1.0,5.0,healthy,4.55,Pork,American,45.0,10,Pork,American,recipe_images/recipe_278.jpg,Meat Dishes
Caramel Apple Pork Chops,https://www.allrecipes.com/recipe/14692/caramel-apple-pork-chops/,main-dish,"Warm, spicy, and sweet, this wonderful Fall recipe is a guaranteed favorite for kids, and is great with smashed potatoes and buttered green beans.","4  (3/4 inch) thick pork chops ; 1 teaspoon vegetable oil ; 2 tablespoons brown sugar ;   salt and pepper to taste ; ⅛ teaspoon ground cinnamon ; ⅛ teaspoon ground nutmeg ; 2 tablespoons unsalted butter ; 2  tart apples - peeled, cored and sliced ; 3 tablespoons pecans  (Optional)","Preheat oven to 175 degrees F (80 degrees C). Place a medium dish in the oven to warm. Heat a large skillet over medium-high heat. Brush chops lightly with oil and place in hot pan. Cook for 5 to 6 minutes, turning occasionally, or until done. Transfer to the warm dish, and keep warm in the preheated oven. In a small bowl, combine brown sugar, salt and pepper, cinnamon and nutmeg. Add butter to skillet, and stir in brown sugar mixture and apples. Cover and cook until apples are just tender. Remove apples with a slotted spoon and arrange on top of chops. Keep warm in the preheated oven. Continue cooking sauce uncovered in skillet, until thickened slightly. Spoon sauce over apples and chops. Sprinkle with pecans.",45 mins,4.0,4 servings,262.2,6.241872561768531,2.340702210663199,5.461638491547465,0.0267230169050715,amber,amber,amber,green,2.0,2.0,2.0,1.0,7.0,healthy,4.46,Pork,American,45.0,9,Pork,American,recipe_images/recipe_284.jpg,Meat Dishes
Ground Beef Casserole with Rice,https://www.allrecipes.com/recipe/281000/ground-beef-casserole-with-rice/,main-dish,This ground beef casserole with rice is the perfect casserole for using whatever you have lying around in your fridge.,"1 pound lean ground beef ; 1 medium green bell pepper, diced ; 1 medium tomato, chopped ; 4 tablespoons Worcestershire sauce ; 1 (28 ounce) can diced tomatoes, undrained ; 1 tablespoon minced onion ; 1 teaspoon minced garlic ; 1 teaspoon dried oregano ; 1 teaspoon dried basil ;   salt and ground black pepper to taste ; 2 cups cooked rice ; ½ cup shredded Cheddar cheese","Preheat the oven to 350 degrees F (175 degrees C). Heat a large skillet over medium-high heat. Cook and stir ground beef in the hot skillet until browned and crumbly, 5 to 7 minutes. Add bell pepper, tomato, and Worcestershire sauce. Cook and stir until pepper has slightly softened, about 5 minutes. Strain 1/2 of the liquid from the canned diced tomatoes into the mixture. Stir diced tomatoes, onion, garlic, oregano, basil, salt, and pepper into the ground beef mixture. Simmer until some of the liquid has reduced, about 10 minutes. Add rice and mix well. Transfer to a casserole dish and sprinkle Cheddar cheese on top. Bake in the preheated oven until filling is heated through and cheese is melted, about 45 minutes.",1 hr 25 mins,8.0,8 servings,230.2,4.3140638481449525,1.984469370146678,1.81190681622088,0.3739214840379637,amber,amber,green,amber,2.0,2.0,1.0,2.0,7.0,healthy,4.6,Casserole Recipes,American,85.0,12,Casserole and Pies,American,recipe_images/recipe_298.jpg,Casserole and Pies
Barbeque Halibut Steaks,https://www.allrecipes.com/recipe/12837/barbeque-halibut-steaks/,main-dish,A simple recipe for barbecued halibut. Soy sauce and brown sugar add a special zip that is uncommonly delicious.,"2 tablespoons butter ; 2 tablespoons brown sugar ; 2 cloves garlic, minced ; 1 tablespoon lemon juice ; 2 teaspoons soy sauce ; ½ teaspoon ground black pepper ; 1 (1 pound) halibut steak","Preheat grill for medium-high heat. Place butter, brown sugar, garlic, lemon juice, soy sauce, and pepper in a small saucepan. Warm over medium heat, stirring occasionally, until sugar is completely dissolved. Lightly oil grill grate. Brush fish with brown sugar sauce, and place on grill. Cook for 5 minutes per side, or until fish can be easily flaked with a fork, basting with sauce. Discard remaining basting sauce.",25 mins,3.0,3 servings,274.7,5.27956003666361,2.545502160534241,4.242503600890402,0.3986774911614508,amber,amber,green,amber,2.0,2.0,1.0,2.0,7.0,healthy,4.59,Seafood Main Dishes,U.S.,25.0,7,Seafood,American,recipe_images/recipe_318.jpg,Seafood
Pierogi with Sauerkraut and Dried Mushrooms,https://www.allrecipes.com/recipe/260820/pierogi-with-sauerkraut-and-dried-mushrooms/,main-dish,"Great recipe for traditional Polish pierogi filled with sauerkraut and dried mushrooms. Packed full of flavor and delicious, they taste best drizzled with melted butter, caramelized onions, and sour cream.","1 cup water to cover ; ¼ cup dried mushrooms ; 1 tablespoon olive oil ; 1  onion, chopped ; 2 cups sauerkraut - drained, rinsed, and finely chopped ;   salt and ground black pepper to taste ; 4 cups all-purpose flour ; 1  egg ; 1 cup lukewarm water ; 3 tablespoons melted butter","Combine 1 cup water and dried mushrooms in a saucepan over low heat, bring to a simmer, and cook until tender, about 10 minutes. Drain mushrooms, reserving cooking water. Chop mushrooms. Heat olive oil in a separate saucepan over medium heat and cook onion until soft and translucent, about 5 minutes. Add mushrooms and sauerkraut and mix well; season with salt and pepper. Pour in the cooking water, cover, and simmer until water has evaporated and sauerkraut is soft, 15 to 20 minutes. Place flour in a large bowl and make a well in the center. Crack egg into the well and add enough warm water, 1 tablespoon at a time, until a dough forms, stirring constantly with your hands. Knead well, continuing to add more water as needed. Knead until dough is soft and smooth. Dust a work surface with flour. Cut off 1/4 of the dough and roll out to a thickness of 1/8 inch. Cut out circles using a glass or a round pastry cutter. Fill each dough circle with 1 teaspoon of sauerkraut filling. Fold dough over into a half-moon shape and seal edges. Cover with a clean dish towel so pierogi won't dry out and repeat with remaining dough and filling. Bring a large pan of salted water to a gentle boil. Add the pierogi in batches and cook until they float to the surface, 5 to 7 minutes. Cook for 2 to 3 minutes once they float to the surface. Remove with a slotted spoon and drizzle with melted butter.",1 hr 32 mins,5.0,5 servings,520.3,4.719974615262574,2.0625099159130573,1.2692368713311124,0.4869704902427416,amber,amber,green,amber,2.0,2.0,1.0,2.0,7.0,healthy,5.0,,,92.0,10,Dumplings,Polish,recipe_images/recipe_323.jpg,Dumplings
Sweet Potato Gnocchi,https://www.allrecipes.com/recipe/56311/sweet-potato-gnocchi/,main-dish,A new and yummy twist to Gnocchi. Pair this up with butter or your favorite alfredo sauce. This recipe can be made with butternut squash instead of the sweet potatoes.,"2 (8 ounce) sweet potatoes ; 1 clove garlic, pressed ; ½ teaspoon salt ; ½ teaspoon ground nutmeg ; 1  egg ; 2 cups all-purpose flour","Preheat the oven to 350 degrees F (175 degrees C). Bake sweet potatoes for 30 minutes, or until soft to the touch. Remove from the oven, and set aside to cool. Once the potatoes are cool enough to work with, remove the peels, and mash them, or press them through a ricer into a large bowl. Blend in the garlic, salt, nutmeg, and egg. Mix in the flour a little at a time until you have soft dough. Use more or less flour as needed. Bring a large pot of lightly salted water to a boil. While you wait for the water, make the gnocchi. On a floured surface, roll the dough out in several long snakes, and cut into 1-inch sections. Drop the pieces into the boiling water, and allow them to cook until they float to the surface. Remove the floating pieces with a slotted spoon, and keep warm in a serving dish. Serve with butter or cream sauce.",1 hr 5 mins,4.0,4 servings,346.1,1.039475312461329,0.2969929464175225,2.5244400445489417,0.4603390669471599,green,green,green,amber,1.0,1.0,1.0,2.0,5.0,healthy,4.08,Pasta And Noodles,Italian,65.0,6,Pasta and Noodles,Italian,recipe_images/recipe_347.jpg,Pasta
Homemade Spinach Pasta,https://www.allrecipes.com/recipe/254895/homemade-spinach-pasta/,main-dish,"Spinach adds a beautiful color and flavor to pasta when introduced to the mix. Getting the blend right can be tricky, but this recipe will show you how.","3 ounces spinach ; 2  eggs ; 1 ½ teaspoons extra-virgin olive oil ; ½ teaspoon kosher salt ; 2 cups all-purpose flour, or as needed","Combine water and ice in a bowl. Preheat a skillet over medium heat; add spinach. Cook, stirring continuously, until spinach turns bright green, about 30 seconds. Plunge into ice water bath; remove when spinach is lukewarm. Squeeze out excess moisture with cheese cloth. Combine spinach, eggs, olive oil, and salt in a food processor; blend until smooth. Add flour; blend until dough no longer sticks to the blades, adding flour as needed. Roll dough into a ball; wrap in plastic wrap. Rest at room temperature for 20 minutes. Remove plastic wrap from dough. Transfer to a work surface generously dusted with flour; cut dough into 4 pieces with a sharp knife. Roll out dough with a rolling pin to 1/4-inch thickness; shape into rectangles. Dust pasta maker rollers with flour. Run the dough rectangles through a pasta maker on the widest setting. Repeat rolling dough through rollers, gradually reducing the setting to desired thickness. Change pasta maker's attachment to preferred noodle shape; cut pasta with pasta maker. Bring a large pot of water to a boil. Lower pasta gently into water; use a spoon to keep noodles from sticking together. Cook until pasta is firm but soft, 3 to 6 minutes. Remove from the water with tongs; transfer to a bowl.",1 hr 14 mins,2.0,2 servings,567.7,4.520031959821938,1.050108435110147,0.4109119963474489,0.6685309896130579,amber,green,green,amber,2.0,1.0,1.0,2.0,6.0,healthy,4.93,Pasta,American,74.0,5,Pasta and Noodles,Italian,recipe_images/recipe_361.jpg,Pasta
Spinach Lasagna Roll Ups,https://www.allrecipes.com/recipe/231072/spinach-lasagna-roll-ups/,main-dish,"Filled with spinach, ricotta, and mozzarella,  these rolls are easy to make and so delicious.","8  lasagna noodles ; 1 tablespoon olive oil ; 2 large cloves garlic, minced ; 1 (10 ounce) package frozen chopped spinach, thawed and drained ; 1 cup ricotta cheese ; 1 cup shredded mozzarella cheese ; 1 teaspoon salt ; 1 (14 ounce) jar spaghetti sauce ; ¼ cup grated Parmesan cheese, or to taste","Preheat oven to 350 degrees F (175 degrees C). Bring a large pot of lightly salted water to a boil. Cook lasagna in boiling water until cooked through but firm to the bite, about 8 minutes; drain and lay noodles flat onto a flat surface. Heat olive oil in a skillet over medium heat. Cook and stir garlic in hot oil until fragrant, about 2 minutes. Transfer garlic to a large bowl; add spinach, ricotta cheese, mozzarella cheese, and salt. Stir mixture until evenly combined. Spread a heaping 1/4 cup of spinach mixture into the middle of each lasagna noodle. Roll noodle firmly around the filling. Arrange rolled noodles into a baking dish. Pour spaghetti sauce over the rolls. Cover dish with aluminum foil. Bake in preheated oven for 30 minutes. Remove foil from dish and continue cooking another 5 minutes. Sprinkle Parmesan cheese over the rolls to serve.",55 mins,8.0,8 servings,202.4,4.399212081418253,1.7071569271175309,3.6769533814839126,1.0587655942219305,amber,amber,green,amber,2.0,2.0,1.0,2.0,7.0,healthy,4.68,Pasta,American,55.0,9,Pasta and Noodles,Italian,recipe_images/recipe_374.jpg,Pasta
Super Moist Meatloaf,https://www.allrecipes.com/recipe/229330/super-moist-meatloaf/,main-dish,"This is a family recipe that is a big favorite at our house. By using fresh bread instead of dried bread crumbs, you get a meatloaf that is moist and delicious.","2 pounds ground beef ; ½  onion, chopped ; 2  eggs, beaten ; ¾ cup small chunks of bread ; ½ cup milk ; ½ cup chopped green bell pepper ; 1 ½ teaspoons salt ; ¼ teaspoon sage ; ¼ teaspoon ground black pepper ; ½ cup ketchup, or to taste","Preheat oven to 350 degrees F (175 degrees C). Thoroughly mix ground beef, onion, eggs, bread, milk, green bell pepper, salt, sage, and black pepper together in a bowl. Press into a loaf pan. Spread ketchup over the top of the loaf. Bake in the preheated oven until no longer pink in the center, about 45 minutes. An instant-read thermometer inserted into the center should read at least 160 degrees F (70 degrees C).",1 hr,8.0,1 meatloaf,261.7,10.783133848274652,4.2012209798472675,3.6410581825342985,1.2523139537428063,amber,amber,green,amber,2.0,2.0,1.0,2.0,7.0,healthy,4.35,Meatloaf Recipes,American,60.0,10,Meatloaf,American,recipe_images/recipe_378.jpg,Meat Dishes
Cajun Spiced Pork Chops,https://www.allrecipes.com/recipe/199581/cajun-spiced-pork-chops/,main-dish,This is an incredibly flavorful recipe that is quick and easy to make. Most people keep these spices stocked in their pantry!,1 teaspoon paprika ; ½ teaspoon ground cumin ; ½ teaspoon ground black pepper ; ½ teaspoon cayenne pepper ; ½ teaspoon rubbed dried sage leaves ; ½ teaspoon garlic salt ; 1 ½ teaspoons extra-virgin olive oil ; 4  center cut pork chops,"Mix paprika, cumin, black pepper, cayenne pepper, sage, and garlic salt on a plate. Liberally coat each pork chop with the spice mixture. Heat olive oil and several pumps of non-stick, butter-flavored spray in a large skillet over high heat. Place pork chops in the skillet, reducing heat to medium. Cook until the pork is no longer pink in the center, 8 to 10 minutes. An instant-read thermometer inserted into the center should read 145 degrees F (63 degrees C).",15 mins,4.0,4 servings,228.4,9.108532423208192,3.0143344709897613,0.0655290102389078,0.4454334470989761,amber,amber,green,amber,2.0,2.0,1.0,2.0,7.0,healthy,4.28,Pork,American,15.0,8,Pork,Cajun,recipe_images/recipe_381.jpg,Meat Dishes
Ranch Burgers,https://www.allrecipes.com/recipe/72715/ranch-burgers/,main-dish,The beef burgers stay juicy and delicious on the grill or stove top! Serve on buns with your favorite condiments.,"2 pounds lean ground beef ; 1 (1 ounce) package ranch dressing mix ; 1  egg, lightly beaten ; ¾ cup crushed saltine crackers ; 1  onion, chopped","Preheat the grill for high heat. In a bowl, mix the ground beef, ranch dressing mix, egg, crushed crackers, and onion. Form into hamburger patties. Lightly oil the grill grate. Place patties on the grill, and cook 5 minutes per side, or until well done.",25 mins,8.0,8 servings,268.0,10.73209478840298,4.024535545651118,0.4942412073606635,0.6931732933233307,amber,amber,green,amber,2.0,2.0,1.0,2.0,7.0,healthy,4.31,Burger Recipes,American,25.0,5,Burger,American,recipe_images/recipe_391.jpg,Burger
Asian Salmon,https://www.allrecipes.com/recipe/54702/asian-salmon/,main-dish,"Wild salmon is marinated and baked in an Asian-inspired soy and sesame sauce, served with hot cooked rice.","2 pounds salmon fillets, with skin ; 2 tablespoons olive oil ; 2 tablespoons rice vinegar ; 2 tablespoons soy sauce ; 1 tablespoon packed brown sugar ; 2 cloves garlic, minced ; 1 pinch ground black pepper ; 2 tablespoons minced onion ; 1 tablespoon sesame oil ; 2 cups long-grain white rice ; 1 teaspoon dried dill weed ; 3 cups water","Make several shallow slashes in the skinless side of the salmon fillets. Place fillets skin-side down in a glass baking dish. In a medium bowl, whisk together the olive oil, rice vinegar, soy sauce, brown sugar, garlic, pepper, onion and sesame oil. Pour the liquid over the salmon, cover, and refrigerate for 1 to 2 hours. Preheat the oven to 350 degrees F (175 degrees C). In a medium saucepan, combine the rice, water, and dill weed. Cover pan, bring to a boil, then reduce heat to low and cook 20 minutes, until rice is tender and water has been absorbed. Allow to stand for 5 minutes before removing lid and fluffing rice with a fork. Remove cover from salmon, and bake the fish and the marinade for about 30 minutes, or until fish can be flaked with a fork. Serve salmon over the rice, and pour sauce over.",1 hr 45 mins,8.0,8 servings,388.1,4.271982912068352,0.7831968672125312,0.6763972944108224,0.2478640085439658,amber,green,green,green,2.0,1.0,1.0,1.0,5.0,healthy,4.55,Seafood Main Dishes,Asian American,105.0,12,Seafood,Asian,recipe_images/recipe_395.jpg,Seafood
Instant Pot Pork Chops and Gravy,https://www.allrecipes.com/recipe/263333/instant-pot-pork-chops-and-gravy/,main-dish,"I seldom use canned soup, but I make an exception for this. So moist and tender, pure comfort food!","1 tablespoon avocado oil, or more as needed ; 5  bone-in pork chops, trimmed of fat ; ¼ teaspoon ground black pepper ; 1 large clove garlic, finely chopped ; ¼ cup dry white wine ; 1 (10.75 ounce) can  condensed cream of mushroom soup ; 1 ¼ cups water ; ¼ cup water ; 2 tablespoons all-purpose flour ; 1 teaspoon low-sodium soy sauce (such as Bragg)","Heat oil in the pot of an electric pressure cooker (such as Instant Pot) set on the Saute function. Season pork chops with black pepper. Cook 2 to 3 chops in the hot oil, flipping halfway, until browned, 7 to 8 minutes. Move to a plate; sear the remaining chops and place on a plate. Add garlic to the pot and cook until just fragrant, about 30 seconds. Deglaze the bottom of the pot with wine, scraping up any browned bits. Simmer until sauce is reduced by half, 5 to 7 minutes. Stir mushroom soup and 1 1/4 cup water into the pot with the sauce. Simmer until smooth, about 3 minutes. Add the seared pork chops and turn to coat. Close and lock the lid. Select high pressure according to manufacturer's instructions; set timer for 18 minutes. Allow 10 to 15 minutes for pressure to build. Release pressure using the natural-release method according to manufacturer's instructions, about 10 minutes. Remove chops from the pot. Mix 1/4 cup water and flour together; add slurry to the pot. Select Saute function and cook until gravy is thickened, about 3 minutes. Add soy sauce and stir well. Return chops to the pot and turn to coat.",1 hr 10 mins,5.0,5 pork chops,284.3,6.625974269884496,1.8029861958869375,0.4507465489717344,0.5501361630200019,amber,amber,green,amber,2.0,2.0,1.0,2.0,7.0,healthy,4.49,Pork,American,70.0,10,Pork,American,recipe_images/recipe_403.jpg,Meat Dishes
Classic Hamburger Pie,https://www.allrecipes.com/recipe/228637/classic-hamburger-pie/,main-dish,A classic hamburger pie recipe handed down from my mother.,"5  potatoes ; 1 pound ground beef ; ½ cup chopped onion ; 1 (16 ounce) can green beans, drained ; 1 (10.75 ounce) can  condensed tomato soup ; ½ cup warm milk ; 1  egg, beaten ; 2 cloves garlic, chopped ; ¼ teaspoon pepper ; ¼ teaspoon salt ; ½ cup shredded Cheddar cheese","Place potatoes into a large pot and cover with salted water; bring to a boil. Reduce heat to medium-low and simmer until tender, about 20 minutes; drain. Set aside to cool in a large bowl. Preheat oven to 350 degrees F (175 degrees C). Grease a 1 1/2-quart casserole dish. Heat a large skillet over medium-high heat. Cook and stir ground beef and onion in the hot skillet until the beef is crumbly, evenly browned, and no longer pink, about 10 minutes. Stir green beans and tomato soup into the ground beef mixture; transfer to prepared casserole dish. Mash the cooled potatoes with milk, egg, garlic, pepper, and salt; spoon in mounds over the ground beef mixture. Sprinkle Cheddar cheese over the potatoes. Bake in preheated oven until cheese is melted and edges of dish begin to brown, 25 to 30 minutes.",1 hr 10 mins,8.0,8 servings,285.4,3.3277705422978454,1.4895734808380834,1.7748109558921843,0.4140697346202034,amber,green,green,amber,2.0,1.0,1.0,2.0,6.0,healthy,4.39,Casserole Recipes,American,70.0,11,Casserole and Pies,American,recipe_images/recipe_417.jpg,Casserole and Pies
Lemony Steamed Fish,https://www.allrecipes.com/recipe/12768/lemony-steamed-fish/,main-dish,"Mild flavored, flaky fish fillets. Any number of different types of fish will work, and you can increase the recipe easily. Try halibut, cod, salmon, red snapper, trout, etc. Serve with a white and wild rice blend.","6 (6 ounce) halibut fillets ; 1 tablespoon dried dill weed ; 1 tablespoon onion powder ; 2 teaspoons dried parsley ; ¼ teaspoon paprika ; 1 pinch seasoned salt, or more to taste ; 1 pinch lemon pepper ; 1 pinch garlic powder ; 2 tablespoons lemon juice","Preheat oven to 375 degrees F (190 degrees C). Cut 6 foil squares large enough for each fillet. Center fillets on the foil squares and sprinkle each with dill weed, onion powder, parsley, paprika, seasoned salt, lemon pepper, and garlic powder. Sprinkle lemon juice over each fillet. Fold foil over fillets to make a pocket and fold the edges to seal. Place sealed packets on a baking sheet. Bake in the preheated oven until fish flakes easily with a fork, about 30 minutes.",45 mins,6.0,6 servings,142.4,0.6105081401085348,0.0555007400098668,0.3330044400592007,0.2551646521953626,green,green,green,green,1.0,1.0,1.0,1.0,4.0,healthy,4.22,Seafood Main Dishes,American,45.0,9,Seafood,International,recipe_images/recipe_418.jpg,Seafood
Quick and Easy Stuffed Peppers,https://www.allrecipes.com/recipe/14044/quick-and-easy-stuffed-peppers/,main-dish,"This microwave recipe is quick and very simple, and is a good meal for a busy work week. You can use any color peppers you like. Try using garbanzos instead of the kidney beans for a variation on this recipe.","2 large red bell peppers, halved and seeded ; 1 (8 ounce) can stewed tomatoes, with liquid ; ⅓ cup quick-cooking brown rice ; 2 tablespoons hot water ; 2  green onions, thinly sliced ; ½ cup frozen corn kernels, thawed and drained ; ½ (15 ounce) can kidney beans, drained and rinsed ; ¼ teaspoon crushed red pepper flakes ; ½ cup shredded mozzarella cheese ; 1 tablespoon grated Parmesan cheese","Arrange pepper halves in a 9 inch square glass baking dish. Cover dish with plastic wrap. Poke a few holes in the plastic wrap for vents, and heat 4 minutes in the microwave, or until tender. In a medium bowl, mix tomatoes and their liquid, rice, and water. Cover with plastic, and cook in the microwave for 4 minutes, or until rice is cooked. Stir green onions, corn, kidney beans, and red pepper flakes into the tomato mixture. Heat in the microwave for 3 minutes, or until heated through. Spoon hot tomato mixture evenly into pepper halves, and cover with plastic wrap. Poke a few holes in the plastic to vent steam, and heat in the microwave 4 minutes.  Remove plastic, sprinkle with mozzarella cheese and Parmesan cheese, and allow to stand 1 to 2 minutes before serving.",30 mins,4.0,4 servings,179.1,3.200921477395008,1.527712523302163,4.655885785301829,0.6400024249405132,amber,amber,green,amber,2.0,2.0,1.0,2.0,7.0,healthy,4.36,Stuffed,American,30.0,10,Stuffed Dishes,American,recipe_images/recipe_420.jpg,Stuffed Dishes
Roasted Cherry Tomatoes with Angel Hair,https://www.allrecipes.com/recipe/254874/roasted-cherry-tomatoes-with-angel-hair/,main-dish,This is something I threw together one day when I was faced with an abundance of fresh cherry tomatoes and basil from my garden. Delish!,"1 (10 ounce) basket cherry tomatoes, halved ; 1 tablespoon olive oil ; 1 teaspoon minced garlic ;   salt and ground black pepper to taste ; 4 ounces angel hair pasta ; 3  basil leaves, cut into thin strips, or more to taste ; 1 dash red pepper flakes ; 2 tablespoons fresh grated Parmesan cheese, or to taste  (Optional)","Preheat oven to 375 degrees F (190 degrees C). Combine tomatoes, olive oil, garlic, salt, and pepper in a bowl until well mixed; spread on a shallow-sided baking sheet. Bake in the preheated oven until tomatoes are soft and wrinkled, 25 to 30 minutes. Bring a large pot of lightly salted water to a boil. Cook angel hair pasta in the boiling water, stirring occasionally until tender yet firm to the bite, 4 to 5 minutes. Drain; reserving a small amount of cooking water. Spoon tomatoes with their juices into a small saucepan; add basil and red pepper flakes. Mix in reserved cooking water to thin tomato mixture to desired consistency. Cook and stir over low heat until warmed, about 5 minutes; stir in pasta. Top with Parmesan cheese before serving.",59 mins,2.0,2 servings,287.3,4.8746838353644515,0.8737640836974018,0.5978385835824328,0.3258220280524258,amber,green,green,amber,2.0,1.0,1.0,2.0,6.0,healthy,4.63,Pasta,Italian,59.0,8,Pasta and Noodles,Italian,recipe_images/recipe_424.jpg,Pasta
Easy Salsa Meatloaf,https://www.allrecipes.com/recipe/88281/easy-salsa-meatloaf/,main-dish,"A crowd pleasing meatloaf, may be made with ground beef or ground turkey. Both are yummy.","1 pound ground beef sirloin ; ½ cup salsa ; ½ cup Italian seasoned bread crumbs ; ½ cup shredded Cheddar cheese ; 1  egg, lightly beaten ; 3 cloves garlic, minced ;   dried parsley to taste ;   salt and pepper to taste","Preheat oven to 350 degrees F (175 degrees C). In a large bowl, mix the ground sirloin, salsa, bread crumbs, cheese, egg, and garlic. Season with parsley, salt, and pepper. Transfer to a 5x9 inch loaf pan. Bake 45 minutes in the preheated oven, or to a minimum internal temperature of 160 degrees F (72 degrees C).",1 hr,6.0,6 servings,220.7,9.964315124897064,4.611583859456491,1.1528959648641228,0.8599368652209718,amber,amber,green,amber,2.0,2.0,1.0,2.0,7.0,healthy,4.48,Meatloaf Recipes,American,60.0,8,Meatloaf,American,recipe_images/recipe_430.jpg,Meat Dishes
Easy Salisbury Steak,https://www.allrecipes.com/recipe/229359/easy-salisbury-steak/,main-dish,"My mom would make this for us growing up. It was one of those easy dinners that we all loved to eat at the family table. Now we are still passing it down. My 17-month-old daughter LOVES this recipe. You can add other vegetables if you want (i.e. green onions, fennel, mushrooms, etc.). It can also be made with ground pork.","1 pound ground beef ; ½ cup rolled oats ; 1  egg, beaten ; 2 tablespoons Worcestershire sauce ; 2 tablespoons ketchup ; 2 tablespoons water ; 1 ½ teaspoons dried minced onion ; ½ teaspoon salt ; ¼ teaspoon ground black pepper ; 1 large onion, sliced into rings ; 1 (10.75 ounce) can  condensed cream of mushroom soup ; 1 (10.75 ounce) can  milk","Preheat oven to 350 degrees F (175 degrees C). Mix ground beef, oats, egg, Worcestershire sauce, ketchup, water, dried minced onion, salt, and pepper in a bowl until evenly combined; shape into 6 oval-shaped patties. Heat a large skillet over medium heat. Cook patties in hot skillet until browned completely, 2 minutes per side. Transfer browned patties to a baking dish. Top patties with onion rings. Stir mushroom soup and milk together in a bowl; pour over patties. Cover baking dish with aluminum foil. Bake in preheated oven until firm, hot, and grey in the center, about 45 minutes. An instant-read thermometer inserted into the center should read 160 degrees F (70 degrees C).",1 hr 5 mins,6.0,6 servings,260.2,6.331277402095563,2.318495950063164,2.719774095266404,0.7917440737162815,amber,amber,green,amber,2.0,2.0,1.0,2.0,7.0,healthy,4.43,Beef,American,65.0,12,Beef,American,recipe_images/recipe_445.jpg,Meat Dishes
Grandma's Pork Chops in Mushroom Gravy,https://www.allrecipes.com/recipe/75947/grandmas-pork-chops-in-mushroom-gravy/,main-dish,"This is my Grandma's recipe that she gave me when I got married. Pork chops are baked then served with a rich mushroom sauce. It takes a little bit of work, but is great for a special dinner - my husband loves it!","1 tablespoon butter ; 1 clove garlic, pressed ; 6  pork chops ;   salt and pepper to taste ; 1 (8 ounce) can mushrooms, drained ; 1 cup dry sherry ; 1 (10.5 ounce) can beef broth ; 2 tablespoons cornstarch ; 2 tablespoons water","Preheat the oven to 350 degrees F (175 degrees C). Melt the butter in a large skillet over medium heat. Add garlic, and saute until fragrant. Season pork chops with salt and pepper, then fry them in the skillet just until browned on both sides, about 3 minutes per side. Remove the pork chops to a baking pan or Dutch oven. Pour the mushrooms into the skillet with the pork drippings and garlic, and stir in the sherry and beef broth, scraping any bits of pork that are stuck to the pan. Bring to a boil, then pour over the pork chops in the baking pan. Cover with a lid, or aluminum foil. Bake for 45 minutes in the preheated oven, then remove the lid or foil, and continue to bake for another 15 minutes. Remove the chops from the pan to a serving platter, and place the dish on the stove over medium heat. Stir together the cornstarch and water. When the juices in the pan come to a boil, slowly stir in the cornstarch mixture and cook until thickened, about 2 minutes. Spoon sauce over the chops, and serve.",1 hr 15 mins,6.0,6 servings,208.7,3.066874911259406,1.287330209664442,0.3407638790288229,0.5764588953570922,amber,green,green,amber,2.0,1.0,1.0,2.0,6.0,healthy,4.31,Pork,North American American,75.0,9,Pork,American,recipe_images/recipe_454.jpg,Meat Dishes
Apple Cider Sauce and Pork Loin Chops,https://www.allrecipes.com/recipe/88123/apple-cider-sauce-and-pork-loin-chops/,main-dish,"Seasoned pork loin chops baked with apple cider and Worcestershire sauce and finished with sherry make even the pickiest husband say, 'Wow!' Serve with mashed potatoes.","3 tablespoons olive oil ; 4  pork loin chops ;   seasoning salt to taste ;   black pepper to taste ;   garlic powder to taste ; ½ teaspoon poultry seasoning ; 3 tablespoons Worcestershire sauce ; 1 (8 ounce) container frozen apple cider concentrate, undiluted ; ¼ cup dry sherry","Preheat oven to 375 degrees F (190 degrees C). Heat olive oil in a large oven-safe frying pan over medium-high heat. Sprinkle chops with salt, pepper, garlic powder, and poultry seasoning. Place in hot oil, and brown on both sides. Drizzle Worcestershire sauce over chops, and pour in apple cider. Bake in preheated oven for 25 minutes. Remove chops to a plate, and return frying pan to stove over medium-high heat. Stir sherry into pan, and boil until sauce thickens, stirring frequently. Serve sauce over chops.",55 mins,4.0,4 servings,324.8,12.616378491354745,2.888086642599278,17.86053581607448,0.5838875166254989,amber,amber,amber,amber,2.0,2.0,2.0,2.0,8.0,healthy,4.5,Pork,U.S.,55.0,9,Pork,American,recipe_images/recipe_462.jpg,Meat Dishes
Vegetarian Sloppy Joes,https://www.allrecipes.com/recipe/163867/vegetarian-sloppy-joes/,main-dish,"This is a combination of many recipes and experimentation. It has gotten the thumbs-up from all who have tried it so far. It can also be made with TVP, ground turkey, or even ground beef instead of tempeh.","¼ cup vegetable oil ; ½ cup minced onion ; 2 (8 ounce) packages tempeh ; ½ cup minced green bell pepper ; 2 cloves garlic, minced ; ¼ cup tomato sauce ; 1 tablespoon vegetarian Worcestershire sauce ; 1 tablespoon honey ; 1 tablespoon blackstrap molasses ; ¼ teaspoon cayenne pepper ; ¼ teaspoon celery seed ; ¼ teaspoon ground cumin ; ¼ teaspoon salt ; ½ teaspoon ground coriander ; ½ teaspoon dried thyme ; ½ teaspoon oregano ; ½ teaspoon paprika ; 1 pinch ground black pepper ;   hamburger buns","Heat oil in a deep, 10-inch skillet over medium-low heat. Cook the onion in the oil until translucent. Crumble the tempeh into the skillet; cook and stir until golden brown. Add the green pepper and garlic; cook another 2 to 3 minutes. Stir in the tomato sauce, Worcestershire sauce, honey, molasses, cayenne pepper, celery seed, cumin, salt, coriander, thyme, oregano, paprika, and black pepper; stir. Simmer another 10 to 15 minutes. Spoon hot onto hamburger buns to serve.",40 mins,6.0,6 sandwiches,383.9,16.58713180845812,3.808270058064364,7.447283669103647,0.8989633042619712,amber,amber,amber,amber,2.0,2.0,2.0,2.0,8.0,healthy,4.17,Sandwich Recipes,American,40.0,19,Sandwich,American,recipe_images/recipe_470.jpg,Sandwiches and Tacos
Easy Lemon-Shrimp Pasta,https://www.allrecipes.com/recipe/277135/easy-lemon-shrimp-pasta/,main-dish,"This lemon-shrimp pasta is quick, lemony, and a very merry light dish!","6 ounces penne pasta ; 2 tablespoons butter ; 1 cup red bell pepper strips ; 1 teaspoon minced fresh garlic ; ½ pound uncooked medium shrimp, peeled and deveined ; 3 tablespoons lemon juice ; ½ teaspoon lemon zest, or more to taste ; 2 tablespoons Parmesan cheese, or to taste  (Optional); 1 tablespoon chopped fresh parsley, or to taste  (Optional)","Bring a large pot of lightly salted water to a boil. Add penne and cook, stirring occasionally, until tender yet firm to the bite, about 11 minutes. Drain and set aside. Meanwhile, melt butter in a 10-inch skillet over medium heat. Add red pepper strips and garlic; cook until peppers are tender and crisp, 2 to 3 minutes. Add shrimp and lemon juice; stir constantly until shrimp turn bright pink on the outside and the meat is opaque, 4 to 6 minutes. Add cooked pasta and lemon zest and toss lightly to coat. Serve sprinkled with Parmesan cheese and parsley.",35 mins,4.0,4 servings,270.0,6.326611308817713,3.479636219849743,2.3724792408066424,0.3610122578094107,amber,amber,green,amber,2.0,2.0,1.0,2.0,7.0,healthy,4.78,Pasta,,35.0,9,Pasta and Noodles,Italian,recipe_images/recipe_472.jpg,Pasta
Rotini with Broccoli,https://www.allrecipes.com/recipe/135759/rotini-with-broccoli/,main-dish,"This recipe combines fresh broccoli with the delicious and complementary flavors of lemon and garlic. Plus, it's fast and easy.","1 ½ cups chopped fresh broccoli ; 1 (16 ounce) package uncooked rotini pasta ; ½ cup olive oil ; 4 cloves garlic, chopped ; 1 pinch crushed red pepper flakes ; 1 cup chicken broth ; ½ cup lemon juice ;   salt and ground black pepper to taste ; ¼ cup freshly grated Parmesan cheese","Fill a large pot with lightly salted water and bring to a rolling boil over high heat. Stir in the broccoli, and cook, uncovered, for 3 minutes. Remove the broccoli with a slotted spoon; set aside. Stir the rotini into the same pot, and return to a boil. Cook uncovered, stirring occasionally, until the pasta is cooked through, but still firm to the bite, about 8 minutes. Drain. Heat olive oil in a skillet over medium heat; cook and stir the garlic and crushed red pepper for 1 minute. Stir in the broccoli, chicken broth, lemon juice, salt, and black pepper. Bring to a boil; reduce the heat to medium-low and simmer until the broccoli is tender, about 5 minutes. Stir in the drained pasta; cook over low heat for 1 minute. Stir in the Parmesan cheese.",30 mins,6.0,9 cups,470.5,16.0828025477707,2.627388535031847,2.3885350318471334,0.1267914012738853,amber,amber,green,green,2.0,2.0,1.0,1.0,6.0,healthy,4.03,Pasta,American,30.0,9,Pasta and Noodles,Italian,recipe_images/recipe_474.jpg,Pasta
Grilled Brown Sugar Pork Chops,https://www.allrecipes.com/recipe/35200/grilled-brown-sugar-pork-chops/,main-dish,The best juicy and sweet pork chops we have ever eaten!  Our family favorite!,"½ cup brown sugar, firmly packed ; ½ cup apple juice ; 4 tablespoons vegetable oil ; 1 tablespoon soy sauce ; ½ teaspoon ground ginger ;   salt and pepper to taste ; 2 teaspoons cornstarch ; ½ cup water ; 6  boneless pork chops","Preheat an outdoor grill for high heat. In a small saucepan, combine brown sugar, apple juice, oil, soy sauce, ginger, salt , and pepper.  Bring to boil.  Combine water and cornstarch in small bowl, and whisk into brown sugar mixture.  Stir until thick. Brush grate lightly with oil before placing pork chops on the grill. Cook over hot coals for 10 to 12 minutes, turning once.  Brush with sauce just before removing chops from grill.  Serve with remaining sauce.",40 mins,6.0,6 servings,262.2,7.399849962490622,1.620405101275319,10.856714178544635,0.2410352588147037,amber,amber,amber,green,2.0,2.0,2.0,1.0,7.0,healthy,4.29,Pork,American,40.0,9,Pork,American,recipe_images/recipe_479.jpg,Meat Dishes
Instant Pot Guinness Corned Beef,https://www.allrecipes.com/recipe/272352/instant-pot-guinness-corned-beef/,main-dish,Corned beef topped with brown sugar and cooked in Guinness in an Instant Pot. Delicious!,"2 cups water ; 1 (12 fluid ounce) can or bottle dark beer (such as Guinness) ; 4 cloves garlic, minced ; 1 (3 pound) corned beef brisket with spice packet ; 1 cup brown sugar ; 10  baby red potatoes, quartered ; 4 large carrots, peeled and cut into matchstick pieces ; 1  onion, peeled and cut into bite-sized pieces ; ½ head cabbage, coarsely chopped","Combine water, beer, and garlic in a multi-functional pressure cooker (such as Instant Pot). Place trivet inside. Rub all sides of brisket with brown sugar. Place on the trivet and sprinkle spice packet on top. Close and lock the lid. Select high pressure according to manufacturer's instructions; set timer for 90 minutes. Allow 10 to 15 minutes for pressure to build. Release pressure carefully using the quick-release method according to manufacturer's instructions, about 5 minutes. Unlock and remove the lid. Transfer brisket to a baking sheet. Cover brisket with aluminum foil; let rest for 15 minutes. Meanwhile, remove the trivet from the pot. Place potatoes, carrots, onion, and cabbage in the bottom of the pressure cooker. Close and lock the lid. Select high pressure according to manufacturer's instructions; set timer for 5 minutes. Allow 10 to 15 minutes for pressure to build. Release pressure carefully using the quick-release method according to manufacturer's instructions, about 5 minutes. Unlock and remove the lid. Serve vegetables with rested brisket.",2 hrs 35 mins,12.0,12 servings,260.3,2.32267430138312,0.7742247671277068,5.226017178112021,0.362312996491794,green,green,amber,amber,1.0,1.0,2.0,2.0,6.0,healthy,4.7,Beef,Irish,155.0,9,Beef,Irish,recipe_images/recipe_485.jpg,Meat Dishes
Air Fryer Keto Pork Chops,https://www.allrecipes.com/recipe/278092/air-fryer-keto-pork-chops/,main-dish,"These pork chops are crispy, tasty and tender. Perfect for one of those last minute dinners. Plus, cleanup is quick and easy.","4 each boneless pork chops, 1/2-inch thick ; 1 pinch salt and ground black pepper to taste ; 1  egg ; ⅓ cup grated Parmesan cheese ; ⅓ cup almond flour ; ½ teaspoon salt ; ¼ teaspoon pepper ; ¼ teaspoon garlic powder ; 1  serving avocado oil cooking spray","Season pork chops with salt and pepper on both sides. Beat egg in a medium bowl. Mix Parmesan cheese, almond flour, 1/2 teaspoon salt, 1/4 teaspoon pepper, and garlic powder together in a second bowl. Dip each pork chop in egg, then in Parmesan-flour mixture to coat. Place in the air fryer basket and spritz with avocado oil. Cook in an air fryer at 375 degrees F (190 degrees C) until lightly browned, 8 to 10 minutes. Flip pork chops over, spritz with avocado oil and cook until pork is no longer pink in the center, 3 to 4 minutes more.",25 mins,4.0,4 servings,364.7,9.696519376785009,2.786356142754313,0.3343627371305175,0.718322613602062,amber,amber,green,amber,2.0,2.0,1.0,2.0,7.0,healthy,5.0,Pork,American,25.0,9,Pork,American,recipe_images/recipe_519.jpg,Meat Dishes
Healthy Creamy Chicken and Pasta,https://www.allrecipes.com/recipe/223437/healthy-creamy-chicken-and-pasta/,main-dish,"Being on a diet, the words creamy and pasta usually are reserved for only my cheat days. I wanted to make something and not feel guilty about eating it, so I whipped this up in the kitchen. It's delicious and very adaptable; change it up however you like! Has a nice little bite with the red pepper flakes added. This would also be fantastic with onion added.","1 (8 ounce) package whole wheat penne pasta ; 2 tablespoons olive oil ; 3 tablespoons minced garlic ; 1 pound skinless, boneless chicken breasts, cubed ; 1 (8 ounce) package sliced fresh mushrooms ; 1 (10.5 ounce) can fat-free cream of mushroom soup ; ½ cup water, or as needed ; 1 pinch garlic salt, or to taste ; 1 pinch red pepper flakes, or to taste","Fill a large pot with lightly salted water and bring to a boil. Stir in penne and return to a boil. Cook pasta uncovered, stirring occasionally, until cooked through but still firm to the bite, about 11 minutes; drain. Cook and stir olive oil and garlic in a large skillet over high heat just until brown and fragrant, about 2 minutes. Add chicken and mushrooms; stir to coat with garlic and olive oil. Cook chicken until no longer pink in the center and the juices run clear, 6 to 8 minutes. Stir in cream of mushroom soup; gradually add 1/2 cup of water about 1 tablespoon at a time, adding enough to make sauce light and creamy. Reduce heat to medium-low heat and gently fold pasta into the chicken and sauce until coated. Add garlic salt and red pepper to taste; remove from heat and serve.",30 mins,4.0,4 servings,471.7,4.764575074929905,0.9281639756356956,1.2375519675142608,0.4851977182635599,amber,green,green,amber,2.0,1.0,1.0,2.0,6.0,healthy,3.88,Pasta,,30.0,9,Pasta and Noodles,Italian,recipe_images/recipe_520.jpg,Pasta
Kendra's Maid-Rite Sandwiches,https://www.allrecipes.com/recipe/154821/kendras-maid-rite-sandwiches/,main-dish,Easiest Maid-Rite recipe EVER!!,"2 pounds ground beef ; 1  chopped onion ; ¾ cup ketchup ; 2 tablespoons brown sugar ; 2 tablespoons distilled white vinegar ; 1 tablespoon Worcestershire sauce ; 2 teaspoons prepared yellow mustard ; ½ teaspoon salt ; 16  hamburger buns, warmed","Heat a large skillet over medium-high heat and stir in the ground beef and onion. Cook and stir until the beef is crumbly, evenly browned, and no longer pink. Drain and discard any excess grease. Stir in the ketchup, brown sugar, vinegar, Worcestershire sauce, mustard, and salt. Bring to a simmer, then reduce heat to medium-low, cover, and simmer 20 minutes longer. Serve on warmed buns.",45 mins,16.0,16 sandwiches,244.4,7.33907127763748,2.5563057259186723,3.793227851363191,0.9948976962325417,amber,amber,green,amber,2.0,2.0,1.0,2.0,7.0,healthy,4.2,Sandwich Recipes,U.S. American,45.0,9,Sandwich,American,recipe_images/recipe_522.jpg,Sandwiches and Tacos
Easy Maple Pork Chops,https://www.allrecipes.com/recipe/230247/easy-maple-pork-chops/,main-dish,Super easy and tasty pork chops.,4 (1-inch thick) bone-in pork chops ; ¼ cup real maple syrup ; ¼ cup water ; ¼ cup chopped onion ; 1 tablespoon white vinegar ; 1 tablespoon Worcestershire sauce ; ½ teaspoon chili powder ;   salt and ground black pepper to taste,"Preheat oven to 400 degrees F (200 degrees C). Heat a skillet over medium-high heat. Sear the pork chops in the preheated skillet until browned, 2 to 3 minutes per side. Arrange seared chops into a casserole dish. Whisk maple syrup, water, onion, vinegar, Worcestershire sauce, chili powder, salt, and pepper together in a bowl to dissolve the chili powder; pour over the pork chops. Bake in preheated oven until the chops are no longer pink in the center, about 45 minutes.",1 hr,4.0,4 pork chops,319.9,7.48051948051948,2.9090909090909096,7.48051948051948,0.1456029684601112,amber,amber,amber,green,2.0,2.0,2.0,1.0,7.0,healthy,4.23,Pork,American,60.0,8,Pork,American,recipe_images/recipe_535.jpg,Meat Dishes
"Bow Tie Pasta with Broccoli, Garlic, and Lemon",https://www.allrecipes.com/recipe/108980/bow-tie-pasta-with-broccoli-garlic-and-lemon/,main-dish,"Pasta tossed with a garlic & lemon sauce. So simple, yet so delicious.","¼ cup extra-virgin olive oil ; 3 cloves garlic, minced ; 3 tablespoons freshly squeezed lemon juice ; ½ teaspoon salt ; ⅛ teaspoon ground black pepper ; 1 (8 ounce) package farfalle (bow tie) pasta ; 1 head broccoli, cut into florets ; ¼ cup grated Parmesan cheese","Warm olive oil in a small frying pan over low heat. Slowly cook garlic in oil until golden, about 2 to 3 minutes. Be very careful not to burn garlic. Stir in lemon juice, and season with salt and pepper. Meanwhile, cook pasta in a large pot of boiling salted water. About 5 minutes before pasta is done, drop broccoli into the pasta water. Continue to cook until pasta is cooked and broccoli is crisp-tender. Drain. Toss pasta, broccoli, and lemon sauce in a large bowl. Sprinkle with grated Parmesan cheese.",25 mins,4.0,4 servings,380.1,13.734945842906557,2.5046077713535486,2.827782967657232,0.7984447193677885,amber,amber,green,amber,2.0,2.0,1.0,2.0,7.0,healthy,4.22,Pasta,American,25.0,8,Pasta and Noodles,Italian,recipe_images/recipe_544.jpg,Pasta
Meyer Lemon Avocado Toast,https://www.allrecipes.com/recipe/257457/meyer-lemon-avocado-toast/,main-dish,"I like to use this recipe when I have a ripe avocado that I don't want to waste. It is absolutely delicious and a wonderful source of fiber and fatty acids. Feel free to get creative with the ingredients! Substitute cilantro with mint or parsley, or chia seeds with sesame or poppy seeds.","2 slices whole grain bread ; ½  avocado ; 2 tablespoons chopped fresh cilantro, or more to taste ; 1 teaspoon Meyer lemon juice, or to taste ; ¼ teaspoon Meyer lemon zest ; 1 pinch cayenne pepper ; 1 pinch fine sea salt ; ¼ teaspoon chia seeds","Toast bread slices to desired doneness, 3 to 5 minutes. Mash avocado in a bowl; stir in cilantro, Meyer lemon juice, Meyer lemon zest, cayenne pepper, and sea salt. Spread avocado mixture onto toast and top with chia seeds.",13 mins,2.0,2 servings,72.2,2.0168067226890756,0.3361344537815126,3.025210084033614,1.1373949579831932,green,green,green,amber,1.0,1.0,1.0,2.0,5.0,healthy,4.78,Sandwich Recipes,American,13.0,8,Sandwich,American,recipe_images/recipe_545.jpg,Sandwiches and Tacos
Cola Pork Chops,https://www.allrecipes.com/recipe/21291/cola-pork-chops/,main-dish,"This is a tried and true recipe for pork chops, but it works great using chicken too. With chicken, cooking time is more like 40 minutes for thick breasts.",1 cup ketchup ; 1 cup cola-flavored carbonated beverage ; 2 tablespoons brown sugar ; 8  pork chops ;   salt and pepper to taste,"Preheat oven to 350 degrees F (175 degrees C). Mix together the ketchup, cola and brown sugar. Place pork chops  into a baking pan and pour cola mixture over, coating well.  Sprinkle with salt and pepper. Bake for about one hour depending on the thickness of the pork chop.",1 hr 10 mins,8.0,8 servings,170.6,3.8565833082253698,1.385959626393492,8.134980415787888,0.538113889725821,amber,green,amber,amber,2.0,1.0,2.0,2.0,7.0,healthy,4.12,Pork,American,70.0,5,Pork,American,recipe_images/recipe_550.jpg,Meat Dishes
Dijon Crusted Halibut,https://www.allrecipes.com/recipe/22540/dijon-crusted-halibut/,main-dish,"Delightful baked halibut breaded with a spicy mixture of Dijon mustard, horseradish, fresh Parmesan cheese and bread crumbs.","¼ cup mayonnaise ; 1 tablespoon prepared Dijon-style mustard ; 1 tablespoon prepared horseradish ; 1 tablespoon fresh lemon juice ; ¼ cup dry bread crumbs ; 1 tablespoon grated Parmesan cheese ; 4 (4 ounce) fillets halibut ; 1 tablespoon margarine, melted ; ¼ cup dry bread crumbs ; 1 tablespoon grated Parmesan cheese","Preheat oven to 350 degrees F (175 degrees C). Lightly grease a baking sheet. In a small bowl, mix together mayonnaise, mustard, horseradish, and lemon juice. Stir in 1/4 cup bread crumbs and 1 tablespoon Parmesan cheese. Arrange fish fillets on the prepared baking sheet. Spread bread crumb mixture evenly over fish. In a small bowl, mix together melted margarine, 1/4 cup bread crumbs, and 1 tablespoon Parmesan cheese. Sprinkle over the coated halibut. Bake for 15 to 18 minutes, or until fish flakes easily with a fork.",30 mins,4.0,4 servings,318.1,12.190340402780253,1.9247905899126716,0.9980395651399036,0.7381928355016931,amber,amber,green,amber,2.0,2.0,1.0,2.0,7.0,healthy,4.39,Seafood Main Dishes,U.S.,30.0,10,Seafood,American,recipe_images/recipe_573.jpg,Seafood
Breaded Baked Pork Chops,https://www.allrecipes.com/recipe/277231/breaded-baked-pork-chops/,main-dish,"This is a great, basic recipe for breaded baked pork chops. Feel free to experiment with different seasonings and breading. We just did a batch using honey-wheat bread crumbs which gave a slightly sweet taste that balanced our chosen Cajun seasoning.","6  pork chop cutlets ; 1 teaspoon garlic powder ; 1 teaspoon seasoning salt ; ¼ cup all-purpose flour ; 2 large eggs, beaten ; 2 cups dry bread crumbs ; ¼ cup olive oil ;   aluminum foil","Preheat the oven to 350 degrees F (175 degrees C). Season pork chops with garlic powder and seasoning salt. Dredge chops in flour; shake off excess. Dip into beaten egg. Lift up so excess egg drips back in the bowl. Press into bread crumbs to coat both sides. Place the breaded chops, unstacked, onto a plate. Heat oil in a skillet over medium-heat. Cook pork chops in hot oil until breading appears well browned, about 5 minutes per side. Transfer pork chops to a 9x13-inch baking dish and cover with aluminum foil. Bake in the preheated oven until pork chops are cooked through, 60 to 90 minutes. An instant-read thermometer inserted into the center should read 145 degrees F (63 degrees C).",1 hr 20 mins,6.0,6 servings,450.7,8.311240721102862,1.988335100742312,0.994167550371156,0.4936041887592788,amber,amber,green,amber,2.0,2.0,1.0,2.0,7.0,healthy,4.5,Pork,American,80.0,8,Pork,American,recipe_images/recipe_575.jpg,Meat Dishes
Tomato Pork Loin Chops,https://www.allrecipes.com/recipe/62883/tomato-pork-loin-chops/,main-dish,"Rich, tasty, and easy to make with delicious, on hand ingredients! Serve with egg noodles, if you want.","2 tablespoons olive oil, divided ; 4  boneless pork loin chops, pounded thin ; 1 large onion, sliced ; ½ teaspoon sugar ; 2 teaspoons chili powder ; ½ teaspoon fennel seeds, crushed ; ½ teaspoon red pepper flakes ; 1 teaspoon dried oregano ; 1 (8 ounce) can tomato sauce ; 2 fluid ounces water ; 1 teaspoon Worcestershire sauce ;   salt and pepper to taste","Heat the oil in a skillet over high heat, and quickly brown the pork chops on both sides. Transfer chops to platter, and keep warm. Reduce skillet heat to medium, and cook the onion until tender. Mix in the sugar, chili powder, fennel, red pepper flakes, and oregano. Stir in the tomato sauce, water, and Worcestershire sauce, and bring to a boil. Return the pork chops to the skillet. Cover, reduce heat to low, and cook 10 minutes. Remove cover, and continue cooking 15 minutes, or to desired doneness.",50 mins,4.0,4 servings,193.4,7.727260924882508,1.8071819904967152,2.866564536649962,0.5293796899748137,amber,amber,green,amber,2.0,2.0,1.0,2.0,7.0,healthy,4.27,Pork,American,50.0,12,Pork,International,recipe_images/recipe_585.jpg,Meat Dishes
Ukrainian Cabbage Rolls,https://www.allrecipes.com/recipe/21732/ukrainian-cabbage-rolls/,main-dish,"My parents are Ukrainian and this is a recipe we always made when I was growing up. These cabbage rolls have no meat in them.  Sometimes they used salt pork in them, but I didn't care for it.","1 medium head cabbage ; 1 ½ cups uncooked white rice ; 2 tablespoons butter ; 1  onion, chopped ;   salt and pepper to taste ; 1 (46 fluid ounce) can tomato juice","Preheat oven to 325 degrees F (165 degrees C).  Grease a 2 quart casserole dish. Steam the whole head of cabbage until it is al dente.  Meanwhile, in a saucepan bring 3 cups of water to a boil. Add rice and stir. Reduce heat, cover and simmer for 20 minutes. Melt butter in a small skillet over medium heat.  Saute onion until translucent; stir into cooked rice.  Season with salt and pepper to taste. Cut the leaves off of the cabbage and cut the larger leaves in half.  Spoon 1 tablespoon of rice into a leaf and roll tightly.  Place rolls in prepared casserole dish, stacking in layers.  Pour tomato juice over the rolls, using enough just to cover. Cover and bake in preheated oven for 2 hours.",2 hrs 30 mins,8.0,8 servings,206.6,1.7852588625350674,0.9691405253761796,3.621525121142565,0.6648814078041315,green,green,green,amber,1.0,1.0,1.0,2.0,5.0,healthy,4.2,Stuffed,Ukrainian Eastern European,150.0,6,Stuffed Dishes,Ukrainian,recipe_images/recipe_598.jpg,Stuffed Dishes
Linguine Pasta with Shrimp and Tomatoes,https://www.allrecipes.com/recipe/139510/linguine-pasta-with-shrimp-and-tomatoes/,main-dish,"When your homegrown tomatoes are ripe, this is a perfect recipe to use lots of them and have a mouthwatering meal.  Canned tomatoes can also be used.","2 tablespoons olive oil ; 3 cloves garlic, minced ; 4 cups diced tomatoes ; 1 cup dry white wine ; 2 tablespoons butter ;   salt and black pepper to taste ; 1 (16 ounce) package linguine pasta ; 1 pound peeled and deveined medium shrimp ; 1 teaspoon Cajun seasoning ; 2 tablespoons olive oil","Heat 2 tablespoons of olive oil in a large saucepan over medium heat. Stir in the garlic; cook 2 minutes. Add the tomatoes, and wine. Bring to a simmer and cook 30 minutes, stirring frequently. Once the tomatoes have simmered into a sauce, stir in the butter and season with salt and pepper. Fill a large pot with lightly-salted water; bring to a rolling boil; stir in the linguine and return to a boil. Cook the pasta uncovered, stirring occasionally, until the pasta has cooked through but is still firm to the bite, about 11 minutes. Drain well in a colander set in the sink. Season the shrimp with the Cajun seasoning, salt, and pepper. Heat the remaining 2 tablespoons of olive oil in a large skillet over medium-high heat. Stir in the shrimp and cook until pink on the outside and no longer translucent in the center, about 5 minutes. Stir the shrimp into the pasta sauce, then stir the sauce into the linguine to serve.",55 mins,6.0,6 servings,520.3,5.10408961217373,1.3632040579097535,1.9338476170347667,0.1827644510197612,amber,green,green,green,2.0,1.0,1.0,1.0,5.0,healthy,4.64,Pasta,American,55.0,10,Pasta and Noodles,Italian,recipe_images/recipe_602.jpg,Pasta
Easy Caramelized Onion Pork Chops,https://www.allrecipes.com/recipe/31096/easy-caramelized-onion-pork-chops/,main-dish,Caramelized onions give the flavor to these easy to make pork chops - yummy!  Great with parsley potatoes!,"1 tablespoon vegetable oil ; 4 (4 ounce) pork loin chops, 1/2 inch thick ; 3 teaspoons seasoning salt ; 2 teaspoons ground black pepper ; 1  onion, cut into strips ; 1 cup water","Rub chops with 2 teaspoons seasoning salt and 1 teaspoon pepper, or to taste. In a skillet, heat oil over medium heat.  Brown pork chops on each side.  Add the onions and water to the pan. Cover, reduce heat, and simmer for 20 minutes. Turn chops over, and add remaining salt and pepper. Cover, and cook until water evaporates and onions turn light to medium brown.  Remove chops from pan, and serve with onions on top.",45 mins,4.0,4 servings,47.3,2.2215169787369087,0.3808314820691844,0.7616629641383688,1.097270707711837,green,green,green,amber,1.0,1.0,1.0,2.0,5.0,healthy,4.3,Pork,American,45.0,6,Pork,American,recipe_images/recipe_603.jpg,Meat Dishes
Drunken Shrimp,https://www.allrecipes.com/recipe/188957/drunken-shrimp/,main-dish,Spicy large shrimps cooked in beer which my mom makes during weekends.,"2 tablespoons canola oil ; 1  onion, chopped ; 6 cloves garlic, chopped ; 2 tablespoons minced fresh ginger root ; 2 pounds large shrimp, peeled and deveined ; 1 pinch salt ; ½ teaspoon ground black pepper ; 1 tablespoon red pepper flakes, or to taste ; ¾ cup beer ; ¼ cup ketchup ; 1 tablespoon white sugar ; 1 tablespoon cornstarch ; 1 tablespoon water ; 1 tablespoon toasted sesame oil ; 3  green onions, chopped","Heat canola oil in a large skillet over high heat, and cook and stir onion, garlic, and ginger just until fragrant, about 15 seconds. Add the shrimp, salt, and black pepper, and cook and stir until the shrimp is slightly pink, about 5 minutes. Stir in the beer, ketchup, and sugar, and bring the sauce to a boil. Dissolve the cornstarch in the water, and stir into the boiling sauce. Cook until the sauce returns to a boil and thickens, the shrimp are bright pink on the outside, and the meat is no longer transparent in the center, about 5 minutes. Stir in the sesame oil; remove from heat. Sprinkle with the green onions.",35 mins,6.0,6 servings,235.6,3.450697161199719,0.4413682415488012,2.2068412077440063,0.3819841508676898,amber,green,green,amber,2.0,1.0,1.0,2.0,6.0,healthy,4.4,Stir-Fry,Asian,35.0,15,Seafood,Asian,recipe_images/recipe_606.jpg,Seafood
Apricot-Glazed Pork Chops,https://www.allrecipes.com/recipe/141975/apricot-glazed-pork-chops/,main-dish,"This is a great recipe given to me by a close friend who never has enough time to cook for her family. It's quick and easy to prepare and cook, allowing you to have a yummy dinner on the table in no time. The sauce goes very well with a side of rice, too. Enjoy!","⅓ cup apricot preserves ; ⅓ cup fruity white wine, such as Gewurztraminer ; ½ teaspoon ground ginger ;   salt and pepper to taste ; 2 tablespoons olive oil ; 4  boneless pork chops, 1/2 inch thick","Mix the apricot preserves, wine, and ground ginger together in a small bowl; set aside. Season the pork chops with salt and pepper. Heat the olive oil in a skillet over medium high heat. Add the pork chops and cook until brown on each side, and no longer pink in the center, about 4 minutes per side. Remove chops from the skillet. Reduce heat to medium low. Using the same skillet, pour in the apricot preserves mixture and simmer until thickened, about 4 minutes. Return pork chops to the skillet, turning to coat each side in the sauce; cook 1 minute.",20 mins,4.0,4 servings,359.1,11.460502921005842,3.16992633985268,7.9248158496317,0.0826009652019304,amber,amber,amber,green,2.0,2.0,2.0,1.0,7.0,healthy,4.43,Pork,American,20.0,6,Pork,American,recipe_images/recipe_619.jpg,Meat Dishes
Keto Shrimp Scampi,https://www.allrecipes.com/recipe/266763/keto-shrimp-scampi/,main-dish,"This shrimp scampi is transformed into a keto meal by using shirataki noodles. I like to double the amount of crushed red chiles for an extra kick! This will make 3 lunch-sized portions or 2 dinner-sized portions. Grate some Parmesan cheese on top before serving, if desired.","2 (8 ounce) packages shirataki noodles, drained and rinsed ; 1 tablespoon olive oil ; 1 tablespoon minced shallot ; 2 cloves garlic, minced ; ¼ teaspoon red pepper flakes ; 12 ounces raw shrimp, peeled and deveined  ; ¼ teaspoon salt ; ⅛ teaspoon ground black pepper ; 3 tablespoons fresh lemon juice ; 3 tablespoons dry white wine ; 2 tablespoons butter ; 1 tablespoon chopped fresh parsley","Cover shirataki noodles with water and bring to a boil. Boil for 5 minutes. Drain. Return drained noodles to the saucepan and cook over medium heat to remove any excess moisture, 5 to 6 minutes. Remove from heat and set aside. Drizzle olive oil into a large skillet over medium heat. Add shallot and stir until translucent, 2 to 3 minutes. Take care not to burn. Add garlic and red pepper flakes; stir for 1 minute. Add shrimp and cook for 2 to 3 minutes per side, taking care not to overcook. Season with salt and pepper. Transfer shrimp to a bowl, reserving pan drippings in the skillet. Whisk lemon juice and white wine into the skillet. Add butter and cook until fully incorporated and sauce begins to thicken slightly, 3 to 4 minutes. Return shrimp to the skillet. Add noodles. Sprinkle with parsley and toss to combine.",35 mins,3.0,3 servings,224.0,3.7420711324253766,1.6158943526382308,0.1133960949219811,0.327005988731263,amber,amber,green,amber,2.0,2.0,1.0,2.0,7.0,healthy,4.07,Seafood Main Dishes,,35.0,12,Pasta and Noodles,Italian,recipe_images/recipe_623.jpg,Pasta
Stuffed Green Peppers II,https://www.allrecipes.com/recipe/23432/stuffed-green-peppers-ii/,main-dish,An easy and delicious way to prepare green peppers as a main dish.,"1 ½ pounds lean ground beef ; 1  onion, chopped ; ¾ cup uncooked instant rice ; ¾ cup water ; 1 (14.5 ounce) can peeled and diced tomatoes with juice ; 1 (14.5 ounce) can stewed tomatoes, chopped ;   salt and pepper to taste ; 6 large green bell peppers ; 1 (16 ounce) jar spaghetti sauce","In a large skillet or medium stock pot, brown the beef and onion over medium heat. Drain fat. Add rice, water, diced tomatoes, and stewed tomatoes. Season with salt and pepper. Simmer until rice is tender. Preheat oven to 325 degrees F (165 degrees C). Cut the tops off the bell peppers and clean out the seeds and membrane. (Note: You may have to slightly slice the bottom of the peppers to make them stand up.) Fill peppers with meat mixture. Place in a casserole dish and bake in a preheated oven for 20 minutes or until peppers are as tender as you like. Served topped with spaghetti sauce.",45 mins,6.0,6 servings,414.4,6.7634500426985475,2.4594363791631086,6.394534585824081,0.6513407344150299,amber,amber,amber,amber,2.0,2.0,2.0,2.0,8.0,healthy,4.22,Stuffed,American,45.0,9,Stuffed Dishes,American,recipe_images/recipe_625.jpg,Stuffed Dishes
Slumgullion,https://www.allrecipes.com/recipe/19347/slumgullion/,main-dish,"Ground beef, macaroni and tomato, great flavor and a quick cooking time.","1 (16 ounce) package elbow macaroni ; 1 pound lean ground beef ; 1 large onion, chopped ; 2 cups tomato sauce ; 2 (4.5 ounce) cans mushrooms, drained ; 2 teaspoons minced garlic ;   salt and pepper to taste ; 1 (14.5 ounce) can stewed tomatoes","Bring a large pot of lightly salted water to a boil. Add pasta and cook for 8 to 10 minutes or until al dente; drain and place in large saucepan. Meanwhile, in a large skillet, brown beef over medium heat; just before beef is browned, stir in onion. Add beef mixture to pasta, and stir in tomato sauce, mushrooms, garlic, salt, pepper and stewed tomatoes.  Cook over low heat, 10 to 15 minutes, or until heated through.",40 mins,8.0,8 servings,402.6,4.7265191156096495,1.795344470270332,2.6380571808053856,0.5589383651831412,amber,amber,green,amber,2.0,2.0,1.0,2.0,7.0,healthy,4.2,Pasta,American,40.0,8,Pasta and Noodles,American,recipe_images/recipe_634.jpg,Pasta
Andie's Quick 'n Easy Sneaky Sloppy Joes,https://www.allrecipes.com/recipe/253161/andies-quick-n-easy-sneaky-sloppy-joes/,main-dish,"I cobbled this recipe together from a myriad of online recipes. I couldn't find a more veggie-friendly option, and had BBQ sauce in the fridge. This is a kiddo and grandkid-friendly recipe you can whip up for an in-a-pinch meal... or add it to your regular menu rotation and get those veggies in without a struggle!","1 cup lentils ; 2  onions, diced ; 1 pound lean ground beef ; 1 large green bell pepper, diced ; ¾ cup ketchup ; ¾ cup barbeque sauce ; 1 tablespoon Worcestershire sauce ; 1 tablespoon minced garlic","Place lentils in a small pot and cover with 2 cups hot water. Bring to a boil; reduce heat and simmer until lentils are tender, about 15 minutes. Drain. Heat a large nonstick skillet over medium heat. Add onions; cook and stir until softened, 3 to 5 minutes. Add ground beef and green bell pepper; cook and stir until browned, about 8 minutes. Stir drained lentils, ketchup, barbeque sauce, Worcestershire sauce, and minced garlic into the skillet. Reduce heat to low and simmer until flavors combine and mixture thickens to desired consistency, 15 to 20 minutes.",56 mins,8.0,8 servings,280.1,7.24957139358315,2.7430810678422723,14.4991427871663,1.401665442076904,amber,amber,amber,amber,2.0,2.0,2.0,2.0,8.0,healthy,4.39,,,56.0,8,Sandwich,American,recipe_images/recipe_637.jpg,Sandwiches and Tacos
Quick Chicken Marsala,https://www.allrecipes.com/recipe/8780/quick-chicken-marsala/,main-dish,"Chicken Marsala without all the fuss!  I usually serve over linguini or egg noodles. (Note: Sometimes I saute fresh sliced mushrooms, and/or onions, along with the chicken. Also, white wine or sherry can be substituted for Marsala wine.)","1 tablespoon butter ; 6  skinless, boneless chicken breasts ; 1 (10.75 ounce) can  condensed golden mushroom soup ; 1 ¼ cups Marsala wine","In a large skillet, saute the chicken breasts in butter. Once chicken is lightly browned on all sides, add the soup (undiluted) and Marsala wine. Cover and simmer until chicken is no longer pink inside, about 20 minutes. Ready to serve!",25 mins,6.0,6 servings,261.6,4.652947472585173,1.9387281135771552,4.265201849869742,1.1031362966254017,amber,amber,green,amber,2.0,2.0,1.0,2.0,7.0,healthy,4.23,,,25.0,4,Poultry,Italian,recipe_images/recipe_642.jpg,Meat Dishes
Spicy Shrimp and Tomato Scampi,https://www.allrecipes.com/recipe/218740/spicy-shrimp-and-tomato-scampi/,main-dish,"A twist on shrimp scampi that I threw together for my hungry husband one day, made with things I had in the cupboard. It went over so well that it is a regular at our house now.","4 cups penne pasta ; 5 teaspoons olive oil ; 4 cloves garlic, minced ; 1 medium onion, diced ; 1 (16 ounce) can diced tomatoes with green chilies, drained ; ½  lemon, juiced ; 1 pound uncooked medium shrimp, peeled and deveined ; ¼ cup chopped fresh parsley ;   salt, to taste ;   ground black pepper, to taste ; 1 pinch crushed red pepper flakes, or to taste ; 1 teaspoon grated Parmesan cheese, or to taste","Fill a large pot with lightly salted water and bring to a rolling boil over high heat. Once the water is boiling, stir in the penne, and return to a boil. Cook the pasta uncovered, stirring occasionally, until the pasta has cooked through, but is still firm to the bite, about 11 minutes. Drain well in a colander set in the sink. Heat the olive oil in a skillet over medium heat. Stir in the garlic and onion; cook and stir until the onion has softened and turned translucent, about 5 minutes. Stir in the tomatoes; simmer until heated through, about 5 minutes more. Add the lemon juice and shrimp. Cook and stir until the shrimp are bright pink on the outside and the meat is no longer transparent in the center, about 5 minutes. Stir in the parsley, then season with salt, pepper, and red pepper flakes. Serve shrimp and sauce over prepared penne pasta. Sprinkle with Parmesan cheese.",35 mins,4.0,4 servings,469.8,2.3744274167219053,0.4036526608427239,1.4958892725348,0.2271139824094502,green,green,green,green,1.0,1.0,1.0,1.0,4.0,healthy,4.59,Seafood Main Dishes,American,35.0,12,Pasta and Noodles,Italian,recipe_images/recipe_652.jpg,Pasta
Dim Sum Asian Dumplings,https://www.allrecipes.com/recipe/204129/dim-sum-asian-dumplings/,main-dish,"This recipe is the Nepalese version of the Asian dumpling.  It is filled with ground pork and Asian spices and steamed, but can be fried or dropped into a broth.","1 pound ground pork ; 1 large onion, chopped ; ½ bunch cilantro, chopped ; ½ teaspoon crushed red pepper flakes ; 2 teaspoons red curry paste ; ½ teaspoon garam masala ; ½ teaspoon chili powder ; ¼ teaspoon onion powder ; ¼ teaspoon garlic powder ; 1 cup all-purpose flour ; ¼ cup water as needed ; 3 tablespoons peanut butter ; ½ teaspoon cayenne pepper ; 1 teaspoon white sugar ; 1 teaspoon vegetable oil","Combine pork, onion, cilantro, red pepper flakes, red curry paste, garam masala, chili powder, onion powder, and garlic powder in a bowl. Mix well, then set aside. Place flour into a separate bowl. Slowly stir in the water as needed until a soft dough is achieved. There may be some water left over. Roll out walnut-sized balls of dough into thin circles. Fill each of the wrappers with about 1 tablespoon of the pork mixture. Moisten the edges of the wrapper, then fold in half, sealing to create a half moon shape. Repeat with the remaining wrappers and filling. Place the dumplings in a steamer over 1 inch of boiling water, and cover. Steam until the dough becomes glossy, about 10 minutes. To make sauce: Combine peanut butter, cayenne pepper, sugar, and vegetable oil in a microwave-safe glass or ceramic bowl. Cook in the microwave on High for 30 seconds and stir. Serve with the dumplings.",1 hr,5.0,40 dumplings,344.1,12.40364400840925,3.2936229852838124,2.3826208829712687,0.2429922915206727,amber,amber,green,green,2.0,2.0,1.0,1.0,6.0,healthy,4.54,Dumpling Recipes,East And Southeast Asian Asian,60.0,15,Dumplings,Asian,recipe_images/recipe_659.jpg,Dumplings
Apple Pork Chops and Stuffing,https://www.allrecipes.com/recipe/230680/apple-pork-chops-and-stuffing/,main-dish,"Tender, moist pork chops surrounded by apples and stuffing make this quick and easy supper a great meal anytime.",1 tablespoon vegetable oil ; 6  (1-inch thick) boneless pork loin chops ; 1 ½ cups water ; ¼ cup margarine ; 1 (6 ounce) package pork stuffing mix ; 1 (21 ounce) can apple pie filling with cinnamon,"Preheat oven to 350 degrees F (175 degrees C). Grease a 9x13-inch baking dish. Heat vegetable oil in a large skillet over medium-high heat; brown pork chops in the hot oil, 3 to 4 minutes per side. Bring water and margarine to a boil in a saucepan; add stuffing mix and cover. Remove saucepan from heat and let stand 5 minutes to absorb water. Remove cover and fluff stuffing with a fork. Spread apple pie filling into the prepared baking dish; layer pork chops onto pie filling layer. Spoon stuffing over pork chops. Cover baking dish with aluminum foil. Bake in the preheated oven for 35 minutes. Remove aluminum foil and cook until pork is no longer pink in the center, about 10 more minutes. An instant-read thermometer inserted into the center should read at least 160 degrees F (70 degrees C).",1 hr 15 mins,6.0,6 pork chops,553.1,10.879619030175377,2.5825358303951647,1.703374696643619,0.8923485507578186,amber,amber,green,amber,2.0,2.0,1.0,2.0,7.0,healthy,4.6,Pork,American,75.0,6,Pork,American,recipe_images/recipe_677.jpg,Meat Dishes
Jackie's Special Meatloaf,https://www.allrecipes.com/recipe/89332/jackies-special-meatloaf/,main-dish,"My fave-orite meatloaf recipe that my mom gave to me, but I 'updated.' Great with mashed potatoes and green peas! Pass the ketchup! ENJOY!  P.S. - I eyeball this recipe...you should too!","1 pound ground beef ; 2  eggs, beaten ; 1 cup panko bread crumbs ; ¾ cup ketchup, divided ; 1 tablespoon salt-free seasoning blend ; 1 tablespoon garlic powder ; 1 tablespoon onion powder ;   salt to taste ;   ground black pepper to taste","Preheat oven to 350 degrees F (175 degrees C). Lightly grease a baking pan. Place the ground beef, eggs, panko, and 1/2 cup ketchup in a large bowl. Mix by hand, and season with salt-free seasoning blend, garlic powder, onion powder, salt, and pepper. Form into a loaf shape, and place on the prepared baking pan. Drizzle with remaining 1/4 cup ketchup. Bake 1 hour in the preheated oven, to an internal temperature of 160 degrees F (70 degrees C).",1 hr 15 mins,6.0,6 servings,257.2,11.823973922062528,4.445102978218996,6.845458586457253,1.0621573566454288,amber,amber,amber,amber,2.0,2.0,2.0,2.0,8.0,healthy,4.42,Meatloaf Recipes,American,75.0,9,Meatloaf,American,recipe_images/recipe_681.jpg,Meat Dishes
Pork Chops with Raspberry Sauce,https://www.allrecipes.com/recipe/53733/pork-chops-with-raspberry-sauce/,main-dish,Succulent herbed boneless pork loin chops paired with a tangy raspberry sauce ... heaven on a plate! This is a special family dish or perfect for company. I accompanied it with mashed potatoes and julienned steamed carrots. My husband can't wait to have it again.,"½ teaspoon dried thyme, crushed ; ½ teaspoon dried sage, crushed ; ¼ teaspoon salt ; ¼ teaspoon pepper ; 4 (4 ounce) boneless pork loin chops ; 1 tablespoon butter ; 1 tablespoon olive oil ; ¼ cup seedless raspberry jam ; 2 tablespoons orange juice ; 2 tablespoons white wine vinegar ; 4 sprigs fresh thyme  (Optional)","Preheat oven to 200 degrees F (95 degrees C). In a small bowl, combine crushed thyme, sage, salt, and pepper. Rub evenly over pork chops. Melt butter and olive oil in a nonstick skillet. Cook pork chops for 4 to 5 minutes on each side, turning once. Remove from skillet and keep warm in preheated oven. In the skillet, combine raspberry jam, orange juice, and vinegar. Bring to a boil, and cook for 2 to 3 minutes, or until sauce is reduced to desired consistency (sauce will thicken as it cools). Spoon sauce in a pool onto a serving plate, and top with pork chops. Garnish with sprigs of thyme.",30 mins,4.0,4 servings,113.3,4.604421706559474,1.6809793531883794,9.793531883793168,0.3049515804860223,amber,amber,amber,amber,2.0,2.0,2.0,2.0,8.0,healthy,4.6,Pork,American,30.0,11,Pork,American,recipe_images/recipe_688.jpg,Meat Dishes
Fresh Herbed Halibut,https://www.allrecipes.com/recipe/93308/fresh-herbed-halibut/,main-dish,"This recipe is awesome for fresh halibut - fresh herbs, lemon and dill spice the fish without overpowering the taste while remaining healthy and satisfying!","1 (2 pound) halibut fillet ; 1 large lemon, quartered ;   olive oil for brushing ; 1 teaspoon sea salt ; 1 teaspoon garlic powder ; 1 tablespoon dill weed","Preheat the oven's broiler and coat a baking sheet or broiling pan with olive oil. Rinse the fish and pat dry. Place on the greased pan, and brush with olive oil or coat with olive oil cooking spray. Squeeze the juice from the lemon wedges over the entire fillet, and season generously with salt first, then garlic and finally dill. Broil for 15 to 20 minutes in the preheated oven, until the fillet is opaque and can be flaked with a fork. Broiling time may depend on the thickness of your fillet.",30 mins,4.0,4 servings,270.1,2.561576354679803,0.354679802955665,0.0788177339901477,0.5568472906403941,green,green,green,amber,1.0,1.0,1.0,2.0,5.0,healthy,4.51,Seafood Main Dishes,American,30.0,6,Seafood,International,recipe_images/recipe_691.jpg,Seafood
Healthy Pasta Primavera,https://www.allrecipes.com/recipe/270838/healthy-pasta-primavera/,main-dish,"For pasta primavera made easy, try this recipe packed with vegetables including asparagus, mushrooms, yellow squash, and cherry tomatoes.","2 cups whole grain penne pasta ; 1 tablespoon olive oil ; ½ cup chopped onion ; 1 pound fresh asparagus, trimmed and cut into 2-inch pieces ; 2 cups sliced fresh mushrooms ; 1 small yellow summer squash, halved lengthwise and sliced ; 2 cups cherry tomatoes, halved ; ½ cup shredded carrot ; 2 cloves garlic, minced ; 1 tablespoon chopped fresh oregano ; ½ teaspoon ground black pepper ; ¼ teaspoon salt ; ⅛ teaspoon red pepper flakes ; ½ cup freshly grated Parmesan cheese ;   Lemon wedges","Bring a large pot of lightly salted water to a boil. Add penne and cook, stirring occasionally, until tender yet firm to the bite, about 11 minutes. Meanwhile, heat oil in an extra-large skillet over medium-high heat. Add onion; cook until softened, 2 to 3 minutes. Add asparagus, mushrooms, and squash; cook until just tender, about 5 minutes. Add tomatoes, carrot, garlic, oregano, black pepper, salt, and red pepper flakes; cook until tomatoes begin to soften, about 1 minute. Drain penne; stir into vegetable mixture along with 1/4 cup Parmesan cheese. Top servings with remaining cheese and serve with lemon wedges.",40 mins,4.0,4 servings,280.7,2.130566364029399,0.6364029399048854,1.3558149589277997,0.2335322092520536,green,green,green,green,1.0,1.0,1.0,1.0,4.0,healthy,4.67,Pasta,American,40.0,15,Pasta and Noodles,Italian,recipe_images/recipe_698.jpg,Pasta
Shepherd's Pie V,https://www.allrecipes.com/recipe/22348/shepherds-pie-v/,main-dish,"Ground beef and frozen vegetables are seasoned and topped with mashed potatoes. This is a handy, quick dinner casserole!","7  potatoes, peeled and cubed ; 1 pound ground round ; 1 cup water ; 2 cubes beef bouillon ; 1 cube chicken bouillon ; 1 teaspoon dried rosemary ; ½ teaspoon salt ; 1 teaspoon ground black pepper ; 1 teaspoon steak seasoning ; 1 tablespoon dried minced onion flakes ; 1 ½ cups frozen mixed vegetables","Bring a large pot of salted water to a boil.  Add potatoes and cook until tender, about 15 minutes. Drain, cool and mash. Preheat oven to 350 degrees F (175 degrees C). Lightly grease a 2 quart casserole dish. In a large heavy skillet, saute meat until browned on all sides, stirring occasionally. Drain excess fat and return meat to pan over medium heat. Pour in water and season with beef and chicken bouillon, rosemary, salt, pepper, steak seasoning and onion flakes. Stir in  . Cook, stirring occasionally, until most of the water has evaporated. Pour meat mixture into a 2 quart casserole dish. Cover top with mashed potatoes. Bake in preheated oven for  20 to 30 minutes, or until top begins to brown.",1 hr 30 mins,12.0,1 - 2 quart casserole,189.0,2.845320563485053,1.115811985680413,0.6694871914082478,0.5810590915430751,green,green,green,amber,1.0,1.0,1.0,2.0,5.0,healthy,4.4,Savory Pie Recipes,,90.0,11,Casserole and Pies,British,recipe_images/recipe_701.jpg,Casserole and Pies
Grilled Halibut with Cilantro Garlic Butter,https://www.allrecipes.com/recipe/103971/grilled-halibut-with-cilantro-garlic-butter/,main-dish,"Delicious! My husband absolutely loves this recipe! Fish is simply seasoned with lime juice, then served with a cilantro lime garlic sauce. Serve over a bed of greens with a nice loaf of bread for a complete meal.","4 (6 ounce) fillets halibut ; 1  lime, cut into wedges ;   salt and pepper to taste ; 3 cloves garlic, coarsely chopped ; ½ cup chopped fresh cilantro ; 1 tablespoon fresh lime juice ; 2 tablespoons butter ; 1 tablespoon olive oil","Preheat a grill for high heat. Squeeze the juice from the lime wedges over fish fillets, then season them with salt and pepper. Grill fish fillets for about 5 minutes on each side, until browned and fish can be flaked with a fork. Remove to a warm serving plate. Heat the oil in a skillet over medium heat. Add the garlic; cook and stir just until fragrant, about 2 minutes. Stir in the butter, remaining lime juice and cilantro. Serve fish with the cilantro butter sauce.",33 mins,4.0,4 servings,276.2,5.350760747472684,1.9197385887879097,0.1633820075564178,0.1775758194628816,amber,amber,green,green,2.0,2.0,1.0,1.0,6.0,healthy,4.54,Seafood Main Dishes,U.S.,33.0,8,Seafood,International,recipe_images/recipe_702.jpg,Seafood
Oven-Roasted Tri-Tip,https://www.allrecipes.com/recipe/271159/oven-roasted-tri-tip/,main-dish,"We all know tri-tips are made for grilling, but weather and life don't always permit outdoor cooking. So here's a plan B that gets an A in our house.","1 (2 pound) beef tri-tip roast ; ¼ cup vegetable oil ; ¼ cup soy sauce ; 1  onion, cut into wedges ; 2 teaspoons ground cumin ; 1 teaspoon crushed garlic ; 1 teaspoon ground black pepper","Toss tri-tip with oil, soy sauce, onion, cumin, garlic, and pepper. Marinate in the refrigerator for 2 hours, or up to 24 hours. Let rest at room temperature while preheating the oven. Preheat the oven to 425 degrees F (220 degrees C). Place tri-tip in a shallow roasting pan, preferably on a rack. Remove onions from marinade and place around the beef. Roast in the preheated oven until internal temperature reaches 135 degrees F (57 degrees C) for medium-rare or 150 degrees F (66 degrees C) for medium, 30 to 45 minutes. Allow to rest at least 15 minutes before slicing against the grain.",2 hrs 50 mins,8.0,8 servings,292.1,12.496406324868232,3.4499281264973645,1.073310972688069,0.9445136559655009,amber,amber,green,amber,2.0,2.0,1.0,2.0,7.0,healthy,4.8,Roast Recipes,American,170.0,7,Beef,American,recipe_images/recipe_714.jpg,Meat Dishes
Smoked Pork Chops,https://www.allrecipes.com/recipe/281495/smoked-pork-chops/,main-dish,There are pork chops and then there are smoked pork chops. The rub has just the right amount of sweetness and saltiness that complements the smoky flavor perfectly. Oak is my wood of choice for these but feel free to substitute any hard wood chips.,1 ½ teaspoons kosher salt ; 1 ½ teaspoons light brown sugar ; 1 ½ teaspoons ground black pepper ; 1 teaspoon paprika ; ½ teaspoon ground mustard ; ½ teaspoon garlic powder ; ½ teaspoon onion powder ; ¼ teaspoon oregano ; 6  bone-in center-cut pork chops (about 1-inch thick),"Preheat the smoker to 250 degrees F (120 degrees C). Add wood chips according to manufacturer's directions. Combine salt, brown sugar, pepper, paprika, ground mustard, garlic powder, onion powder, and oregano in a small bowl. Stir until evenly combined. Sprinkle over both sides of each pork chop. Place pork chops directly on the smoker grate. Smoke for 2 hours 30 minutes. Remove chops from the smoker and let rest for 10 minutes.",2 hrs 50 mins,6.0,6 pork chops,192.9,5.5497439850245005,1.8499146616748336,0.7928205692892144,0.8868028409403733,amber,amber,green,amber,2.0,2.0,1.0,2.0,7.0,healthy,4.5,Pork,American,170.0,9,Pork,American,recipe_images/recipe_726.jpg,Meat Dishes
Quick Salmon Piccata,https://www.allrecipes.com/recipe/268800/quick-salmon-piccata/,main-dish,"This savory dinner is restaurant-worthy, but can be prepped and cooked in under 30 minutes! If you are not a fan of fish, you can substitute thinly sliced or pounded chicken breasts for the salmon. Serve over pasta or rice.","4 (3 ounce) salmon fillets, skin removed ;   salt and ground black pepper to taste ; ¼ cup all-purpose flour ; 2 tablespoons vegetable oil ; ¼ cup dry white wine ; 1 teaspoon finely minced garlic ; ½ cup chicken broth ; 2 tablespoons lemon juice ; 1 tablespoon capers, drained ; 2 tablespoons butter ; ½  lemon, sliced","Season salmon fillets with salt and pepper. Pour flour in a bowl and dredge salmon, shaking off the excess. Heat oil in a skillet over medium heat and cook salmon fillets until browned on both sides, about 3 minutes per side. Transfer to a plate and keep warm. Pour wine into the skillet and scrape browned bits from the bottom. Add garlic and cook until garlic is fragrant and slightly brown and liquid is reduced by half, about 1 minute. Add chicken broth, lemon juice, and capers. Bring to a boil while stirring. Stir in butter until melted. Return salmon fillets to skillet and spoon sauce over them. Cook, turning fillets once, until salmon is cooked through and flakes easily with a fork, about 4 minutes. Serve salmon with sauce poured over it and garnish with lemon slices.",25 mins,4.0,4 servings,282.8,13.59816653934301,4.4308632543926665,0.3819709702062643,0.6216577540106951,amber,amber,green,amber,2.0,2.0,1.0,2.0,7.0,healthy,4.83,Seafood Main Dishes,Italian,25.0,11,Seafood,Italian,recipe_images/recipe_728.jpg,Seafood
Sesame Noodles,https://www.allrecipes.com/recipe/90044/sesame-noodles/,main-dish,This homemade sauce makes a sweet and spicy foil for linguine. The best sesame noodles I have every had!,"1 (16 ounce) package linguine pasta ; 6 cloves garlic, minced ; 6 tablespoons sugar ; 6 tablespoons safflower oil ; 6 tablespoons rice vinegar ; 6 tablespoons soy sauce ; 2 tablespoons sesame oil ; 2 teaspoons chili sauce ; 6  green onions, sliced ; 1 teaspoon sesame seeds, toasted","Bring a pot of lightly salted water to boil. Add pasta, and cook until al dente, about 8 to 10 minutes. Drain, and transfer to a serving bowl. Meanwhile, place a saucepan over medium-high heat. Stir in garlic, sugar, oil, vinegar, soy sauce, sesame oil, and chili sauce. Bring to a boil, stirring constantly, until sugar dissolves. Pour sauce over linguine, and toss to coat. Garnish with green onions and sesame seeds.",30 mins,8.0,8 servings,370.9,10.299234516353517,0.9046624913013224,6.958942240779402,1.2164231036882396,amber,green,amber,amber,2.0,1.0,2.0,2.0,7.0,healthy,4.55,Pasta,,30.0,10,Pasta and Noodles,Asian,recipe_images/recipe_731.jpg,Pasta
Shrimp Tacos with Cilantro-Lime Crema,https://www.allrecipes.com/recipe/280916/shrimp-tacos-with-cilantro-lime-crema/,main-dish,Fresh and quick shrimp tacos that are perfect for any day!,"2 pounds large frozen peeled and deveined shrimp, thawed ; 1 ½ teaspoons chili powder ; 1 teaspoon freshly minced garlic ; ½ teaspoon paprika ; ½ teaspoon ground cumin ; ½ teaspoon onion powder ; ½ teaspoon salt ; ½ teaspoon ground black pepper ; ¼ teaspoon ground coriander ; ¼ teaspoon grated Valencia orange zest ; 2 tablespoons olive oil, or more as needed ; 2 tablespoons sour cream ; 1  lime, zested and juiced ; 1 teaspoon chopped fresh cilantro ; ¼ teaspoon garlic powder ; 1 pinch salt and ground black pepper ; 20 (6 inch) corn tortillas ; 2  avocados, thinly sliced, or to taste ; 1  red onion, finely diced, or to taste ; ½ bunch fresh cilantro, chopped, or to taste ; 1  jalapeno pepper, diced, or to taste  (Optional); 2  limes, cut into wedges, or as needed","Rinse defrosted shrimp under cold water, drain, and pat dry. Combine shrimp, chili powder, garlic, paprika, cumin, onion powder, 1/2 teaspoon salt, 1/2 teaspoon black pepper, coriander, and orange zest in a bowl. Mix well. Heat olive oil in nonstick frying pan over medium-high heat. Add shrimp and cook until bright pink on the outside and the meat is opaque, 4 to 5 minutes on each side, depending on the size of the shrimp. While shrimp cooks, prepare crema by whisking together sour cream, zest and juice of 1 lime, 1 teaspoon cilantro, garlic powder, and 1 pinch each of salt and black pepper. Heat corn tortillas in either a pan or on a griddle over low heat, 1 to 2 minutes per side. Be careful not to let them burn. Set aside. Assemble tacos by spreading 1 teaspoon crema across each tortilla, adding 3 or 4 shrimp, 2 slices of avocado, a sprinkle of fresh red onion, cilantro, and jalapeno. Serve with sliced limes to squeeze on top and extra crema on the side.",1 hr 15 mins,20.0,20 tacos,146.5,4.785643070787636,0.8251108742737304,0.7425997868463574,0.3352012926737029,amber,green,green,amber,2.0,1.0,1.0,2.0,6.0,healthy,4.87,Latin American,Mexican,75.0,22,Taco,Mexican,recipe_images/recipe_737.jpg,Sandwiches and Tacos
Penne Primavera,https://www.allrecipes.com/recipe/72506/penne-primavera/,main-dish,"A great, flavorful pasta dish for the summertime when you don't want something heavy.","1 tablespoon olive oil ; 1 clove garlic, crushed ; 2 cups broccoli florets ; 1 medium carrot, julienned ; 2 cups vegetable broth ; 1 (8 ounce) package penne pasta ; ½ cup frozen peas ; ½ cup freshly grated Parmesan cheese","Heat the olive oil and garlic in a large skillet over medium heat. When garlic is tender, remove from skillet and set aside. Place the broccoli and carrot in the skillet, and cook 2 minutes, just until heated through. In a pot, bring the vegetable broth to a boil. Stir in the penne pasta and heated crushed garlic clove. Cook for 5 minutes, or until pasta is almost al dente. Remove and discard garlic clove. Transfer the partially cooked pasta and broth to the skillet. Mix in the peas. Cover skillet, and continue cooking 10 minutes over medium heat, or until pasta is al dente and vegetables are tender. Toss with the Parmesan cheese to serve.",35 mins,4.0,4 servings,346.9,2.712324122732667,0.8476012883539583,1.6612985251737586,0.3615867096117986,green,green,green,amber,1.0,1.0,1.0,2.0,5.0,healthy,4.23,Pasta,,35.0,8,Pasta and Noodles,Italian,recipe_images/recipe_748.jpg,Pasta
Grilled Peanut Butter and Banana Sandwich,https://www.allrecipes.com/recipe/92486/grilled-peanut-butter-and-banana-sandwich/,main-dish,"A sweet, warm breakfast idea. Cooked like a grilled cheese, but filled with melted peanut butter and warm bananas.","cooking spray ; 2 tablespoons peanut butter ; 2 slices whole wheat bread ; 1  banana, sliced","Heat a skillet or griddle over medium heat, and coat with cooking spray. Spread 1 tablespoon of peanut butter onto one side of each slice of bread. Place banana slices onto the peanut buttered side of one slice, top with the other slice and press together firmly. Fry the sandwich until golden brown on each side, about 2 minutes per side.",12 mins,1.0,1 serving,436.5,9.07766990291262,1.9417475728155336,10.0,0.5125000000000001,amber,amber,amber,amber,2.0,2.0,2.0,2.0,8.0,healthy,4.53,Sandwich Recipes,American,12.0,4,Sandwich,American,recipe_images/recipe_750.jpg,Sandwiches and Tacos
Hot Shredded Chicken Sandwiches,https://www.allrecipes.com/recipe/32209/hot-shredded-chicken-sandwiches/,main-dish,My sister made these sandwiches for our family reunion and my pickiest eater has told me they're her favorite food. The crackers really add a lot of butter flavor!,"1 (3 pound) chicken - cooked, deboned and shredded ; 2 (10.75 ounce) cans  condensed cream of mushroom soup ; ½ teaspoon poultry seasoning ; ¼ (16 ounce) package buttery round crackers, crushed ; 12  hamburger buns","In a large saucepan over medium heat, combine shredded chicken, condensed soup, poultry seasoning and crushed crackers. Cook, stirring frequently, until mixture is hot, 15 to 20 minutes. Serve on buns.",25 mins,12.0,12 servings,367.2,7.37368376951652,1.8769376867860232,0.5809569030528168,0.7893193307823365,amber,amber,green,amber,2.0,2.0,1.0,2.0,7.0,healthy,3.96,Sandwich Recipes,American,25.0,5,Sandwich,American,recipe_images/recipe_751.jpg,Sandwiches and Tacos
Baked Halibut with Crispy Panko,https://www.allrecipes.com/recipe/237179/baked-halibut-with-crispy-panko/,main-dish,"This fish will just melt in your mouth! I like to serve over a quinoa-kale salad. Also, please don't use regular bread crumbs as they are too dense.","½ cup panko bread crumbs ; 1 ½ tablespoons butter, melted ; ¼ cup chicken stock, or as needed ; 2 (8 ounce) fillets halibut ; 1 teaspoon lemon juice ;   salt and ground black pepper to taste ; 1 tablespoon Dijon mustard","Preheat oven to 350 degrees F (175 degrees C). Stir panko bread crumbs and melted butter together in a bowl until evenly coated. Pour enough chicken stock into an oven-proof skillet to cover bottom; arrange halibut fillets in skillet. Drizzle lemon juice over fillets; season with salt and pepper. Spread a think layer of Dijon mustard over each fillet; press bread crumb mixture over mustard layer. Place skillet in the preheated oven and cook until fillets flake easily with a fork and topping is browned, about 20 minutes.",30 mins,2.0,2 servings,404.0,5.413949812290061,2.2525192649673977,0.0395178818415332,0.5840742936178621,amber,amber,green,amber,2.0,2.0,1.0,2.0,7.0,healthy,4.58,Seafood Main Dishes,American,30.0,7,Seafood,American,recipe_images/recipe_755.jpg,Seafood
Maple Salmon,https://www.allrecipes.com/recipe/51283/maple-salmon/,main-dish,"This is the best and most delicious salmon recipe, and very easy to prepare. I love maple in everything and put this together one night. My husband totally loved it; he did not like salmon that much until he had this.","¼ cup maple syrup ; 2 tablespoons soy sauce ; 1 clove garlic, minced ; ¼ teaspoon garlic salt ; ⅛ teaspoon ground black pepper ; 1 pound salmon","In a small bowl, mix the maple syrup, soy sauce, garlic, garlic salt, and pepper. Place salmon in a shallow glass baking dish, and coat with the maple syrup mixture. Cover the dish, and marinate salmon in the refrigerator 30 minutes, turning once. Preheat oven to 400 degrees F (200 degrees C). Place the baking dish in the preheated oven, and bake salmon uncovered 20 minutes, or until easily flaked with a fork.",1 hr,4.0,4 servings,264.8,9.10279644880824,1.8352412195177903,8.735748204904683,1.161891216076713,amber,amber,amber,amber,2.0,2.0,2.0,2.0,8.0,healthy,4.67,Seafood Main Dishes,American,60.0,6,Seafood,Asian,recipe_images/recipe_772.jpg,Seafood
Fast Salmon with a Ginger Glaze,https://www.allrecipes.com/recipe/221267/fast-salmon-with-a-ginger-glaze/,main-dish,"This glaze is really wonderful on salmon, but equally delicious on swordfish, halibut, tuna, or any other firm, full-flavored fish.","4 (8 ounce) fresh salmon fillets ;   salt to taste ; ⅓ cup cold water ; ¼ cup seasoned rice vinegar ; 2 tablespoons brown sugar ; 1 tablespoon hot chile paste (such as sambal oelek) ; 1 tablespoon finely grated fresh ginger ; 4 cloves garlic, minced ; 1 teaspoon soy sauce ; ¼ cup chopped fresh basil","Preheat grill for medium heat and lightly oil the grate. Season salmon fillets with salt. Place salmon on the preheated grill; cook salmon for 6 to 8 minutes per side, or until the fish flakes easily with a fork. Combine water, rice vinegar, brown sugar, chile paste, ginger, garlic, and soy sauce in a small saucepan over medium heat. Bring mixture to a boil, reduce heat to medium and simmer until barely thickened, about 2 minutes. Sprinkle basil on top of salmon; spoon glaze over basil.",25 mins,4.0,4 servings,377.1,4.611306677138409,1.043434357600662,3.567872319537747,0.4368119153471803,amber,green,green,amber,2.0,1.0,1.0,2.0,6.0,healthy,4.69,Seafood Main Dishes,American,25.0,10,Seafood,Asian,recipe_images/recipe_776.jpg,Seafood
Mom's Baked Salmon,https://www.allrecipes.com/recipe/237395/moms-baked-salmon/,main-dish,Mom's baked salmon. Comfort food at its best!,"2 tablespoons margarine, melted ; 2 teaspoons all-purpose flour ; 1 (16 ounce) can canned salmon, skin and bones removed ; 6  saltine crackers, crumbled ; ½ cup milk","Preheat oven to 375 degrees F (190 degrees C). Pour melted margarine into a small glass baking dish. Stir flour into the melted margarine until all the flour is moistened. Flake salmon into the dish; add crackers. Pour milk over the mixture and stir. Bake in preheated oven until cooked through, about 30 minutes.",40 mins,3.0,1 small casserole dish,363.3,7.2779298332918625,1.5675541179397865,0.7464543418760886,0.6544538442398606,amber,amber,green,amber,2.0,2.0,1.0,2.0,7.0,healthy,4.57,,,40.0,5,Seafood,American,recipe_images/recipe_780.jpg,Seafood
Lighter Baked Shrimp Scampi,https://www.allrecipes.com/recipe/277593/lighter-baked-shrimp-scampi/,main-dish,"Shrimp scampi is a classic, but decadent dish typically made with lots of butter and served over high-carb pasta or white rice. This version lightens things up a bit and is quick and easy enough for a weeknight meal.","16  large shrimp, peeled and deveined ; 1 tablespoon butter ; 2 tablespoons minced garlic ; 1 tablespoon minced shallot ; 1 teaspoon olive oil ; ¼ cup chicken stock ; 2 tablespoons freshly squeezed lemon juice ; ¼ teaspoon red pepper flakes ; ⅛ teaspoon ground paprika ;   salt and ground black pepper to taste ; ¼ cup crushed garlic croutons ; 3 cups frozen riced cauliflower (such as Green Giant) ; 3 tablespoons chopped fresh parsley ; 4  lemon wedges","Preheat the oven to 350 degrees F (175 degrees C). Place shrimp in a shallow baking dish. Melt butter in a small saucepan over medium heat. Add garlic, shallot, and olive oil and cook until fragrant, about 1 minute. Stir in chicken stock, lemon juice, red pepper flakes, paprika, salt, and pepper. Pour this mixture over shrimp and sprinkle with crushed croutons. Bake in the preheated oven until shrimp are bright pink on the outside and the meat is opaque, 9 to 11 minutes; do not overcook. While shrimp is cooking, place riced cauliflower in a large nonstick skillet. Cook over medium heat, stirring occasionally, until hot, about 5 minutes. Serve shrimp over riced cauliflower. Garnish with chopped parsley and lemon wedges.",25 mins,4.0,4 servings,233.4,1.5129137999351607,0.4971002485501242,0.086452217139152,0.2249918951046431,green,green,green,green,1.0,1.0,1.0,1.0,4.0,healthy,4.2,Seafood Main Dishes,American,25.0,14,Seafood,Italian,recipe_images/recipe_790.jpg,Seafood
Orange Soy-Glazed Salmon,https://www.allrecipes.com/recipe/256025/orange-soy-glazed-salmon/,main-dish,"Quick, tasty salmon recipe.","¼ cup orange juice ; 2 tablespoons honey ; 1 tablespoon soy sauce ; 1 tablespoon lemon juice ; ¼ teaspoon ground ginger ; 1 (1 pound) salmon fillet, cut into 4 pieces ; ¼ teaspoon salt ;   ground black pepper to taste ; 2 teaspoons extra-virgin olive oil ; 1  lemon, cut into 4 wedges","Mix orange juice, honey, soy sauce, lemon juice, and ginger together in a small bowl. Place salmon in a shallow dish. Pour all but 3 tablespoons of the orange juice mixture on top. Reserve remaining mixture in the bowl. Let salmon marinate at room temperature for 30 minutes. Preheat oven to 450 degrees F (230 degrees C). Transfer salmon to a baking dish lined with aluminum foil; pat dry with paper towels. Discard marinade. Spoon 1 tablespoon of reserved orange juice mixture over salmon; season with salt and pepper. Drizzle olive oil on top. Bake in the preheated oven until heated through, about 6 minutes. Spoon remaining 2 tablespoons orange juice mixture over salmon. Continue baking until flesh flakes easily with a fork, 6 to 9 minutes more. Serve with lemon wedges.",57 mins,4.0,4 servings,232.4,5.556403602503434,1.0990688444512289,6.166997404976339,0.6400549534422224,amber,green,amber,amber,2.0,1.0,2.0,2.0,7.0,healthy,3.88,Seafood Main Dishes,American,57.0,10,Seafood,Asian,recipe_images/recipe_796.jpg,Seafood
Broiled Salmon with Lemon and Dill,https://www.allrecipes.com/recipe/279468/broiled-salmon-with-lemon-and-dill/,main-dish,I love salmon. Oftentimes it's so smothered in things. I wanted to make a broiled recipe that let the salmon shine on its own.,"2 pounds salmon, skinned and deboned ; 2 tablespoons olive oil ; 1  lemon ; ½ tablespoon chopped fresh dill, or more to taste ; ½ tablespoon garlic powder, or more to taste ; ½ teaspoon salt ; ½ teaspoon ground black pepper","Set an oven rack about 6 inches from the heat source and preheat the oven's broiler. Rub salmon down in olive oil. Cut your lemon in half and set 1 half off to the side. Cut the other half into 1/4-inch thick slices. Lay them on a broiler pan and lay the salmon on top of them. You just need enough to cover the bottom of the salmon so it's not touching the pan. Sprinkle with dill, garlic powder, salt, and pepper. Lightly squeeze the remainder of the lemon over the whole salmon; not too much, you don't want your seasoning to run off. Cook in the center of the preheated oven on a low broil until easily flaked with a fork but still juicy, 15 to 20 minutes.",30 mins,4.0,4 servings,315.8,5.609013103815095,1.083119771771191,0.1160485469754847,0.3820898409167834,amber,green,green,amber,2.0,1.0,1.0,2.0,6.0,healthy,5.0,Seafood Main Dishes,,30.0,7,Seafood,American,recipe_images/recipe_797.jpg,Seafood
Spaghetti Diablo with Shrimp,https://www.allrecipes.com/recipe/222968/spaghetti-diablo-with-shrimp/,main-dish,"The sauce was tangy and sharp, mellow by my standards for spice, but just right for Nancy and Quinn. Topped with the shrimp, Pecorino cheese and some parsley, it was very satisfying.","1 teaspoon olive oil ; 1  green bell pepper, chopped ; 1  yellow bell pepper, chopped ; 1  onion, chopped ; 4 cloves garlic, minced ;   salt and ground black pepper to taste ; 2 (14.5 ounce) cans no-salt-added diced tomatoes ; ½ cup white wine ; ½ cup chopped fresh parsley, divided ; ½ teaspoon dried basil ; ½ teaspoon dried oregano ; ½ teaspoon red pepper flakes ; 8 ounces whole-wheat spaghetti ; 12 ounces cooked shrimp ; ½ cup grated Pecorino-Romano cheese, or to taste  (Optional)","Heat oil in a Dutch oven over medium-high heat. Cook and stir green bell pepper, yellow bell pepper, onion, and garlic in hot oil until tender, 5 to 7 minutes. Season the mixture with salt and pepper. Stir tomatoes, wine, 1/4 cup parsley, basil, oregano, and red pepper flakes into the bell pepper mixture; bring to a boil, reduce heat to low, and put a cover on the Dutch oven. Cook, stirring occasionally, until the tomatoes break down, about 2 hours. Bring a large pot of lightly salted water to a boil. Cook spaghetti in the boiling water until nearly cooked through, about 10 minutes; drain. Stir drained pasta and cooked shrimp into the tomato sauce; cook until the pasta is cooked completely through yet firm to the bite, 2 to 3 minutes more. Serve with remaining parsley and Pecorino-Romano cheese.",2 hrs 25 mins,4.0,4 servings,397.5,0.7983349014911755,0.1596669802982351,2.5546716847717614,0.1273344167878425,green,green,green,green,1.0,1.0,1.0,1.0,4.0,healthy,4.62,Pasta,Italian,145.0,15,Pasta and Noodles,Italian,recipe_images/recipe_802.jpg,Pasta
Orange Roasted Salmon,https://www.allrecipes.com/recipe/72381/orange-roasted-salmon/,main-dish,"I like to make this for company since you can get it ready ahead of time up until the final baking step. It looks both pretty and impressive, and the orange flavor is more subtle than you'd expect. This is a healthy and elegant meal (not to mention delicious) when served with a leafy salad, brown rice, and asparagus.","2  oranges, sliced into rounds ; 1  onion, thinly sliced ; 1 ½ tablespoons olive oil ; 5 (6 ounce) salmon fillets ; 1 tablespoon lemon pepper ; 1 ½ teaspoons garlic powder ; 1 tablespoon dried parsley ; ½ cup orange juice ; 1 ½ tablespoons lemon juice ; 1 tablespoon honey","Preheat the oven to 400 degrees F (200 degrees C). In a small bowl or cup, stir together the lemon pepper, garlic powder, and dried parsley. Place the slices from one of the oranges in a single layer in the bottom of a 9x13 inch baking dish. Place a layer of onion slices over the orange. Drizzle with a little bit of olive oil, and sprinkle with half of the herb mixture. Place the dish in the preheated oven, and roast for about 25 minutes, or until the onions are browned and tender. Remove the dish from the oven, and increase the temperature to 450 degrees F (220 degrees C). Push the onion and orange slices to the outer edge of the baking dish, and place the salmon fillets in the center. Season with the remaining half of the herb mixture. Whisk together the orange juice, lemon juice and honey in a small bowl. Pour evenly over the salmon. Bake for 12 to 15 minutes in the preheated oven, or until the salmon is opaque in the center. Remove fillets to a serving dish, and discard the roasted orange. Garnish fillets with roasted onions and fresh orange slices.",55 mins,5.0,5 servings,345.0,5.563853622106049,0.8215085884988798,4.929051530993278,0.3299103808812546,amber,green,green,amber,2.0,1.0,1.0,2.0,6.0,healthy,4.26,Seafood Main Dishes,,55.0,10,Seafood,International,recipe_images/recipe_814.jpg,Seafood
Baked Salmon in a Foil Packet,https://www.allrecipes.com/recipe/262812/baked-salmon-in-a-foil-packet/,main-dish,"Baking salmon in a foil packet it a very healthy way of preparing fish, because you don't need to use any fat for the baking process. I season the salmon with an exotic mix of marjoram, lemon, and star anise, but you could use the same method with different herbs and spices.","olive oil ; 2 medium onions, halved and sliced ; 1 teaspoon dried marjoram ;   salt and freshly ground black pepper to taste ; 2  lemons, sliced ; 5 pods whole star anise pods ; ⅓ cup water ;   aluminum foil ; 1 (1 1/2-pound) salmon fillet","Preheat the oven to 375 degrees F (190 degrees C). Heat olive oil in a skillet over medium heat and cook onions until soft and browned, about 10 minutes. Season with marjoram and a little salt. Remove from heat. Place lemon slices in a single layer in a clean skillet over high heat and cook until lightly browned on both sides, about 3 minutes. Add star anise and water and bring to a boil. Remove from heat. Cover a baking pan large enough to hold the salmon with sheets of aluminum foil, leaving an overhang on all sides. Lay onions in a single layer on the bottom; place salmon fillet on top, skin-side down. Rub fillet with salt and pepper. Cover with lemon slices and star anise. Fold up the edges of the foil over the salmon to create a packet, making sure to seal the edges well. Bake in the preheated oven until salmon flakes easily with a fork, 35 to 40 minutes. Remove from oven, open foil carefully, and serve.",1 hr 15 mins,4.0,4 servings,328.3,16.23931623931624,3.1623931623931623,1.9658119658119655,0.2636752136752136,amber,amber,green,green,2.0,2.0,1.0,1.0,6.0,healthy,5.0,Seafood Main Dishes,American,75.0,9,Seafood,International,recipe_images/recipe_824.jpg,Seafood
Salmon in Oyster Sauce,https://www.allrecipes.com/recipe/29493/salmon-in-oyster-sauce/,main-dish,This Asian influenced dish is simple and delicious! Serve with rice and vegetables.,"2 tablespoons oil ; 2 cloves garlic, crushed ; ¼ cup brown sugar ; 3  green onions, sliced ; ¼ cup oyster sauce ; 1 cup water ; 2 pounds salmon fillets ; 1 tablespoon cornstarch ; 2 tablespoons warm water","Heat oil in a medium skillet over medium heat. Stir in garlic and brown sugar, and cook until garlic is lightly browned. Stir in green onions, and cook until tender. Mix in oyster sauce and water. Place salmon fillets into skillet, and reduce heat to medium low. Spoon sauce mixture over fillets. Cook 10 to 15 minutes, until fish is easily flaked with a fork. Remove fish from skillet, and set aside. Mix cornstarch and warm water into the remaining sauce mixture. Stir until thickened to desired consistency. Pour over salmon to serve.",40 mins,6.0,6 servings,340.6,9.30686048572948,1.5954617975536254,4.839567452579329,0.2054157064350292,amber,amber,green,green,2.0,2.0,1.0,1.0,6.0,healthy,4.33,Seafood Main Dishes,,40.0,9,Seafood,Asian,recipe_images/recipe_825.jpg,Seafood
Baked Salmon I,https://www.allrecipes.com/recipe/21185/baked-salmon-i/,main-dish,"A delicious, healthy dinner of salmon with herbs and rice.",1 cup brown rice ; 2 ½ cups water ; 1 pound salmon fillet ; ¼ cup orange juice ; 1 teaspoon dried dill weed ; 1 teaspoon dried rosemary ; 1 teaspoon dried basil ; 1 teaspoon dry mustard ; 1 teaspoon lemon pepper,"Preheat oven to 350 degrees F (175 degrees C). In a saucepan bring 2 1/2 cups of water to a boil. Add rice and stir. Reduce heat, cover and simmer for 20 minutes. In a large pan, add enough water to just cover the bottom of the pan.  Lay the salmon fillet in the pan, pink side up. Place cooked rice around the outside of the fish. Sprinkle the orange juice over the fish and rice. In a small bowl, combine the dill weed, rosemary, basil, mustard, lemon pepper and sprinkle over the fish and rice. Cover with aluminum foil. Bake in a preheated oven for 30 to 40 minutes or until the salmon is tender and flaky.",1 hr,4.0,4 servings,354.8,9.903316165175744,1.9517484413120088,1.0120177103099304,0.3336044095057378,amber,amber,green,amber,2.0,2.0,1.0,2.0,7.0,healthy,4.1,Seafood Main Dishes,,60.0,9,Seafood,International,recipe_images/recipe_831.jpg,Seafood
Delicious Feta-Crusted Salmon,https://www.allrecipes.com/recipe/142377/delicious-feta-crusted-salmon/,main-dish,"I first created this dish when my family suggested I try something other than the same tired (yet still yummy) Asian salmon dish. I whipped this up out of ingredients I had on hand. They thanked me profusely. Now I have a new dish to use. It's pretty rich in flavor, but not so high in fat (depending on what kind of ingredients you use). Enjoy!","1 (2 pound) salmon fillet, bones removed ; ½ cup crumbled feta cheese ; ⅓ cup light mayonnaise ; 1 tablespoon light cream cheese ; 1 tablespoon Dijon mustard ; 1 teaspoon balsamic vinegar ; ½ teaspoon salt ; ½ teaspoon black pepper ; ½ teaspoon paprika, ground ; 1 tablespoon onion powder ; 1 teaspoon garlic powder ; ⅓ cup panko (Japanese bread crumbs) or regular dry bread crumbs","Preheat oven to 400 degrees F (200 degrees C). Line a baking sheet with aluminum foil, and lightly oil. Place salmon onto foil and set aside. Mix together feta cheese, mayonnaise, cream cheese, Dijon mustard, balsamic vinegar, salt, pepper, paprika, onion powder, and garlic powder in a bowl until smooth. Spread mixture over salmon, then sprinkle panko over top, covering completely. Bake in preheated oven until easily flaked with a fork, about 35 to 45 minutes.",45 mins,8.0,8 servings,262.8,13.234642464426976,3.4662158835403987,1.024109238318754,0.8801431127012522,amber,amber,green,amber,2.0,2.0,1.0,2.0,7.0,healthy,4.6,Seafood Main Dishes,American,45.0,12,Seafood,Mediterranean,recipe_images/recipe_836.jpg,Seafood
Sweet and Sour Fish,https://www.allrecipes.com/recipe/21542/sweet-and-sour-fish/,main-dish,Any kind of filleted fish can be substituted in this recipe.,"1 pound halibut ; 1 tablespoon soy sauce ; 1 tablespoon all-purpose flour ; 2 cups oil for deep frying ; 1  green bell pepper, diced ; 1  onion, diced ; 1 (8 ounce) can pineapple chunks, juice reserved ; 1 ½ tablespoons white sugar ;   salt to taste ; 3 tablespoons ketchup ; 1 tablespoon water ; 1 teaspoon sesame oil ; 2 teaspoons all-purpose flour","Cut halibut into bite-size pieces. Place in a mixing bowl and combine with soy sauce and 1 tablespoon of flour. Let stand for 30 minutes. Meanwhile, heat oil in deep-fryer or heavy saucepan to 375 degrees F (190 degrees C). Deep fry halibut pieces until golden brown. Drain on paper towels; set aside. For the Sauce, saute green pepper, onion and pineapple in a medium skillet for 1 minute. Stir in reserved pineapple juice, sugar, ketchup, water, remaining 2 teaspoons of flour, sesame oil, and salt to taste. Cook until thickened, stirring occasionally. Serve, by dipping fried halibut pieces into sauce, or pour the sauce over the fish.",1 hr,3.0,3 servings,435.0,4.3750911477322445,0.5687618492051918,5.053230275630742,0.302482864226338,amber,green,amber,amber,2.0,1.0,2.0,2.0,7.0,healthy,4.21,Seafood Main Dishes,American,60.0,13,Seafood,Chinese,recipe_images/recipe_843.jpg,Seafood
Nat's Shrimp and Veggie Stuffed Zucchini,https://www.allrecipes.com/recipe/204093/nats-shrimp-and-veggie-stuffed-zucchini/,main-dish,A light meal that can be served alone or as a side dish. Great for an overgrown zucchini.,"1 extra large zucchini ; ¼ cup olive oil, divided ; 6 cloves garlic, finely chopped ; 1  shallot, finely chopped ; ½ pound large shrimp - shelled, deveined, and cut in half ; 1 large tomato - peeled, seeded and diced ; 8  cremini mushrooms, quartered ; ¼ cup grated Parmesan cheese ; 8 leaves fresh basil, torn ;   ground black pepper to taste ;   kosher salt to taste ;   garlic powder to taste ; ¼ cup grated Parmesan cheese, divided","Preheat the oven's broiler and set the oven rack about 6 inches from the heat source. Grease a baking sheet. Cut the zucchini in half the long way, and scoop out the seeds and pulp, leaving a thick shell of flesh. Brush both halves of the zucchini with about 1 tablespoon of olive oil, and place them, cut sides down, onto the prepared baking sheet. Bake until the zucchini are hot and beginning to release beads of moisture, 5 to 10 minutes. Remove the zucchini from the oven. Reduce the oven heat to 450 degrees F (230 degrees C). Heat 2 tablespoons of olive oil in a skillet over medium-low heat, and cook and stir the garlic and shallot until translucent, about 5 minutes. Remove from the heat and let cool. Place 1 tablespoon of olive oil, the shrimp, diced tomato, mushrooms, 1/4 cup of Parmesan cheese, basil, and the cooked garlic and shallot into a bowl, and stir to mix. Season to taste with black pepper, salt, and garlic powder. Stuff the mixture into the zucchini halves, and sprinkle each zucchini with about 2 tablespoons of Parmesan cheese. Bake the stuffed zucchini in the preheated oven until the cheese is browned and the filling is cooked through and hot, about 20 minutes.",55 mins,4.0,4 servings,267.0,7.481457594324412,1.6338815435880898,2.278834784478126,0.4039557132107922,amber,amber,green,amber,2.0,2.0,1.0,2.0,7.0,healthy,4.68,Stuffed,American,55.0,13,Stuffed Dishes,Italian,recipe_images/recipe_845.jpg,Stuffed Dishes
Rockfish Tacos,https://www.allrecipes.com/recipe/281220/rockfish-tacos/,main-dish,"If you've never had a fish taco, they're a fabulous introduction to the cuisine of Baja California. They're also fairly healthy, so feel free to eat more than one!","2 tablespoons ranch dressing ; 1 teaspoon seafood seasoning (such as ; ) ; 1 pound rockfish ; 1 (5.8 ounce) package hard taco shells ; 2 cups coleslaw mix ; ⅓ cup sour cream ; 2 tablespoons chopped fresh cilantro ; 1 tablespoon lime juice, or more to taste ; 1 teaspoon ground cumin ; ½ teaspoon salt ; ¼ teaspoon black pepper","Preheat the oven to 375 degrees F (190 degrees C). Mix ranch dressing and seafood seasoning together. Place rockfish on a rimmed baking sheet and brush fish with the ranch mixture. Bake in the preheated oven until fish flakes easily with a fork, about 25 minutes. Meanwhile, mix coleslaw mix, sour cream, cilantro, lime juice, cumin, salt, and pepper together in a bowl. Refrigerate until ready to serve. Reduce oven temperature to 325 degrees F (165 degrees C). Arrange taco shells on a baking sheet and bake until crisp, 6 to 7 minutes. Separate cooked rockfish into 1- to 2-inch pieces. Place slaw inside taco shells and top with rockfish pieces. Serve immediately.",45 mins,6.0,6 servings,275.3,6.545793278813029,1.86303347166217,0.3021135359452168,0.6291514386059139,amber,amber,green,amber,2.0,2.0,1.0,2.0,7.0,healthy,5.0,Taco Recipes,American,45.0,12,Taco,Mexican,recipe_images/recipe_846.jpg,Sandwiches and Tacos
Halibut with Vegetables,https://www.allrecipes.com/recipe/146568/halibut-with-vegetables/,main-dish,"Halibut baked with fresh parsley, olive oil, garlic and vegetables.  I made this for a dinner party and everybody loved it!","2 pounds halibut fillets ;   salt and pepper to taste ; ¼ cup olive oil ; ½ cup chopped fresh parsley ; 1  yellow onion, thinly sliced ; 2 stalks celery, chopped ; 1  green bell pepper, chopped ; 1 (16 ounce) can diced tomatoes ; 2 tablespoons capers ; 4 cloves garlic, minced","Preheat oven to 425 degrees F (220 degrees C). Wash halibut and pat dry. Cut into serving size pieces, and place in a 9x13 inch baking pan. Sprinkle with salt and pepper. Stir together the olive oil, parsley, onion, celery, bell pepper, tomatoes, capers, and garlic; pour over the halibut. Bake until halibut is slightly opaque in the center, about 20 minutes. Remove from oven; let stand for 10 minutes before serving.",45 mins,6.0,6 servings,290.7,3.9761431411530817,0.4307488402915839,1.3916500994035783,0.2521537442014579,amber,green,green,green,2.0,1.0,1.0,1.0,5.0,healthy,4.66,,,45.0,10,Seafood,Mediterranean,recipe_images/recipe_851.jpg,Seafood
Sous Vide Salmon,https://www.allrecipes.com/recipe/270771/sous-vide-salmon/,main-dish,"Wonderfully moist and flavorful. We like our salmon on the firmer side, but this can easily be adjusted. Just lower the cooking temperature if you prefer it yours medium.","1 (8 ounce) salmon fillet ; 1  shallot, finely chopped ; 1 pinch salt and pepper ; 1 teaspoon olive oil","Fill a large pot with warm water. Attach a sous vide precision cooker to the pot and set temperature to 125 degrees F (51°C). Place shallot into a plastic bag and lay the salmon on top, skin-side down. Use a vacuum sealer to remove the air and seal the bag or use the water-immersion method. Once water temperature has reached 125 degrees F (51°C), add the bag to the pot and set timer for 45 minutes. Remove bag from the pot when the timer goes off and pat dry. Remove and discard the shallot. Heat olive oil in a nonstick or cast-iron skillet over medium heat until it shimmers. Add salmon, skin-side down, and sear for 1 1/2 minutes. Flip and sear for an additional 1 1/2 minutes.",1 hr,2.0,2 servings,244.9,11.153552330022915,2.13903743315508,0.6111535523300229,0.2805576776165011,amber,amber,green,green,2.0,2.0,1.0,1.0,6.0,healthy,5.0,Seafood Main Dishes,,60.0,4,Seafood,International,recipe_images/recipe_853.jpg,Seafood
Shrimp Spaghetti in Olive Oil Dressing,https://www.allrecipes.com/recipe/232587/shrimp-spaghetti-in-olive-oil-dressing/,main-dish,"A light, flavorful, quick, and easy gourmet dinner. My husband was impressed, and I eye-balled most of it, but here's what I came up with. Has a little kick, but not enough to overwhelm the clean flavors of the fresh ingredients.","1 (8 ounce) package spaghetti ; ¼ cup olive oil, divided ; 1 (10 ounce) package fresh spinach ; 1  zucchini, chopped ; 1  yellow squash, chopped ; 2 tablespoons pine nuts, or to taste ; 2 teaspoons minced garlic ; 1 pound uncooked medium shrimp, peeled and deveined ; 4 teaspoons lemon juice, divided ; 2 teaspoons chopped fresh parsley ; 1 teaspoon red pepper flakes ;   salt and ground black pepper to taste","Bring a large pot of lightly salted water to a boil. Cook spaghetti in the boiling water, stirring occasionally, until cooked through but firm to the bite, about 12 minutes. Drain and return spaghetti to the pot. Heat 1 tablespoon olive oil in a skillet over medium heat; cook and stir spinach, zucchini, squash, pine nuts, and garlic in hot oil until vegetables are tender, 5 to 7 minutes. Transfer mixture to a bowl. Heat another 1 tablespoon olive oil in the same skillet over medium heat; cook and stir shrimp and 2 teaspoons lemon juice until shrimp are bright pink and centers are opaque, about 5 minutes. Remove from heat. Combine remaining 2 tablespoons olive oil, 2 teaspoons lemon juice, parsley, and red pepper flakes in a bowl. Season with salt and pepper. Stir vegetable mixture, shrimp, and olive oil mixture into spaghetti until combined.",40 mins,4.0,4 servings,478.6,6.348649596632761,0.9470361276745002,1.0522623640827775,0.2322869168712731,amber,green,green,green,2.0,1.0,1.0,1.0,5.0,healthy,4.87,Pasta,American,40.0,12,Pasta and Noodles,Italian,recipe_images/recipe_856.jpg,Pasta
Keto Shrimp Scampi with Broccoli Noodles,https://www.allrecipes.com/recipe/266762/keto-shrimp-scampi-with-broccoli-noodles/,main-dish,Shrimp scampi is served over broccoli noodles for a keto-friendly meal. Garnish with Parmesan and additional basil if desired.,"2 large heads  broccoli with long stems ; 2 tablespoons olive oil, divided ;   salt and ground black pepper to taste ; 2 cloves garlic, minced ; 1 pound raw shrimp, peeled and deveined  ; 2 tablespoons dry white wine ; 2 tablespoons lemon juice ; 2 tablespoons butter ; 1 tablespoon minced fresh basil ; 1 tablespoon chopped fresh chives ; ½ teaspoon crushed red pepper","Cut off broccoli florets and save for another use. Cut woody ends off the stems. Shave large knots off the stems using a vegetable peeler so that they are as uniform as possible. Cut into noodles using the smallest blade on a spiralizer. Heat 1 tablespoon olive oil in a large skillet over medium-high heat. Add broccoli noodles, salt, and pepper; toss for 3 minutes. Remove from heat and set aside. Heat remaining olive oil and garlic in a separate skillet over medium heat. Cook for 1 minute. Add shrimp and cook until opaque, about 3 minutes per side. Transfer shrimp to a bowl. Add wine, lemon juice, butter, basil, chives, and red pepper to the skillet. Whisk over medium heat for 3 minutes. Return shrimp to the skillet and toss to coat. Spoon broccoli noodles into 4 serving bowls. Top with shrimp mixture.",30 mins,4.0,4 servings,267.4,7.095565271705184,2.4484697064334795,1.599000624609619,0.417738913179263,amber,amber,green,amber,2.0,2.0,1.0,2.0,7.0,healthy,4.7,Seafood Main Dishes,American Italian,30.0,11,Pasta and Noodles,Italian,recipe_images/recipe_857.jpg,Pasta
Sensational Salmon Loaf,https://www.allrecipes.com/recipe/86227/sensational-salmon-loaf/,main-dish,"This recipe has been in my family for years.  Served with creamed peas and boiled new (red) potatoes, it makes a yummy meal even the kids love!","1 (14.75 ounce) can salmon, drained and flaked ; 1 ½ cups crushed saltine crackers ; 1  egg, slightly beaten ; ½ cup diced green bell pepper ; ½ cup diced onion ; ¼ cup milk ; ½ teaspoon Worcestershire sauce ; 1 dash hot pepper sauce  (Optional);   black pepper to taste","Preheat oven to 350 degrees F (175 degrees C). Grease a 9x9-inch baking dish. In a large bowl, stir together salmon, crackers, egg, bell pepper, and onion. Mix in milk, Worcestershire sauce, and hot pepper. Season with black pepper. Mix well with your hands, and spread into baking dish. Bake in a preheated oven until the top is golden brown and a toothpick inserted into the center comes out clean, about 45 minutes. Cut into squares to serve.",1 hr,9.0,9 servings,143.4,9.089846398428914,2.0199658663175364,1.6833048885979474,1.294040633109672,amber,amber,green,amber,2.0,2.0,1.0,2.0,7.0,healthy,4.11,,,60.0,9,Meatloaf,American,recipe_images/recipe_862.jpg,Meat Dishes
Corn Flake-Crusted Halibut,https://www.allrecipes.com/recipe/220259/corn-flake-crusted-halibut/,main-dish,Corn flakes make a really delicious crust.,"2 cups corn flakes cereal, finely crushed ; 2 teaspoons chopped fresh dill ; ⅛ teaspoon cayenne pepper, or to taste ;   salt and freshly cracked black pepper to taste ; 4 (4 ounce) halibut fillets ; ⅓ cup light mayonnaise","Preheat the oven to 450 degrees F (230 degrees C). Line a baking dish with parchment paper. Combine crushed corn flakes, dill, cayenne pepper, salt, and ground black pepper in a large shallow bowl. Brush halibut with mayonnaise to evenly coat on all sides. Gently press the coated halibut fillets into the cornflake mixture to coat all sides; shake off any excess. Transfer breaded halibut fillets to the prepared baking dish. Bake in the preheated oven until fish flakes easily with a fork, 10 to 12 minutes.",20 mins,4.0,4 servings,241.7,4.435145554764914,0.5097868453752775,1.172509744363138,0.4101235171044107,amber,green,green,amber,2.0,1.0,1.0,2.0,6.0,healthy,4.47,,,20.0,6,Seafood,American,recipe_images/recipe_868.jpg,Seafood
Salmon with Fruit Salsa,https://www.allrecipes.com/recipe/50743/salmon-with-fruit-salsa/,main-dish,Baked salmon and fruit salsa with a spicy kick. Serve over rice.,"1 pound salmon steaks ; 1  lemon, juiced ; 1 tablespoon chopped fresh rosemary ;   salt and pepper to taste ; 1  lemon, sliced ; ⅓ cup water ; ¼ cup diced fresh pineapple ; ¼ cup minced onion ; 3 cloves garlic, minced ; 2  fresh jalapeno peppers, diced ; 1  tomato, diced ; ½ cup pineapple juice ; ¼ cup diced red bell pepper ; ¼ cup diced yellow bell pepper","Preheat oven to 350 degrees F (175 degrees C). Arrange salmon steaks in a shallow baking dish, and coat with the lemon juice. Season with rosemary, salt, and pepper. Top with lemon slices. Pour water into the dish. Bake for 30 to 40 minutes in the preheated oven, or until easily flaked with a fork. In a medium bowl, mix pineapple, onion, garlic, jalapeno, tomato, pineapple juice, red bell pepper, and yellow bell pepper. Cover, and refrigerate while fish is baking. Top fish with salsa to serve.",55 mins,4.0,4 servings,216.5,2.5662175785904138,0.549903766840803,2.272935569608652,0.1817431949408853,green,green,green,green,1.0,1.0,1.0,1.0,4.0,healthy,4.22,Seafood Main Dishes,American,55.0,14,Seafood,International,recipe_images/recipe_871.jpg,Seafood
Tuna-Stuffed Zucchini,https://www.allrecipes.com/recipe/215688/tuna-stuffed-zucchini/,main-dish,Easy and fairly quick to make. Tuna and zucchini go great together!,"3  zucchini, ends trimmed  ; 4 (3 ounce) cans tuna, drained and flaked ; ¼  onion, grated ; 1  tomato, finely chopped  (Optional); 1 cup dry bread crumbs ; 1  egg, beaten ;   salt and ground black pepper to taste ; 1 tablespoon olive oil","Fill a large pot with salted water, place the zucchini into the pot, and boil over medium heat for about 5 minutes to soften. Remove the zucchini, slice in half lengthwise, and allow to cool. Preheat oven to 350 degrees F (175 degrees C). Lightly grease a 9x13-inch baking dish. Scoop out the flesh from the zucchini halves, leaving a 1/2-inch shell. Set aside the scooped out flesh in a bowl. Place the zucchini flesh into a bowl and mash well. Mix in the tuna, onion, tomato, bread crumbs, egg, salt, and black pepper. Lightly stuff the zucchini shells with the tuna mixture. Drizzle about 1/2 teaspoon of olive oil over each stuffed zucchini half. Bake in the preheated oven until the tops are slightly browned, 20 to 25 minutes.",50 mins,6.0,6 stuffed zucchini halves,192.5,3.739061256961018,0.7955449482895784,3.1026252983293556,0.4158711217183771,amber,green,green,amber,2.0,1.0,1.0,2.0,6.0,healthy,3.78,Stuffed,American,50.0,8,Stuffed Dishes,Mediterranean,recipe_images/recipe_872.jpg,Stuffed Dishes
Alaskan BBQ Salmon,https://www.allrecipes.com/recipe/16646/alaskan-bbq-salmon/,main-dish,"Simple and sweet, this recipe for grilling a whole salmon fillet is sure to be a family favorite.",1 cup brown sugar ; ½ cup honey ; 1 dash liquid smoke flavoring ; ½ cup apple cider vinegar ; 1 (4 pound) whole salmon fillet,"Preheat grill for high heat. In a small bowl, mix together brown sugar, honey, liquid smoke, and vinegar. Brush one side of the salmon with the basting sauce. Place the salmon on the grill, basted side down. After about 7 minutes, generously baste the top, and turn over. Cook for about 8 more minutes, then brush on more basting sauce, turn, and cook for 2 minutes. Take care not to overcook the salmon as it will loose its juices and flavor if cooked too long.",27 mins,16.0,16 servings,269.3,8.88485032056136,1.7769700641122723,17.85047200767328,0.1185319804129436,amber,amber,amber,green,2.0,2.0,2.0,1.0,7.0,healthy,4.15,,,27.0,5,Seafood,American,recipe_images/recipe_875.jpg,Seafood
Oven-Roasted Pistachio-Crusted Salmon,https://www.allrecipes.com/recipe/269279/oven-roasted-pistachio-crusted-salmon/,main-dish,This seasoned salmon is reminiscent of bistro-worthy fare when served with wilted spinach and freekeh.,"cooking spray ; 1 tablespoon butter ; 1 tablespoon grapeseed oil ; 4 (4 ounce) salmon fillets with skin ; 2 ½ teaspoons Greek seasoning (such as Cavender's), divided ; ¼ cup crushed pistachios ; ¼ cup panko bread crumbs","Preheat the oven to 375 degrees F (190 degrees C). Line a baking sheet with aluminum foil and spray with cooking spray. Place butter in a microwave-safe bowl and melt in the microwave, 15 to 30 seconds. Let cool and stir in grapeseed oil. Place salmon fillets skin-side down on the baking sheet. Brush with butter mixture and sprinkle evenly with 1 1/2 teaspoons Greek seasoning. Mix crushed pistachios, bread crumbs, and remaining 1 teaspoon Greek seasoning together in a small bowl. Sprinkle evenly over salmon. Bake in the preheated oven until salmon flakes easily with a fork, about 20 minutes.",30 mins,4.0,4 servings,285.5,13.312327688066167,3.2296179598267027,0.4726270185112248,0.8481685703032689,amber,amber,green,amber,2.0,2.0,1.0,2.0,7.0,healthy,5.0,Ingredients,American,30.0,7,Seafood,Mediterranean,recipe_images/recipe_885.jpg,Seafood
Linguini with White Clam Sauce,https://www.allrecipes.com/recipe/40156/linguini-with-white-clam-sauce/,main-dish,This clam sauce is very creamy and there is no butter in it. I get requests for this all the time.,"1 (16 ounce) package linguine pasta ; 4 tablespoons olive oil ; 1  onion, chopped ; 2 cloves garlic, minced ; 3 tablespoons all-purpose flour ; 2 (6.5 ounce) cans minced clams, drained with juice reserved ; 1 ½ cups milk ; 2 tablespoons white wine ; ½ teaspoon chopped fresh parsley ; ¼ teaspoon pepper ; ¼ teaspoon salt","Bring a large pot of lightly salted water to a boil. Add pasta and cook for 8 to 10 minutes or until al dente; drain. Heat olive oil in a large heavy skillet over medium heat. Saute onion and garlic until soft and translucent. Stir in flour, then the reserved clam juice. Gradually blend in the milk. Stir in wine and parsley. Cook, stirring, for 5 minutes, or until sauce thickens. Mix in the clams. Spoon over cooked pasta.",25 mins,4.0,4 servings,744.4,6.927315665179743,1.3294848246304556,3.2537391760692738,0.2574127525583836,amber,green,green,green,2.0,1.0,1.0,1.0,5.0,healthy,4.15,Seafood Main Dishes,,25.0,11,Pasta and Noodles,Italian,recipe_images/recipe_888.jpg,Pasta
Shrimp and Artichoke Linguine,https://www.allrecipes.com/recipe/11667/shrimp-and-artichoke-linguine/,main-dish,Simple and delicious.  Have all ingredients ready to go to aid preparation.,"1 (8 ounce) package linguini pasta ; 2 tablespoons olive oil ; 1  onion, chopped ; 1 clove crushed garlic ; 1 pound large shrimp - peeled and deveined ; 1 ¼ cups frozen artichoke hearts ; ½ cup white wine ; 2 tablespoons lemon juice ; 2 teaspoons lemon zest ;   salt to taste ;   ground black pepper to taste ; 2 tablespoons chopped fresh parsley","Cook pasta in boiling water. While pasta is cooking, saute onion and garlic in oil for about 5 minutes.  Remove to bowl.  Add shrimp to remaining drippings, and cook for about 3 minutes. Stir in artichoke hearts, wine, lemon juice, lemon peel, salt, pepper, and cooked onion.  Heat to boiling over high heat.  Reduce heat to low; simmer, covered, for 4 to 5 minutes.  Toss with pasta and parsley.  Serve immediately.",40 mins,4.0,4 servings,451.2,4.535909281814363,0.6719865602687946,1.5119697606047875,0.2266904661906761,amber,green,green,green,2.0,1.0,1.0,1.0,5.0,healthy,3.7,,,40.0,12,Pasta and Noodles,Italian,recipe_images/recipe_898.jpg,Pasta
Quick Clam Spaghetti,https://www.allrecipes.com/recipe/74793/quick-clam-spaghetti/,main-dish,"A very quick and easy crowd pleaser! Spaghetti tossed with clams, garlic, parsley, and Parmesan. The kids will love it, adults too! I like to serve with a crisp white wine, a tossed green salad, and garlic bread.","1 (16 ounce) package uncooked spaghetti ; 2 tablespoons olive oil ; 2 cloves garlic, chopped ; 2 (6.5 ounce) cans chopped clams with juice ; ½ cup finely chopped fresh parsley ; ½ cup grated Parmesan cheese ;   fresh parsley, for garnish","Bring a large pot of lightly salted water to a boil. Add spaghetti, cook for 8 to 10 minutes, until al dente, and drain. Heat the oil in a skillet over medium heat, and saute the garlic 1 minute, until tender. Mix in the clams and juice. Cook, stirring occasionally, until liquid is reduced to about 1/2 cup. In a large bowl, toss the spaghetti with the sauteed clams, chopped parsley, and Parmesan cheese. Garnish with parsley sprigs to serve.",35 mins,8.0,8 servings,329.6,5.657766617127043,1.3119458822323578,0.2459898529185671,0.3023625275457386,amber,green,green,amber,2.0,1.0,1.0,2.0,6.0,healthy,4.13,,,35.0,7,Pasta and Noodles,Italian,recipe_images/recipe_901.jpg,Pasta
Honey Shrimp Stir-Fry,https://www.allrecipes.com/recipe/260246/honey-shrimp-stir-fry/,main-dish,"No need to order take out, this delicious Honey Shrimp Stir-Fry comes together in no time!","1 tablespoon soy sauce ; ½ tablespoon fish sauce ; ½ tablespoon sesame seeds ; 1 tablespoon cornstarch ; 1 tablespoon Aunt Sue’s Raw & Unfiltered Honey ; ¼ cup chicken stock ; 1 tablespoon canola oil ; 1  red bell pepper, chopped ; 1  green bell pepper, chopped ; 1  yellow bell pepper, chopped ; 1  onion, chopped ; 1 cup button mushrooms, chopped ; 1  carrot, chopped ; ½  zucchini, chopped ; ½ cup sugar snap peas ; ¼ pound peeled and deveined shrimp ; 2 cloves garlic, finely minced ; 4 cups cooked white rice ;   Chopped scallions for garnish","Whisk together soy sauce, fish sauce, sesame seeds, cornstarch, honey, and chicken stock. Set aside. Heat canola oil in a large skillet over medium high heat. Add chopped peppers, onion, mushrooms, carrot, and zucchini to skillet and saute for about five minutes, or until vegetables have began to soften and take on color. Using tongs or a spatula, push vegetables to the sides of the skillet. Add shrimp to the center and saute till pink and translucent, about 3 minutes. Add garlic to the skillet, and cook for about a minute. And soy sauce-honey mixture and sugar snap peas. Cook for another two minutes. Serve over steamed rice, topped with chopped scallion.",32 mins,4.0,4 servings,356.6,1.6863143102506049,0.1873682566945116,2.904207978764931,0.3652900304473417,green,green,green,amber,1.0,1.0,1.0,2.0,5.0,healthy,4.33,,,32.0,19,Seafood,Asian,recipe_images/recipe_902.jpg,Seafood
Lemon Dill Salmon Fillet,https://www.allrecipes.com/recipe/254816/lemon-dill-salmon-fillet/,main-dish,This is honestly the best salmon you will ever taste! Lemony dill salmon fillets steamed to perfection in tin foil pouches accompanied by homemade tartar sauce! Quick. Simple. Delicious.,"½ pound baby red and yellow potatoes, or to taste ; 1 cup fresh green beans, trimmed, or to taste ; 2 tablespoons olive oil, divided ; 2 (6 ounce) salmon fillets ; 1 clove garlic, crushed ; 1 sprig chopped fresh dill ; ½  lemon, sliced ; ½  lemon, juiced ; ½ teaspoon freshly ground black pepper ; ⅓ teaspoon coarse salt ; 3 tablespoons mayonnaise ; 1 ½ tablespoons capers, roughly chopped ; 1  lemon, juiced ; ½ teaspoon freshly ground black pepper ; ¼ teaspoon salt","Preheat oven to 325 degrees F (165 degrees C). Place a steamer insert into a saucepan and fill with water to just below the bottom of the steamer. Bring water to a boil. Add potatoes and green beans, cover, and steam until tender, about 10 minutes. Drain. Brush the shiny side of 2 large pieces of aluminum foil with 1 teaspoon olive oil each. Place salmon skin-side down in the center. Brush remaining olive oil and garlic over salmon. Sprinkle dill on top. Divide lemon slices over salmon; squeeze 1/2 lemon on top. Season with 1/2 teaspoon pepper and 1/3 teaspoon salt. Cover salmon with 2 pieces of aluminum foil, shiny-side down. Roll aluminum foil inwards on all sides to create a pouch. Transfer pouches to a baking sheet. Bake in the preheated oven until salmon flakes easily with a fork, 10 to 12 minutes. Mix mayonnaise and capers together in a small bowl to make a tartar sauce. Stir in juice from 1 lemon, 1/2 teaspoon pepper, and 1/4 teaspoon salt. Serve steamed potatoes, green beans, and tartar sauce alongside salmon.",50 mins,4.0,4 servings,283.3,7.887817703768625,1.2708150744960562,0.4382120946538124,0.5888475021910605,amber,green,green,amber,2.0,1.0,1.0,2.0,6.0,healthy,4.43,Seafood Main Dishes,,50.0,15,Seafood,Mediterranean,recipe_images/recipe_906.jpg,Seafood
Citrus Salmon in Parchment,https://www.allrecipes.com/recipe/103802/citrus-salmon-in-parchment/,main-dish,"My mom taught me this trick for baking fish while keeping the moisture and flavors in. It is nearly foolproof and adapts easily; substitute regular oranges or other citrus, herbs and oils to your taste. Parchment paper is available in most grocery stores.","4 (4 ounce) wild salmon fillets ; 3 teaspoons olive oil ; 4  (12 inch) squares of parchment paper ; 1  blood orange, sliced into rounds ; 1  lemon, sliced into rounds ; 1  lime, sliced into rounds ; 1 bunch fresh dill weed ; ½ teaspoon lemon pepper","Preheat the oven to 450 degrees F (220 degrees C). Brush each piece of salmon on both sides with a light coating of olive oil. Fold each sheet of parchment in half and use scissors to round out the corners so that it is almost a circle. Open the sheets back up. Place the salmon fillets skin side down onto the center of each piece of parchment. Sprinkle with lemon pepper, then place a sprig of dill onto each fillet. Cover with one slice of orange, one slice of lemon and one slice of lime per serving. You may add more to taste. Lay another sprig or two of dill over the citrus slices. Fold each piece of parchment up and over the fillets. Holding both edges of the parchment together, roll the edge down making several folds as you go until the fish fillets are tightly sealed in their packets. Place packets on a baking sheet. Bake for 12 to 15 minutes in the preheated oven, or until fish is able to be flaked with a fork. You may need to open one of the packets to check. To serve, place packets onto serving plates and use scissors to cut an X in the center, being careful not to cut the food.",25 mins,4.0,4 servings,273.1,6.753355704697987,1.2583892617449663,0.1258389261744966,0.1368498322147651,amber,green,green,green,2.0,1.0,1.0,1.0,5.0,healthy,4.48,,,25.0,8,Seafood,International,recipe_images/recipe_914.jpg,Seafood
"Earth, Sea and Fire Salmon",https://www.allrecipes.com/recipe/72463/earth-sea-and-fire-salmon/,main-dish,"This dish is amazingly easy to make and the end result will just make you look super good! The secret of its great flavor is in the quality of the ingredients. It doesn't need much seasoning, for it would only disguise the flavor of this great combination of ingredients. Earth (potatoes, onions, roasted peppers), Sea (fresh salmon) and Fire (your favorite oven) make this a winning recipe that you all will love to try!","2 tablespoons olive oil ; 4 (8 ounce) salmon fillets ; 4 medium potatoes, peeled and sliced ; 2 large red onions, sliced into rings ; 1  jarred roasted red pepper, drained and cut into strips ; 8 ounces portobello mushrooms ; 1 tablespoon fresh lemon juice ;   salt and pepper to taste ; 1 teaspoon sesame oil","Preheat the oven to 350 degrees. Coat the bottom of a 9x13 inch baking dish generously with olive oil. Arrange potato slices in a layer on the bottom of the baking dish. Season with a little salt and pepper. Place a layer of onions over the potatoes, then a layer of roasted peppers, seasoning each layer with salt and pepper as desired. Place salmon fillets over the vegetables in the dish, and season with lemon juice, salt and pepper. Place whole mushrooms over the fillets, and drizzle them with sesame oil. Bake for 45 minutes in the preheated oven. Fish should flake easily with a fork, and potatoes should be tender.",1 hr,8.0,8 servings,325.2,5.3546099290780145,0.9929078014184396,1.2056737588652482,0.1183510638297872,amber,green,green,green,2.0,1.0,1.0,1.0,5.0,healthy,3.97,,,60.0,9,Seafood,Mediterranean,recipe_images/recipe_920.jpg,Seafood
Yin-Yang Salmon,https://www.allrecipes.com/recipe/142769/yin-yang-salmon/,main-dish,This is the best salmon recipe ever! It is awesome!,"½ cup hot red pepper sauce ; ½ cup brown sugar, or to taste ; 2 tablespoons butter ; 1 tablespoon honey ; 2 tablespoons fresh lemon juice ; 1 tablespoon olive oil ; 1 (2 pound) boneless salmon fillet ; ¼ cup chopped green onions ; 1 pinch salt ; 1 pinch freshly ground black pepper","Stir together the hot sauce, brown sugar, butter, honey, and lemon juice in a saucepan over medium heat. Stir continuously for 3 to 4 minutes, until the sugar has dissolved and the mixture is well blended. Remove from heat, and set aside. Coat a casserole dish with olive oil. Poke holes in the salmon with a fork, then place into the dish. Pour reserved sauce over the fish, top with green onions, and season with salt and pepper. Marinate for 30 minutes. Preheat oven to 425 degrees F (220 C). Bake salmon in preheated oven, uncovered, until the fish flakes easily with a fork, about 25 minutes.",1 hr 10 mins,6.0,6 servings,382.7,11.828262723912426,3.241398919533694,11.99886266704578,0.8504407165197613,amber,amber,amber,amber,2.0,2.0,2.0,2.0,8.0,healthy,4.36,Seafood Main Dishes,,70.0,10,Seafood,American,recipe_images/recipe_924.jpg,Seafood
Halibut Steaks,https://www.allrecipes.com/recipe/71891/halibut-steaks/,main-dish,This is an easy low fat low calorie recipe - great for those who have to watch your cholesterol !!,"1 tablespoon olive oil ; 1 small onion, halved and thinly sliced ; ½  bell pepper, sliced thinly ; 8 ounces sliced fresh mushrooms ; 1 clove chopped fresh garlic ; 2 medium zucchini, julienned ; 6 (6 ounce) halibut steaks ; ½ teaspoon dried basil ; ½ teaspoon salt, or to taste ; ½ teaspoon ground black pepper ; 1 medium tomato, thinly sliced","Preheat the oven to 400 degrees F (200 degrees C). Heat the olive oil in a skillet over medium heat. Add the onion, bell pepper, mushrooms, garlic and zucchini. Cover, and cook stirring occasionally, until the onions are translucent, about 5 minutes. Place halibut steaks into a shallow baking dish, and top with the sauteed vegetables. Season with basil, salt and pepper. Bake for 10 minutes in the preheated oven, then remove the dish, and cover the fillets with a layer of sliced tomato. Return to the oven, and bake for an additional 10 minutes, or until fish flakes easily with a fork.",30 mins,6.0,6 servings,237.3,2.362133187971291,0.3270645952575634,1.0902153175252112,0.2689197783228854,green,green,green,green,1.0,1.0,1.0,1.0,4.0,healthy,4.49,Seafood Main Dishes,,30.0,11,Seafood,International,recipe_images/recipe_926.jpg,Seafood
Maple-Rum Glazed Salmon,https://www.allrecipes.com/recipe/241178/maple-rum-glazed-salmon/,main-dish,"Very easy recipe for oven roasted salmon fillets with a maple-rum glaze. The first time I made it this instantly eclipsed another salmon recipe (with an orange-ginger sauce) that we had used and loved for years. Some folks might write this off due to the mustard, but the flavors blend so well it is undetectable.",¼ cup dark rum ; ¼ cup maple syrup ; 2 tablespoons Dijon mustard ; 4 (5 ounce) boneless salmon fillets,"Whisk rum, maple syrup, and mustard together in a large glass or ceramic dish until marinade is well-combined. Place fillets in marinade and turn to coat. Cover the bowl with plastic wrap and marinate in the refrigerator for at least 30 minutes. Preheat oven to 450 degrees F (230 degrees C). Remove salmon from marinade, and shake off excess. Place fillets in a glass baking dish. Pour marinade into a small saucepan and bring to a boil.  Reduce heat to medium-low and simmer until glaze is reduced, about 10 minutes; set aside. Bake fillets in the preheated oven until fish flakes easily with a fork, 20 to 30 minutes. Top fillets with glaze.",1 hr,4.0,4 servings,297.0,5.380875202593193,1.166936790923825,7.585089141004862,0.4021069692058346,amber,green,amber,amber,2.0,1.0,2.0,2.0,7.0,healthy,4.2,,,60.0,4,Seafood,American,recipe_images/recipe_927.jpg,Seafood
Tuna Tacos,https://www.allrecipes.com/recipe/264303/tuna-tacos/,main-dish,"This is a tuna taco recipe I created 25 years ago. It is easy, quick, and very tasty. When served with crackers it makes a really good light snack or appetizer. I find that once you start eating them you really can't stop. I like to serve this with a chicken rice. To lighten the recipe, you can eat with crackers.","2 tablespoons vegetable oil ; 2 tablespoons butter  (Optional); 2 small tomatoes, diced ; 1 small onion, diced ; ½ teaspoon crushed garlic ; 2 (5 ounce) cans tuna, drained ; ½ teaspoon salt ; ½ teaspoon ground cumin ; 2  eggs ; 2 tablespoons finely chopped fresh cilantro ; 8 (6 inch) corn tortillas, warmed ; 1 large avocado, thinly sliced ; 2  limes, cut into eighths ; 1 dash hot sauce, or to taste","Heat oil and butter in a large pan over medium-high heat. Add tomatoes, onion, and garlic. Saute until tomatoes release all their juices, about 3 minutes. Add tuna, salt, and cumin. Saute for 1 minute. Stir in eggs and cilantro; cook until eggs are set, 3 to 5 minutes. Spoon 3 tablespoons of the tuna mixture onto each corn tortilla. Top each with a slice of avocado, lime juice, and hot sauce.",30 mins,8.0,8 tacos,237.0,8.008642419877567,2.1317969031328774,1.037090385307886,0.315304285199856,amber,amber,green,amber,2.0,2.0,1.0,2.0,7.0,healthy,4.75,Taco Recipes,,30.0,14,Taco,Mexican,recipe_images/recipe_930.jpg,Sandwiches and Tacos
Big Ray's Lemony Grilled Salmon Fillets with Dill Sauce,https://www.allrecipes.com/recipe/242233/big-rays-lemony-grilled-salmon-fillets-with-dill-sauce/,main-dish,"Grilled lemons add a smoky tartness to a butter sauce made to enjoy with grilled salmon. A touch of dill adds a fresh, clean finish. Make sure to use fresh dill; it really makes a difference!","2  lemons, ends trimmed and sliced thickly ; 4 (6 ounce) fillets salmon ; ½ cup water ; ⅓ cup lemon juice ; 1 ½ teaspoons cornstarch ; 4 teaspoons butter ; 3  lemon slices, cut into quarters ; 1 tablespoon snipped fresh dill ; ¼ teaspoon salt ; ⅛ teaspoon dried chervil ; 1 dash cayenne pepper","Preheat an outdoor grill for high heat and lightly oil the grate. Grill salmon and thick lemon slices on hot grill until salmon flakes easily with a fork, 3 to 5 minutes per side. Stir water, lemon juice, and cornstarch together in a small saucepan to dissolve the cornstarch; add butter and place over medium heat. Cook and stir the mixture until boiling and thick, 5 to 10 minutes. Remove saucepan from heat. Stir quartered lemon slices, dill, salt, chervil, and cayenne pepper into the sauce. Serve with the grilled salmon and grilled lemon slices.",30 mins,4.0,4 servings,243.2,3.3560507080052258,1.186482573537201,0.1694975105053144,0.2448391539249266,amber,green,green,green,2.0,1.0,1.0,1.0,5.0,healthy,4.6,Seafood Main Dishes,,30.0,11,Seafood,American,recipe_images/recipe_939.jpg,Seafood
Easy Pistachio-Crusted Salmon,https://www.allrecipes.com/recipe/269278/easy-pistachio-crusted-salmon/,main-dish,This is a very easy salmon recipe that tastes great with very few ingredients.,3 tablespoons maple syrup ; 3 tablespoons coarse grain Dijon mustard ;   salt and freshly ground black pepper to taste ; 4 (6 ounce) fillets salmon fillets ; ¼ cup finely chopped pistachio nuts,"Preheat the oven to 400 degrees F (200 degrees C). Line a baking sheet with parchment paper. Stir mustard, maple syrup, salt, and pepper together in a bowl. Place salmon fillets skin-side down onto the prepared baking sheet and spread mustard mixture on top. Bake in the preheated oven for about 10 minutes. Sprinkle pistachios on top of the salmon. Bake until salmon flakes easily with a fork, about 10 more minutes.",25 mins,4.0,4 servings,337.3,6.767765384133349,1.2532898859506203,4.812633162050382,0.5303922797343024,amber,green,green,amber,2.0,1.0,1.0,2.0,6.0,healthy,4.0,Ingredients,American,25.0,5,Seafood,American,recipe_images/recipe_940.jpg,Seafood
Amazing Salmon Marinade,https://www.allrecipes.com/recipe/236107/amazing-salmon-marinade/,main-dish,"This marinade is great for grilled salmon. It works well with any cut of salmon. However, I typically use salmon fillets. I like king salmon best, but it works well on any type of fresh salmon. This marinade is enough for 3 pounds of salmon.","⅓ cup loosely packed fresh basil leaves ; 3 tablespoons honey ; 1  lemon, juiced ; 1 tablespoon vegetable oil ; 1 tablespoon soy sauce ; 1 tablespoon chopped shallot ; 1 teaspoon Worcestershire sauce ; ½ teaspoon grated fresh ginger  ; 3 pounds salmon fillets","Make a shallow pan from a double layer of aluminum foil. Place foil pan in a large baking sheet. Arrange salmon fillets in the prepared foil pan, skin-side down. Stir basil, honey, lemon, oil, soy sauce, shallot, Worcestershire sauce, and ginger together in a bowl; pour over salmon. Let salmon marinate for 30 minutes to 2 hours. Preheat grill for medium-low heat. Slide salmon in the foil pan off the baking sheet onto the preheated grill. Cover grill. Cook until salmon is easily flaked with a fork, about 20 minutes.",1 hr 5 mins,8.0,8 servings,317.1,9.2743226798181,1.84461666559918,3.484275923909562,0.2578620380452187,amber,amber,green,green,2.0,2.0,1.0,1.0,6.0,healthy,3.73,,,65.0,9,Seafood,International,recipe_images/recipe_944.jpg,Seafood
"Shrimp, Broccoli Rabe, and Tomatoes Over Penne Pasta",https://www.allrecipes.com/recipe/230868/shrimp-broccoli-rabe-and-tomatoes-over-penne-pasta/,main-dish,"This shrimp and vegetable pasta dish goes great with a light, crisp white wine. If you love shrimp and you love pasta, why not add some vegetables.","12 ounces penne pasta ; ¼ cup extra-virgin olive oil ; 4 cloves garlic, minced ; 1 pound uncooked shrimp, peeled and deveined ; 1 bunch broccoli rabe ; ⅛ teaspoon red pepper flakes  (Optional); ¾ cup cream of chicken soup ; 2 tablespoons dry white wine ; 1 pound ripe tomatoes, diced and drained ; 2 tablespoons fresh lemon juice ; ½ cup chopped fresh basil, divided ; 1 cup shredded Parmigiano-Reggiano cheese, divided ;   salt and ground black pepper to taste","Fill a large pot with lightly salted water and bring to a boil. Stir in penne and return to a boil. Cook pasta uncovered, stirring occasionally, until cooked through but still firm to the bite, about 11 minutes. Drain penne and place in a large serving bowl. Heat olive oil in a deep skillet over medium-high heat. Cook and stir garlic in the hot oil until fragrant, about 30 seconds; add shrimp and cook until pink and opaque, about 2 minutes. Remove shrimp and set aside, reserving olive oil in skillet. Add broccoli rabe and red pepper flakes to skillet; cook and stir until rabe is tender and bright green, about 5 minutes. Add cream of chicken soup, white wine, diced tomatoes, cooked shrimp, lemon juice, 1/4 cup chopped fresh basil, 1/2 cup grated Parmigiano Reggiano cheese, salt, and ground black pepper; cook and stir until tomatoes are heated through, about 2 minutes. Toss shrimp and broccoli rabe mixture with penne in serving bowl; top with remaining 1/4 cup basil and 1/2 cup Parmigiano-Reggiano cheese.",55 mins,6.0,6 servings,460.8,6.187076697785098,1.6840563792787842,1.7206663005674538,0.5330404539630239,amber,amber,green,amber,2.0,2.0,1.0,2.0,7.0,healthy,4.57,,,55.0,13,Pasta and Noodles,Italian,recipe_images/recipe_945.jpg,Pasta
Seafood Stuffed Zucchini,https://www.allrecipes.com/recipe/44516/seafood-stuffed-zucchini/,main-dish,"Great summer recipe for zucchini stuffed with shrimp, crabmeat, and cheese.","4  zucchini, halved lengthwise ; 1  egg, beaten ; ½ pound cooked crabmeat, diced ; ½ pound cooked salad shrimp ; 2 teaspoons finely chopped garlic ; 2 tablespoons fresh lime juice ; 2 tablespoons fresh lemon juice ; 1 cup Italian seasoned bread crumbs ; 1 ½ teaspoons dried oregano ; 1 ½ teaspoons dried basil ; 1 teaspoon ground black pepper ; 1 cup shredded Monterey Jack cheese","Preheat oven to 350 degrees F (175 degrees C). With a large spoon, scoop out the centers of each zucchini half, reserving the meat. In a large bowl, mix about 1/2 the reserved zucchini meat, the egg, crabmeat, shrimp, and garlic. Blend lime juice and lemon juice into the mixture, and stir in the Italian seasoned bread crumbs. Season with oregano, basil, and pepper. Arrange the zucchini halves in a medium baking dish. Generously stuff the halves with the crabmeat and shrimp mixture. Bake 35 to 45 minutes in the preheated oven, until golden brown. Remove from heat, cool slightly, and top with cheese. Return to the oven, and broil 5 minutes, or until the cheese is melted.",1 hr 15 mins,8.0,8 servings,196.6,5.936750770635917,2.83137344445713,2.2833656810138145,1.0971572097271378,amber,amber,green,amber,2.0,2.0,1.0,2.0,7.0,healthy,3.97,,,75.0,12,Stuffed Dishes,American,recipe_images/recipe_946.jpg,Stuffed Dishes
Shrimp Scampi and Tomato Broil,https://www.allrecipes.com/recipe/179964/shrimp-scampi-and-tomato-broil/,main-dish,This is a fast recipe that always gets great reviews. I usually double the recipe because everyone in my family goes for seconds. Sometimes I even pour it over pasta...yum!,"2 tablespoons olive oil ; 4 cloves garlic, minced ; 1 pound large shrimp, peeled and deveined ; 2  tomatoes, chopped ; ½ cup white wine ; 1 cup shredded mozzarella cheese ; 2 tablespoons grated Parmesan cheese ; 1 teaspoon dried parsley","Preheat the oven's broiler, and set the oven rack about 6 inches from the heat source. Heat the oil in a large, oven-proof skillet over medium heat; add the garlic, and cook until lightly browned, about 1 minute.  Stir in the shrimp and the tomatoes.  Cook just until the shrimp turn pink, 3 to 5 minutes.  Pour in wine; simmer for 2 additional minutes. Top shrimp with mozzarella cheese, and broil until the cheese is melted and golden.  Sprinkle with Parmesan cheese and dried parsley before serving.",30 mins,4.0,4 servings,306.2,5.614174795938682,1.8315747561218392,1.0352379056340832,0.3857256619550069,amber,amber,green,amber,2.0,2.0,1.0,2.0,7.0,healthy,4.43,,,30.0,8,Seafood,Italian,recipe_images/recipe_949.jpg,Seafood
Rachel's Crab Imperial,https://www.allrecipes.com/recipe/218694/rachels-crab-imperial/,main-dish,Chunks of crab meat are baked in a creamy sauce underneath a buttery crust in this quick and easy recipe.,"1 tablespoon margarine ; 2 tablespoons all-purpose flour ; 2 cups milk ; 1 pound cooked crabmeat ; 2 teaspoons Worcestershire sauce ; ½  green bell pepper, minced ; 1  egg, beaten ;   salt and ground black pepper to taste ;   cayenne pepper to taste ; 2 slices white bread, crumbled into fine breadcrumbs ; 1 tablespoon melted butter","Preheat an oven to 350 degrees F (175 degrees C). Butter a 9x9-inch baking dish. Melt the margarine in a large saucepan over medium heat. Stir in the flour, and cook a few minutes until the bubbles begin to subside. Whisk in the milk, and cook over medium-high heat until thickened. Stir in the crabmeat, Worcestershire sauce, green pepper, and beaten egg. Season to taste with salt, black pepper, and cayenne pepper. Cook, stirring constantly until quite thick. Spoon into the prepared baking dish. Place the breadcrumbs into a mixing bowl, and drizzle with the melted butter. Toss together until the breadcrumbs are evenly moistened with butter. Sprinkle the breadcrumbs evenly over the crab mixture. Bake in the preheated oven until the casserole has firmed and the bread crumbs are golden brown, 10 to 15 minutes.",35 mins,4.0,1 9x9-inch casserole dish,305.6,4.0257502946776675,1.6320609302747302,2.538761447094025,0.5997823918759634,amber,amber,green,amber,2.0,2.0,1.0,2.0,7.0,healthy,4.21,Seafood Main Dishes,American,35.0,11,Seafood,American,recipe_images/recipe_951.jpg,Seafood
Baked Salmon,https://www.allrecipes.com/recipe/212920/baked-salmon/,main-dish,"A very easy recipe to do. Good tasting, too. Can be served with rice or baked potatoes or eaten by itself. If desired, potatoes can be baked during baking time.","1  tomato, chopped ; 1 (4 ounce) can sliced mushrooms, drained ; 1 large onion, minced ; 2  scallions, chopped ; 2 (1 pound) fillets salmon ;   salt and pepper to taste ; 2 tablespoons butter, cut up  (Optional); 1  lemon, sliced","Preheat an oven to 375 degrees F (190 degrees C). Line a baking dish with enough aluminum foil to be able to fold over ingredients. Stir together the tomato, mushrooms, onion, and scallions in a bowl; spread into the bottom of the prepared dish. Lay the salmon fillets over the mixture. Season with salt and pepper. Dot the salmon with the butter. Arrange the lemon slices atop the butter pieces. Fold the foil over the salmon, and press edges together to seal. Bake in the preheated oven until the fish flakes easily with a fork, about 1 hour.",1 hr 20 mins,5.0,5 servings,330.9,5.286493860845839,1.7735334242837657,0.8867667121418827,0.2043826739427012,amber,amber,green,green,2.0,2.0,1.0,1.0,6.0,healthy,4.27,,,80.0,8,Seafood,International,recipe_images/recipe_956.jpg,Seafood
Margarita Salmon,https://www.allrecipes.com/recipe/73902/margarita-salmon/,main-dish,"A nice, light, healthy summertime dinner. Salmon is marinated in a lime and honey mixture.  And anytime I add lime to a dish, I want a margarita the size of my head to go with it!",6 (5 ounce) salmon fillets ; 3 tablespoons fresh lime juice ; 3 tablespoons orange blossom honey ; 1 pinch brown sugar ; 2 tablespoons extra virgin olive oil ;   salt and pepper to taste ;   lime slices for garnish,"Place salmon fillets in a 9x13 inch baking dish. In a small bowl, stir together the lime juice, honey, brown sugar, and olive oil. Pour over the salmon. Cover and refrigerate for 30 minutes to marinate. Preheat the oven to 450 degrees F (220 degrees C). Season the salmon with salt and pepper. Bake for 15 minutes in the center of the preheated oven, or until fish flakes easily with a fork. Garnish with lime slices, and serve immediately.",50 mins,6.0,6 servings,308.1,11.075050709939148,2.068965517241379,5.598377281947261,0.1436105476673428,amber,amber,amber,green,2.0,2.0,2.0,1.0,7.0,healthy,4.22,Seafood Main Dishes,American,50.0,7,Seafood,Mexican,recipe_images/recipe_960.jpg,Seafood
Southwestern Crabcakes,https://www.allrecipes.com/recipe/80865/southwestern-crabcakes/,main-dish,"There is a wonderful hint of the Southwest in these crab-meat filled cakes.  Fabulous, healthy dinner that is great served with sour cream, salsa and a side salad.","½ cup reduced-fat sour cream ; 1  egg white, beaten ; ½ cup canned yellow corn ; ½ cup minced poblano pepper ; 1 teaspoon chili powder ; 1 teaspoon ground cumin ; ¼ teaspoon cayenne pepper ; ¾ cup soft bread crumbs ; 1 (16 ounce) can lump crabmeat, drained ; ¼ cup olive oil, or as needed","In a large bowl, stir together the sour cream and egg white. Stir in the corn and poblano pepper, and season with chili powder, cumin, and cayenne pepper. Mix in the bread crumbs and crabmeat until well blended. Shape into 10 patties about 1/2 inch thick. Heat the oil in a large skillet over medium-high heat. Cook the crab cakes 4 or 5 at a time until browned on both sides, about 10 minutes. Cover the pan with a lid while frying so the patties get heated through. Drain on paper towels, and serve immediately.",30 mins,10.0,10 servings,129.1,12.933568489124044,3.023431594860166,1.0078105316200554,0.8860334257159652,amber,amber,green,amber,2.0,2.0,1.0,2.0,7.0,healthy,3.11,,,30.0,10,Seafood,American,recipe_images/recipe_968.jpg,Seafood
Citrus Salmon with New Potatoes,https://www.allrecipes.com/recipe/263335/citrus-salmon-with-new-potatoes/,main-dish,"The perfect summer salmon recipe. Light but bursting with flavor. Salmon and broccolini are steamed on a bed of lemon, ginger, and garlic with orange juice and served with new potatoes.","12  new potatoes ; 1  lemon, sliced ; 2 teaspoons minced fresh ginger root ; 2 teaspoons minced garlic ; 4 (4 ounce) fillets skinless salmon ;   salt and freshly ground black pepper to taste ; 1 ½ cups freshly squeezed orange juice ; 1 cup finely chopped fresh mint, divided ; 12  broccolini ; 2 tablespoons olive oil","Place potatoes into a large pot and cover with salted water; bring to a boil. Reduce heat to medium-low and simmer until tender, 10 to 15 minutes. Meanwhile, place lemon slices on the bottom of a large skillet. Sprinkle 1 teaspoon ginger and 1 teaspoon garlic over the lemon slices. Season salmon with salt and pepper and place into the skillet. Pour in enough orange juice to just cover the lemon slices. Sprinkle 1/2 cup mint and remaining ginger and garlic on top of the salmon. Place broccolini on top. Cover the skillet. Steam salmon over medium heat until no longer pink in the middle and flesh flakes easily with a fork, 8 to 10 minutes. Transfer 5 tablespoons of the orange juice mixture from the skillet to a small bowl. Whisk in remaining mint and olive oil to make a vinaigrette. Drain potatoes. Serve salmon fillets on a platter with potatoes, broccolini, and vinaigrette on the side.",40 mins,4.0,4 servings,496.2,1.5195483564607186,0.2216008019838548,1.1291088482034506,0.0305756344642009,green,green,green,green,1.0,1.0,1.0,1.0,4.0,healthy,0.0,,,40.0,10,Seafood,International,recipe_images/recipe_969.jpg,Seafood
Pan Seared Salmon II,https://www.allrecipes.com/recipe/21322/pan-seared-salmon-ii/,main-dish,"A fun, and zesty way to cook spicy SALMON!","1 teaspoon butter ; 4 (4 ounce) fillets salmon ; 2 teaspoons vegetable oil ; ½  red bell pepper, diced ; ½  yellow bell pepper, diced ; 2 teaspoons garlic, finely chopped ; 1  lemon","In a large skillet, melt the teaspoon of butter and fry the salmon fillets until they are flaky on the inside and a little golden on the outside. In a medium skillet, place the oil, red pepper and yellow pepper; saute for 3 minutes. Set aside. In a small bowl, combine garlic and lemon juice. Drizzle over the finished salmon fillets.  Place the cooked peppers on top of the filets. Serve immediately.",30 mins,4.0,4 servings,224.8,10.059031877213693,2.266824085005903,0.7083825265643446,0.1105076741440377,amber,amber,green,green,2.0,2.0,1.0,1.0,6.0,healthy,4.54,Seafood Main Dishes,,30.0,7,Seafood,International,recipe_images/recipe_972.jpg,Seafood
Shrimp and Asparagus with a Louisiana Twist,https://www.allrecipes.com/recipe/234650/shrimp-and-asparagus-with-a-louisiana-twist/,main-dish,"A twist on a recipe found on this site. Being from Louisiana where shrimp is plentiful and served often I really needed something new. Just found out how AWESOME and healthy asparagus is. Nice to have leftovers. If you want more shrimp, add more; I find the veggies fill the space, making it healthier.","1 (16 ounce) package spaghetti (such as Dreamfields) ; ¼ cup butter ; ¼ cup extra-virgin olive oil ; 1 pound asparagus, cut into pieces ; 1  red bell pepper, thinly sliced ; 4  shallots, thinly sliced ; 4 cloves garlic, minced ; 1 tablespoon minced fresh basil ; ¼ teaspoon red pepper flakes ; ⅛ teaspoon oregano ; 1 pound medium shrimp, peeled and deveined ; ½ cup grated Parmesan cheese ;   salt and ground black pepper to taste","Bring a large pot of lightly salted water to a boil. Cook spaghetti in the boiling water, stirring occasionally, until cooked through but firm to the bite, about 12 minutes; drain. Transfer to a large mixing bowl. Melt butter with olive oil in a large saucepan over medium-low heat. Cook and stir asparagus, red bell pepper, shallots, garlic, basil, red pepper flakes, and oregano in the butter mixture until the pepper is softened, about 5 minutes. Add shrimp and continue cooking until the shrimp are bright pink on the outside and the meat is no longer transparent in the center, 3 to 5 minutes more. Pour shrimp and vegetable mixture over the spaghetti and toss to mix. Sprinkle Parmesan cheese over the pasta mixture and season with salt and pepper.",45 mins,8.0,8 servings,429.6,7.4731005630614495,2.659140077653767,1.14618106795421,0.2380618078140894,amber,amber,green,green,2.0,2.0,1.0,1.0,6.0,healthy,4.6,,,45.0,13,Pasta and Noodles,American,recipe_images/recipe_976.jpg,Pasta
Citrus Broiled Alaska Salmon,https://www.allrecipes.com/recipe/9337/citrus-broiled-alaska-salmon/,main-dish,This is a delicious salmon dish for a holiday dinner.,4 large  oranges ; 8 (4 ounce) fillets salmon ; 2 teaspoons red wine vinegar ; ½ cup chopped green onions ; 2 teaspoons cracked black pepper,"Preheat the oven's broiler. Slice, peel, and pith oranges; slice crosswise into 1/4 inch rounds. Season fillets with salt.  Place salmon fillets on broiling pan. Place the pan of fillets 4 to 6 inches from heat.  Cook for 15 minutes under the preheated broiler, or 10 minutes per inch of thickness.  Remove from broiler just before they are cooked through. Sprinkle with vinegar.  Arrange orange rounds on top.  Sprinkle with green onions and cracked black pepper.  Broil 1 minute longer.",30 mins,8.0,8 servings,168.1,2.0788912579957355,0.4797441364605544,4.690831556503198,0.0692963752665245,green,green,green,green,1.0,1.0,1.0,1.0,4.0,healthy,4.12,,,30.0,5,Seafood,American,recipe_images/recipe_979.jpg,Seafood
Salmon and Asparagus in a Bag,https://www.allrecipes.com/recipe/50427/salmon-and-asparagus-in-a-bag/,main-dish,"An easy, elegant dinner that's fun to make. The salmon is delicately infused with the flavor of the vegetables. If you like your asparagus more al dente, just skip the pre-steaming step.","1 pound asparagus spears, trimmed ; ¼ cup water ; 1 pound salmon fillets, skin removed ; 2 tablespoons olive oil ; 1 tablespoon lemon juice ; 1 tablespoon dried dill weed ;   salt and ground black pepper to taste ; 1 cup sliced spinach ; 1 tablespoon capers ; ¼ cup diced red onion ; 1 tablespoon lemon juice","Preheat oven to 450 degrees F (230 degrees C). Place asparagus and water in a covered, microwave-safe, and vented bowl; steam in the microwave for 5 minutes. Rub salmon with olive oil, 1 tablespoon lemon juice, dill weed, salt, and black pepper; place in a foil oven bag. Toss spinach, capers, red onion, and asparagus with salt, black pepper, and 1 tablespoon lemon juice in the foil oven bag. Place vegetables on top of salmon.  Fold foil bag closed and place in a baking dish. Bake in the preheated oven until salmon flakes easily with a fork, about 30 minutes. Carefully split bag open with a knife to release steam.",45 mins,4.0,4 servings,254.3,5.040770941438102,0.8895478131949592,0.9636767976278724,0.1124907338769458,amber,green,green,green,2.0,1.0,1.0,1.0,5.0,healthy,4.36,,,45.0,11,Seafood,International,recipe_images/recipe_980.jpg,Seafood
Tropical Shrimp Scampi,https://www.allrecipes.com/recipe/131198/tropical-shrimp-scampi/,main-dish,This fruity shrimp scampi has a citrus kick.,"1 (16 ounce) package linguine pasta ; ½ cup olive oil ; ½ cup pineapple juice ; ½ cup no-pulp orange juice ; 5 teaspoons grated orange zest ; 5 teaspoons lemon zest ; 1 teaspoon salt ; 1 teaspoon pepper ; 5 cloves garlic, peeled ; 1 pound medium shrimp - peeled and deveined ; 2 tablespoons chopped fresh parsley ; 2 tablespoons grated Parmesan cheese","Fill a large pot with lightly salted water and bring to a rolling boil over high heat.  Stir in the linguine, and return to a boil. Cook until the pasta has cooked through, but is still firm to the bite, about 11 minutes. While pasta is cooking, combine the olive oil, pineapple juice, orange juice, orange zest, lemon zest, salt, pepper, and garlic in a blender.  Blend on high speed until smooth. Pour sauce into a large skillet over medium-high heat.  Bring to a simmer and cook for 2 minutes.  Add the shrimp and parsley; cook until shrimp are pink and cooked through, 3 to 5 minutes. Drain the linguini, and place on a serving platter.  Spoon the shrimp and sauce over the pasta, and top with a sprinkle of Parmesan cheese.",40 mins,6.0,6 servings,520.1,8.783357848287455,1.3868459760453875,2.6896406808152973,0.5794284513553267,amber,green,green,amber,2.0,1.0,1.0,2.0,6.0,healthy,4.0,Seafood Main Dishes,,40.0,12,Pasta and Noodles,Italian,recipe_images/recipe_998.jpg,Pasta
Broiled Salmon Mignons,https://www.allrecipes.com/recipe/108872/broiled-salmon-mignons/,main-dish,Super easy way to make great salmon.  The uniform thickness of the pinwheels makes broiling super easy and the pinwheel allows the seasoning to saturate the fish. Good balsamic makes the difference in the flavor. Presentation is great!,"2 tablespoons balsamic vinegar ; 1 clove garlic, minced ; 1 pound skinless salmon fillet, cut into 6 - 3/4 inch strips ;   coarsely ground black pepper","Preheat the oven's broiler to 500 degrees; set the oven rack about 6 inches from the heat source. Combine the balsamic vinegar and the garlic in a small bowl; reserve. Roll the salmon strips, beginning on the thickest side, into 6 pinwheels. Secure with wooden skewers. Drizzle the balsamic and garlic mixture generously over each pinwheel. Place salmon under hot broiler and cook for 7 minutes. Turn pinwheels over; cook until edges are brown, and fish is easily flaked with a fork, about 7 additional minutes. Sprinkle with pepper before serving.",30 mins,3.0,6 salmon pinwheels,251.9,8.20839580209895,1.686656671664168,0.843328335832084,0.1052754872563718,amber,amber,green,green,2.0,2.0,1.0,1.0,6.0,healthy,4.13,,,30.0,4,Seafood,International,recipe_images/recipe_1003.jpg,Seafood
BBQ Salmon and Fruit Skewers,https://www.allrecipes.com/recipe/218616/bbq-salmon-and-fruit-skewers/,main-dish,I made up this recipe with some summer fruit that I had on hand. I wanted something to go with some nice fresh salmon that I was planning to cook on the grill for dinner! It turned out great.,"4  wooden skewers ; 1 (1 pound) fillet salmon ; ¼ cup barbecue sauce, or as needed ; 1  mango - peeled, seeded, and cut into chunks ; 1  red bell pepper, cut into chunks ; 1  fresh peach, pitted and cut into chunks ; 2 thick slices fresh pineapple, cut into chunks ; 3 tablespoons barbecue sauce ; 1 tablespoon water ; 1 teaspoon lime juice ; 1 teaspoon olive oil ; 1 teaspoon honey","Preheat an outdoor grill for medium-high heat, and lightly oil the grate. Place the skewers into a basin of water and allow to soak while you prepare ingredients. Slather the salmon on both sides with 1/4 cup of barbecue sauce, and set aside. Place mango, red bell pepper, peach, and pineapple chunks into a bowl. In a small bowl, stir 3 tablespoons of barbecue sauce with water, lime juice, olive oil, and honey until well mixed; pour the dressing over the fruit and pepper chunks, and toss to coat. Thread skewers with alternating pieces of mango, red bell pepper, peach, and pineapple chunks. Grill the skewers on the preheated grill, turning every few minutes, until each side of the skewered fruit is browned, about 10 minutes. Move the fruit skewers to a cool part of the grill, and place the salmon fillet onto the hot grill surface, skin side down. Grill the fish until it shows brown grill marks, the fish is opaque, and the flesh flakes easily, 6 to 8 minutes per side. Serve grilled salmon with fruit skewers.",50 mins,4.0,4 servings,321.6,4.150755437489623,0.7969450439980076,8.367922961979081,0.3021749958492445,amber,green,amber,amber,2.0,1.0,2.0,2.0,7.0,healthy,4.4,,,50.0,12,Seafood,American,recipe_images/recipe_1006.jpg,Seafood
Steamed Salmon with Broccoli and Shallots,https://www.allrecipes.com/recipe/279342/steamed-salmon-with-broccoli-and-shallots/,main-dish,"This steamed salmon dish is simple, tasty, and wholesome. Serve over brown rice or quinoa.","1 tablespoon olive oil ; 1  shallot, thinly sliced ; 1 clove garlic, minced ; 2 (8 ounce) salmon fillets ;   salt and ground black pepper to taste ; 2 cups fresh broccoli ; 1  lemon, cut in half","Heat olive oil in a large skillet over medium heat. Add shallot and garlic and cook until soft and fragrant, about 3 minutes. Sprinkle salmon fillets with salt and pepper on both sides. Place fillets, skin-side up, in the skillet; cook for 4 minutes. Flip salmon skin-side down and spread shallot and garlic over top. Add broccoli around the fillets, stirring to coat in oil. Squeeze lemon halves over salmon and broccoli. Cover the skillet and steam until salmon is cooked through and flakes easily with a fork, about 5 minutes.",25 mins,2.0,2 servings,445.3,5.0424302053867915,0.9346943795351124,0.5903332923379657,0.1266141925962366,amber,green,green,green,2.0,1.0,1.0,1.0,5.0,healthy,4.0,Seafood Main Dishes,American,25.0,7,Seafood,International,recipe_images/recipe_1011.jpg,Seafood
"Parchment-Cooked Fish with Morels, Spring Garlic, and Thyme",https://www.allrecipes.com/recipe/220829/parchment-cooked-fish-with-morels-spring-garlic-and-thyme/,main-dish,"A rather simple recipe that tastes like it took all day. Use Pacific halibut, striped bass, tilapia, or other sustainable white-fleshed fish.","1 pound fresh morel mushrooms ;   salt and ground black pepper to taste ; 4 (6 ounce) Pacific halibut fillets ; 1 ½ teaspoons butter ; ½ cup chopped garlic scapes ; 5 sprigs fresh thyme, leaves stripped and chopped ; 1 tablespoon canola oil, or as needed ; 4  12x20-inch pieces of parchment paper","Preheat oven to 350 degrees F (175 degrees C). Place morel mushrooms in a dry skillet over medium heat and sprinkle with salt and black pepper. Cook, stirring often, until the mushrooms release their juice and the juice evaporates, about 5 minutes. Sprinkle halibut fillets with salt and black pepper on both sides. Heat butter in a large skillet over medium-low heat and cook the halibut fillets until golden brown on the outside, about 2 minutes per side. Remove fish from skillet and set aside. Cook and stir garlic scapes in the same skillet used to cook fish until fragrant, about 1 minute. Remove pan from heat and stir morel mushrooms and thyme with the garlic scapes until combined. Fold a piece of parchment paper in half crosswise. Use scissors to cut a very large valentine-like heart shape out of the folded paper, as large as possible. Repeat with remaining parchment to make 4 large heart shapes. Open the heart shapes; brush right sides of the hearts with canola oil. Place 1/4 morel mushroom mixture in the left (unoiled) half of each heart. Place a halibut fillet on the mushroom mixture. Sprinkle fish with salt and black pepper. Fold the oiled right half of the heart over the fish. Fold about 1/4 inch of parchment paper over, starting at the rounded end, and work your way down to the point, folding as you go. Fold the edge over a second time to enclose fish and mushrooms in a bundle with a double-folded, sealed edge. Leave about 1/4 inch of the bottom point unfolded. Use a straw inserted into the open bottom to blow air into the bundle, making it puff up like a small balloon. Twist the bottom closed to enclose the air. Place parchment bundles on 2 baking sheets; don't let the bundles touch each other. Bake in the preheated oven until fish is no longer translucent in the center, about 15 minutes. To serve, plate each portion and carefully cut open the parchment to reveal the fish, mushrooms, and juices. Bundle will release hot steam when opened.",1 hr,4.0,4 servings,280.3,2.5936599423631126,0.5187319884726225,0.4610951008645533,0.075,green,green,green,green,1.0,1.0,1.0,1.0,4.0,healthy,5.0,Seafood Main Dishes,American,60.0,8,Seafood,International,recipe_images/recipe_1015.jpg,Seafood
Salmon Supreme,https://www.allrecipes.com/recipe/29502/salmon-supreme/,main-dish,"With an assortment of fresh vegetables, this spicy salmon makes it seem as if you just dined in a five star restaurant. Serve over rice. Delicious!","2 (4 ounce) fillets salmon ; 1 small yellow squash, chopped ; 1 small zucchini, chopped ; 2  roma (plum) tomato, thinly sliced ; 1  carrot, sliced ; 1 cup sliced mushrooms ; 2 tablespoons Creole-style hot pepper marinade ; 2 slices  lemon","Preheat oven to 350 degrees F (175 degrees C). Place salmon fillets in a piece of foil large enough create a sealed packet, and layer with squash, zucchini, tomato, carrot and mushrooms. Drizzle with Creole-style hot pepper marinade, and top each fillet with a lemon slice. Seal foil tightly around salmon and vegetables. Place packet on a medium baking sheet. Bake 25 minutes in the preheated oven, or until vegetables are tender and fish is easily flaked with a fork.",35 mins,2.0,2 servings,262.4,3.0882754851052203,0.6012571740912819,1.557802678327412,0.1039901612462421,amber,green,green,green,2.0,1.0,1.0,1.0,5.0,healthy,3.73,,,35.0,8,Seafood,American,recipe_images/recipe_1016.jpg,Seafood
Onion Salmon,https://www.allrecipes.com/recipe/20599/onion-salmon/,main-dish,This is a great way to barbecue salmon for gatherings.  It adds some superficial flavor without hiding the salmons' own great taste.,"1 pound salmon fillet ; 1  onion, sliced into rings ;   freshly ground black pepper","Preheat an outdoor grill for medium heat and lightly oil grate. Place the salmon on a large sheet of aluminum foil. Place the onion rings on top of the filet. Pepper to taste. Wrap the foil around the salmon, but don't seal the top. Place the salmon (still in foil) onto a preheated grill and cover.  Cook for 15 minutes or until salmon flakes easily with a fork.",25 mins,4.0,1 filet,218.7,8.729595457771469,1.7743080198722498,0.8516678495386799,0.1208303761533002,amber,amber,green,green,2.0,2.0,1.0,1.0,6.0,healthy,4.14,Seafood Main Dishes,American,25.0,3,Seafood,International,recipe_images/recipe_1018.jpg,Seafood
Dill-Tarragon Salmon,https://www.allrecipes.com/recipe/105047/dill-tarragon-salmon/,main-dish,"This baked salmon recipe is quick, easy, and impressive.","½ cup plain yogurt ; 1 tablespoon mayonnaise ; ¼ teaspoon lemon juice ; 1 teaspoon dried tarragon ; 1 teaspoon dried dill ; ¾ cup shredded mozzarella cheese ; 1 tablespoon grated Parmesan cheese, optional ; 4 (4 ounce) salmon fillets, skin removed","Preheat oven to 400 degrees F (200 degrees C).  Prepare a glass baking dish by spraying with nonstick cooking spray. Mix together yogurt, mayonnaise, lemon juice, tarragon, dill, mozzarella, and Parmesan in a small bowl.  Place fish fillets into prepared baking dish, and spread evenly with cheese mixture. Bake in preheated oven until fish flakes when tested with a fork, about 15 minutes.",25 mins,4.0,4 portions,313.3,14.44745953027042,4.192008982876391,1.8714325816412465,0.4848881819032469,amber,amber,green,amber,2.0,2.0,1.0,2.0,7.0,healthy,4.18,Seafood Main Dishes,American,25.0,8,Seafood,International,recipe_images/recipe_1021.jpg,Seafood
Baked Salmon with Tropical Rice,https://www.allrecipes.com/recipe/143313/baked-salmon-with-tropical-rice/,main-dish,"This baked salmon preparation is an appealing low calorie main dish. Seasoned with brown sugar, cilantro and lemon-pepper, and paired with white rice flavored with mangos, cilantro, and lemon zest, it makes a satisfying meal.","2 tablespoons cracked coriander seed  ; 1 tablespoon packed brown sugar ; 1 teaspoon lemon-pepper seasoning ; 1 (1 pound) fillet fresh salmon ; 1 tablespoon melted butter ; 2 cups cooked white or brown rice ; 1  mango, peeled, pitted and diced ; 1 tablespoon finely chopped fresh cilantro ; 1 teaspoon grated fresh lemon peel","Preheat oven to 450 degrees F (230 degrees C). Lightly grease a shallow 9x13  baking dish. Combine the coriander seed, brown sugar, and lemon-pepper seasoning in a small bowl, and blend well. Place the salmon fillet skin side down in the prepared baking dish. Brush top and sides of fillet with the butter. Sprinkle the fish evenly with the coriander spice mixture, gently pressing it into the fish. Stir the mango, cilantro, and lemon peel into the rice. Spoon the rice mixture around the fish in the baking dish. Bake in preheated oven until fish flakes easily when tested with a fork, 4 to 6 minutes per 1/2 inch thickness. Cut the fish into 4 pieces. Divide rice between 4 serving plates and place the fish on top.",37 mins,4.0,4 servings,606.3,6.3358858701353205,1.7622993810972414,4.657505507185566,0.2072799748242945,amber,amber,green,green,2.0,2.0,1.0,1.0,6.0,healthy,4.39,Seafood Main Dishes,,37.0,9,Seafood,International,recipe_images/recipe_1025.jpg,Seafood
Dad's Candied Salmon,https://www.allrecipes.com/recipe/178249/dads-candied-salmon/,main-dish,"This hot and sweet salmon dish can be done in the oven or on the grill. My Dad has been making this for us for years. Serve with new potatoes, corn, green salad and rolls.",1 (2 pound) whole salmon fillet ; 3 tablespoons dry mustard ; ½ cup brown sugar ; ½  lemon,"Preheat an oven to 425 degrees F (220 degrees C). Place the salmon onto a baking sheet lined with aluminum foil with the skin side down. Rub the mustard into the flesh of the salmon and then spread the brown sugar evenly over the fish. Squeeze the lemon over the salmon. Bring the edges of the foil together and seal into a packet. Bake in the preheated oven until the fish flakes easily with a fork, 25 to 30 minutes.",35 mins,4.0,4 servings,459.5,6.711145996860283,1.3736263736263736,10.478806907378337,0.0986067503924646,amber,green,amber,green,2.0,1.0,2.0,1.0,6.0,healthy,3.81,Seafood Main Dishes,,35.0,4,Seafood,American,recipe_images/recipe_1027.jpg,Seafood
Orange Salmon II,https://www.allrecipes.com/recipe/60429/orange-salmon-ii/,main-dish,"This quick and easy salmon recipe has only three ingredients: salmon, orange juice, and fresh dill. I learned this recipe from my mother, and it is one of my husband's favorites.","2 (6 ounce) fillets salmon, skin removed ; 2 ½ cups orange juice ; 3 sprigs fresh dill weed","Place the salmon fillets in a large skillet over medium heat. Pour orange juice over salmon. Arrange dill sprigs around the salmon. Cook , turning occasionally, 15 minutes, or until fish is easily flaked with a fork. Remove salmon from skillet, and set aside. Reduce skillet heat to medium-low, and continue cooking the orange juice 10 minutes, or until thickened. Pour over the salmon to serve.",40 mins,2.0,2 servings,452.0,9.278350515463917,1.8327605956471933,14.891179839633445,0.1285796105383733,amber,amber,amber,green,2.0,2.0,2.0,1.0,7.0,healthy,4.0,,,40.0,3,Seafood,International,recipe_images/recipe_1029.jpg,Seafood
Baked Lemon-Butter Salmon,https://www.allrecipes.com/recipe/283204/baked-lemon-butter-salmon/,main-dish,Easy and delicious lemon-butter salmon fillets. This is an old recipe I changed up a bit and doubled in order to feed a large group or family.,vegetable oil cooking spray ; 8 (4 ounce) skinless salmon fillets ; 4 tablespoons salted butter ; 2 ½ tablespoons fresh lemon juice ;   salt and ground black pepper to taste,"Preheat the oven to 400 degrees F (200 degrees C). Spray a baking dish with cooking spray and place salmon fillets in the dish. Place butter in a microwave-safe bowl and microwave on high in 30-second increments until melted, 30 seconds to 1 minute. Mix lemon juice, salt, and pepper into the melted butter; pour over the salmon. Bake in the preheated oven until fish flakes easily with a fork, 12 to 18 minutes.",25 mins,8.0,8 fillets,175.2,7.966804979253111,3.817427385892116,0.0829875518672199,0.1914937759336099,amber,amber,green,green,2.0,2.0,1.0,1.0,6.0,healthy,0.0,Seafood Main Dishes,American,25.0,5,Seafood,International,recipe_images/recipe_1030.jpg,Seafood
Naked Shrimp Pasta,https://www.allrecipes.com/recipe/216681/naked-shrimp-pasta/,main-dish,A Valentine request from my wife led to this dish.,"1 (12 ounce) package dry fettuccine pasta ; 4 slices bacon, chopped ; 1 tablespoon bacon drippings ;   olive oil ; 3 cloves garlic, chopped ; ½ small onion, chopped ; 14 ounces frozen shelled and deveined medium shrimp - thawed and patted dry ; 2 teaspoons Italian seasoning ;   ground black pepper to taste ; 1 (14.5 ounce) can diced tomatoes with juice ; 4 cups baby spinach leaves ; 1 tablespoon tomato paste  (Optional)","Fill a large pot with lightly salted water and bring to a rolling boil over high heat. Once the water is boiling, stir in the fettuccine, and return to a boil. Cook the pasta uncovered, stirring occasionally, until the pasta has cooked through, but is still firm to the bite, about 8 minutes. Drain well in a colander set in the sink. Brown the bacon in a large skillet over medium heat until crisp, about 5 minutes; stir occasionally. Drain all but 1 tablespoon of the drippings; pour the olive oil into the skillet. Stir in garlic and onion, and cook until the onion becomes translucent, about 5 minutes. Stir in the shrimp, and cook just until pink and opaque, 2 to 3 more minutes. Mix in Italian seasoning, black pepper, and diced tomatoes, and cook, stirring occasionally, until the liquid has reduced by half, about 10 minutes. With a spoon, move the shrimp to the outside of the skillet. Place the spinach in the center of the skillet, cover, and cook until just wilted, 3 to 5 minutes. Stir the spinach into the shrimp. Mix in the tomato paste if you prefer a thicker sauce. Serve over cooked fettuccine.",50 mins,4.0,4 servings,499.8,2.5401964294052637,0.5976932775071209,1.5938487400189894,0.3734337790091366,green,green,green,amber,1.0,1.0,1.0,2.0,5.0,healthy,4.33,Pasta,American,50.0,12,Pasta and Noodles,Italian,recipe_images/recipe_1036.jpg,Pasta
Baked Fish with Frozen Vegetables,https://www.allrecipes.com/recipe/282410/baked-fish-with-frozen-vegetables/,main-dish,"Quick, simple, and delicious baked fish dish with vegetables. Great for any fish and could be made with things you normally have in your pantry. Serve with wild rice.","1 tablespoon olive oil ; 3 cups frozen California-blend vegetables (broccoli, carrot, cauliflower) ; ½ cup water ; 1 stalk celery, chopped ; ½ medium onion, diced ; 1 clove garlic, minced ; 1 pinch paprika, or to taste ;   salt and ground black pepper to taste ; 1 pound cod fillets","Preheat the oven to 400 degrees F (200 degrees C). Lightly grease a 2-quart baking dish with olive oil. Combine mixed vegetables, water, celery, onion, and garlic in the bottom of the prepared baking dish. Season with paprika, salt, and pepper. Lightly season cod fillets and layer on top of vegetables. Place in the preheated oven and immediately reduce the heat to 350 degrees F (175 degrees C). Bake until fish flakes easily with a fork, about 30 minutes.",45 mins,4.0,4 servings,209.9,2.108499890182297,0.3074895673182516,0.3514166483637162,0.1622007467603777,green,green,green,green,1.0,1.0,1.0,1.0,4.0,healthy,0.0,Seafood Main Dishes,American,45.0,9,Seafood,International,recipe_images/recipe_1050.jpg,Seafood
Cilantro and Parsley Shrimp,https://www.allrecipes.com/recipe/216542/cilantro-and-parsley-shrimp/,main-dish,Shrimp and sun-dried tomatoes are cooked in a light garlic and olive oil sauce.  Great over pasta.,"4 ounces uncooked angel hair pasta  (Optional);   olive oil ; 1 pound uncooked medium shrimp, peeled and deveined ; 1  onion, chopped ; 10  sun-dried tomatoes, cut into strips ; 4 cloves garlic, minced ; ½ bunch chopped fresh parsley ; ½ bunch chopped fresh cilantro","Fill a large pot with lightly salted water and bring to a rolling boil over high heat. Once the water is boiling, stir in the angel hair pasta, and return to a boil. Cook the pasta uncovered, stirring occasionally, until the pasta has cooked through, but is still firm to the bite, 4 to 5 minutes. Drain well in a colander set in the sink. Meanwhile, heat the olive oil in a large skillet over medium-high heat. Stir in the shrimp and onion; cook and stir until the shrimp are beginning to turn pink, about 2 minutes. Stir in the sun-dried tomatoes and garlic. Continue cooking until the shrimp are no longer opaque in the center and the onion has turned translucent, about 4 minutes. Stir in the parsley and cilantro, and pour over pasta to serve.",25 mins,4.0,4 servings,240.8,1.069253997326865,0.15840799960398,0.9702489975743775,0.1831592495421019,green,green,green,green,1.0,1.0,1.0,1.0,4.0,healthy,3.86,,,25.0,8,Pasta and Noodles,Mediterranean,recipe_images/recipe_1051.jpg,Pasta
Halibut with Garlic Sauce,https://www.allrecipes.com/recipe/75616/halibut-with-garlic-sauce/,main-dish,This recipe is a Moldovan traditional recipe. Halibut is mentioned because it is one of my favourite fish. I suggest for you to use the type of fish you like the most!,"1 pound halibut, cut into chunks ;   salt to taste ; ½ cup cornmeal ; ¼ cup sunflower seed oil ; 1 cup chicken broth ; 3 cloves garlic, minced ; 1  bay leaf ;   ground black pepper to taste","Season the halibut with salt, and dredge in the cornmeal to coat. Heat the oil in a skillet over medium heat. Place the coated halibut in the skillet, and cook 5 minutes, until lightly browned on all sides. Mix the chicken broth, garlic, and bay leaf in a pot, and bring to a boil. Pour into the skillet with the halibut. Season with pepper. Continue cooking 5 minutes, or until fish is easily flaked with a fork.",25 mins,4.0,4 servings,314.8,9.758315023865444,0.8485491325100385,0.1818319569664368,0.0984923100234866,amber,green,green,green,2.0,1.0,1.0,1.0,5.0,healthy,3.5,,,25.0,8,Seafood,International,recipe_images/recipe_1053.jpg,Seafood
Bourbon-Glazed Salmon and Baked Asparagus,https://www.allrecipes.com/recipe/263243/bourbon-glazed-salmon-and-baked-asparagus/,main-dish,"This recipe is a surefire way to eat right, feel good, and maintain a light midsection while most importantly getting full. It's the perfect bourbon-glazed combination of good fats from fish (protein) and green veggies, leaving out starch to minimize carbs.","1 bunch fresh asparagus, trimmed ; 4 (6 ounce) salmon fillets ;   olive oil ; 1 pinch salt and ground black pepper to taste ; ⅓ cup brown sugar, divided ; 5 ⅓ fluid ounces bourbon whiskey, divided ; ¼ cup non-dairy butter spread (such as I Can't Believe It's Not Butter)","Preheat the oven to 375 degrees F (190 degrees C). Rinse asparagus under cold water and snip off the bottom of each sprout. Dry with a paper towel and lay flat on a baking sheet. Rinse salmon; pat dry with paper towels. Lay salmon face-up on a separate baking sheet. Drizzle olive oil over asparagus; season with salt and pepper and rub through and around the asparagus. Bake asparagus in the preheated oven, turning over halfway, until lightly browned, about 20 minutes. Rub about 2 tablespoons brown sugar over the salmon. Drizzle 1/2 the bourbon over salmon. Let marinate, 15 to 20 minutes. Melt butter spread in a medium nonstick pan over medium-low heat. Add the remaining brown sugar; stir to dissolve. Add salmon fillets; cook until fish flakes easily with a fork, 5 to 7 minutes per side. Pour in the remaining bourbon during the last 2 minutes of cooking. Serve with the asparagus.",45 mins,4.0,4 6-ounce salmon fillets,487.2,10.05836661254224,2.0538026067494624,10.479659454952383,0.2798964321762408,amber,amber,amber,green,2.0,2.0,2.0,1.0,7.0,healthy,0.0,Seafood Main Dishes,American,45.0,7,Seafood,American,recipe_images/recipe_1057.jpg,Seafood
Citrus-Herbed Baked Salmon,https://www.allrecipes.com/recipe/237389/citrus-herbed-baked-salmon/,main-dish,This is one of the most flavorful and moist salmon recipes I have ever tasted.,"4  lemons, sliced 1/4-inch thick ; 1 large red onion, sliced ; 2 (8 ounce) salmon fillets ; 2 tablespoons chopped fresh basil ; 2 tablespoons chopped fresh dill ; ½ teaspoon sea salt","Preheat oven to 350 degrees F (175 degrees C). Put two large squares of aluminum foil onto a large, flat work surface. Make a bed of lemon slices in the center of each foil square; top with red onion. Lay a salmon fillet atop each pile of lemon slices and onion; season with basil, dill, and sea salt. Fold edges of the aluminum foil over the salmon and seal completely. Bake in the preheated oven until the fish flakes easily with a fork, about 25 minutes. Remove salmon from foil pouch, place on plate, and drizzle juices from foil pouch over the fish.",35 mins,4.0,2 8-ounce fillets,200.0,2.908788697278205,0.6233118637024725,0.664865987949304,0.2830874714315395,green,green,green,green,1.0,1.0,1.0,1.0,4.0,healthy,4.2,,,35.0,6,Seafood,Mediterranean,recipe_images/recipe_1060.jpg,Seafood
Broiled Salmon with Brown Sugar,https://www.allrecipes.com/recipe/279466/broiled-salmon-with-brown-sugar/,main-dish,This is one of my favorite broiled salmon with brown sugar recipes.,"¼ cup brown sugar ; 2 tablespoons low-sodium soy sauce ; 1 tablespoon olive oil ; 1 large red onion, cut into 1/4-inch thick wedges ; 1 pinch kosher salt and ground black pepper to taste ; 4 (5 ounce) skinless salmon fillets","Set an oven rack about 6 inches from the heat source and preheat the oven's broiler. Combine brown sugar and soy sauce in a small bowl. Heat oil in a pan over medium-high heat. Saute onion, salt, and pepper in the hot oil until soft, 5 to 7 minutes. Transfer to sugar mixture and mix together. Place salmon fillets on a rimmed baking sheet. Cook salmon in the preheated oven for 10 minutes. Turn over and drizzle with 1/2 of the sugar mixture. Continue to broil until salmon is opaque throughout and easily flaked with a fork, 5 to 10 minutes more. Serve with remaining sugar mixture.",30 mins,4.0,4 servings,255.3,4.462585034013605,0.8707482993197279,8.217687074829932,0.5922448979591837,amber,green,amber,amber,2.0,1.0,2.0,2.0,7.0,healthy,0.0,Seafood Main Dishes,,30.0,6,Seafood,Asian,recipe_images/recipe_1064.jpg,Seafood
Beer-Sauteed Shrimp,https://www.allrecipes.com/recipe/241710/beer-sauteed-shrimp/,main-dish,"A delicious and easy recipe for shrimp sauteed in onion, garlic, beer, and hot sauce! The aroma the beer gives off while cooking is heavenly! Everyone I've made this for loves it!","1 (8 ounce) package angel hair pasta ; 1 ½ tablespoons olive oil ; 1  onion, sliced ; 2 cloves garlic, crushed ; 1 teaspoon dried basil ; 1 teaspoon dried oregano ; 1 teaspoon dried parsley ; 2 pounds shrimp, peeled and deveined ; 1 (12 fluid ounce) can or bottle beer ; ¼ teaspoon hot sauce (such as Frank's RedHot ) ;   salt and ground black pepper to taste ; 2 tablespoons grated Parmesan cheese, or to taste ; 1 pinch dried parsley","Bring a large pot of lightly salted water to a boil. Cook angel hair in the boiling water, stirring occasionally until cooked through but firm to the bite, 4 to 5 minutes. Drain. Heat olive oil in a skillet over medium heat; cook and stir onion, garlic, basil, oregano, and 1 teaspoon parsley until onion is softened, 5 to 10 minutes. Add shrimp, beer, hot sauce, salt, and pepper; cook and stir until shrimp are pink and cooked through, about 5 minutes. Toss pasta and shrimp mixture together in a bowl; top with Parmesan cheese and a pinch of parsley.",30 mins,4.0,4 servings,457.4,2.156834323815046,0.3942600376866212,0.8117118422959849,0.3506595158718655,green,green,green,amber,1.0,1.0,1.0,2.0,5.0,healthy,5.0,,,30.0,13,Pasta and Noodles,Italian,recipe_images/recipe_1067.jpg,Pasta
Kevin's Asian Baked Salmon,https://www.allrecipes.com/recipe/146078/kevins-asian-baked-salmon/,main-dish,"Although especially delicious when made with salmon fillets, this savory dish with Asian flavor works well with salmon steaks too. If preferred, use fresh mushrooms caps and cut them into bite-size pieces before adding to the oyster sauce and sherry. Serve this salmon dish with a side of saffron rice and green vegetables.",2 cups dried shiitake mushrooms ; 1 cup oyster sauce ; 1 tablespoon sherry ; 2 pounds salmon fillets,"Soak mushrooms in boiling water 20 minutes; remove stems. Put softened mushrooms, oyster sauce, and sherry into a bowl; stir. Let mixture sit for 10 to 20 minutes. Preheat oven to 400 degrees F (200 degrees C). Line a large baking dish with foil, then lightly grease it with olive oil or nonstick cooking spray. Place salmon fillets in prepared baking dish and pour mushroom mixture over the salmon. Bake in the preheated oven until fish flakes easily, about 10 to 12 minutes. If desired, at the end of the cooking time, broil the salmon to sear the coating, about 1 to 2 minutes.",52 mins,6.0,6 servings,427.8,9.284013916865042,1.867789782091192,0.6042849295000916,0.548800585973265,amber,amber,green,amber,2.0,2.0,1.0,2.0,7.0,healthy,4.0,Seafood Main Dishes,,52.0,4,Seafood,Asian,recipe_images/recipe_1073.jpg,Seafood
Bloody Shrimp,https://www.allrecipes.com/recipe/74179/bloody-shrimp/,main-dish,I like serving this dish as brunch when an all-day barbeque is planned. I usually serve it over rice with lemon wedges as a garnish.,"1 cup bottled Bloody Mary mix ; 1 tablespoon hot pepper sauce ; 1  lemon, juiced ; 2 pounds large shrimp, peeled and deveined ; 2 pounds halibut fillets, cubed","In a large bowl, mix together the Bloody Mary mix, hot pepper sauce, and lemon juice. Stir in the shrimp and halibut chunks. Let marinate for 10 to 15 minutes. Preheat a grill for high heat. Place a grill pan over the grilling surface, or you may use a heavy sheet of foil that has holes poked in it with a fork. Drain the shrimp and halibut in a colander, discarding the marinade. Grill for 10 to 15 minutes, stirring occasionally, until the seafood is browned and opaque.",35 mins,8.0,8 servings,221.8,1.466843231129673,0.2444738718549454,0.3259651624732607,0.4276255475196088,green,green,green,amber,1.0,1.0,1.0,2.0,5.0,healthy,3.57,,,35.0,5,Seafood,American,recipe_images/recipe_1077.jpg,Seafood
Broiled Salmon with Lemon-Dill Sauce,https://www.allrecipes.com/recipe/279471/broiled-salmon-with-lemon-dill-sauce/,main-dish,This easy-to-make broiled salmon recipe is good for even non-fish eaters.,1 teaspoon ground black pepper ; 4 (6 ounce) salmon steaks ; 2 tablespoons mayonnaise ; 2 tablespoons lemon juice ; 1 teaspoon Dijon mustard ; ¾ teaspoon dried dill weed ; 4  lemon wedges  (Optional),"Set an oven rack about 6 inches from the heat source and preheat the oven's broiler. Line a baking pan with aluminum foil. Sprinkle pepper on both sides of salmon steaks. Place on the prepared baking pan. Broil salmon under the preheated broiler until it flakes easily with a fork, 3 to 5 minutes per side. While salmon is cooking, stir mayonnaise, lemon juice, Dijon, and dill together in a small bowl until a smooth sauce is achieved. Portion salmon steaks on a plate, spoon sauce over top, and garnish with lemon wedges.",20 mins,4.0,4 salmon steaks,239.3,5.989705194197472,1.1765492345745037,0.1604385319874323,0.1972056955678855,amber,green,green,green,2.0,1.0,1.0,1.0,5.0,healthy,0.0,Seafood Main Dishes,American,20.0,7,Seafood,American,recipe_images/recipe_1078.jpg,Seafood
Simple Tuna Fish Tacos,https://www.allrecipes.com/recipe/264304/simple-tuna-fish-tacos/,main-dish,"Tuna tacos sounds funny, but these are delicious. I threw these together for dinner one night and now they're our favorite! If desired, serve with sour cream, fresh cilantro, and more hot sauce.","1 tablespoon olive oil ; 4  Roma tomatoes, diced ; 4  green onions, sliced ; 2 cloves garlic, minced ; 2 teaspoons ground cumin ; 1 teaspoon dried oregano ; 3 dashes hot sauce (such as Tabasco) ; 4 (6 ounce) cans solid white tuna packed in water, drained ; 1 pinch red pepper flakes  (Optional);   salt and ground black pepper to taste ; 12  corn tortillas","Heat olive oil in a skillet over medium heat. Add tomatoes, green onions, garlic, cumin, and oregano; saute until tomatoes are very soft, about 5 minutes. Reduce heat to low. Add drained tuna; gently break into bite-sized pieces and mix in. Season with red pepper flakes, salt, and pepper. Cover and cook until tuna is warmed through, 2 to 3 minutes more. Stack 6 tortillas on a microwave-safe plate and cover with a damp paper towel. Heat in the microwave until pliable, 15 to 20 seconds. Repeat with remaining tortillas. Spoon tuna mixture over warm tortillas.",25 mins,12.0,12 tacos,139.6,1.580278128950695,0.2528445006321112,0.5689001264222502,0.0976611883691529,green,green,green,green,1.0,1.0,1.0,1.0,4.0,healthy,4.33,Taco Recipes,U.S. American,25.0,11,Taco,Mexican,recipe_images/recipe_1079.jpg,Sandwiches and Tacos
"Salmon Fillet with Cilantro, Lime, and Jalapeno",https://www.allrecipes.com/recipe/264161/salmon-fillet-with-cilantro-lime-and-jalapeno/,main-dish,This cilantro lime salmon dish is highly delectable and looks absolutely amazing!,"1 cup fresh cilantro leaves ; 5 tablespoons extra-virgin olive oil, divided ;   lime, juiced ; 1 small garlic clove ;   salt and freshly ground black pepper to taste ; 2 pounds salmon fillets, or more to taste ; 1 large vine tomato, seeded and chopped ; ½  jalapeno pepper, seeded and chopped","Preheat the oven to 400 degrees F (200 degrees C). Combine cilantro, 2 tablespoons olive oil, lime juice, and garlic in a blender. Season with salt and black pepper.Blend until creamy smooth. Brush a baking pan with remaining oil and place salmon in the pan. Spread cilantro mixture on the salmon; arrange tomato and jalapeno on top. Season with salt and black pepper. Bake in the preheated oven, uncovered, until fish flakes easily with a fork, 15 to 20 minutes.",30 mins,8.0,2 pounds salmon,205.8,8.540183995834056,1.4580801944106925,0.4860267314702308,0.1296649887172365,amber,green,green,green,2.0,1.0,1.0,1.0,5.0,healthy,0.0,,,30.0,8,Seafood,Mexican,recipe_images/recipe_1082.jpg,Seafood
Curried Salmon with Summer Fruit Chutney,https://www.allrecipes.com/recipe/143354/curried-salmon-with-summer-fruit-chutney/,main-dish,The coolness of the fruit tastes great with the spicy salmon.,"2 tablespoons curry paste ; 2 tablespoons fresh lime juice ; 4 (6 ounce) salmon fillets ; 1  nectarines, pitted and diced ; 2  plums, pitted and diced ; ⅓ cup blueberries ; ¼ cup minced red onion ; ¼ teaspoon cayenne pepper ; 3 tablespoons chopped fresh cilantro ; 1 teaspoon fresh lime juice ;   salt and ground black pepper to taste","Mix the curry paste and lime juice together in a small baking dish. Add the salmon to the curry mixture and turn to coat evenly. Cover the dish with plastic wrap and place in refrigerator for 1 hour. While the salmon is marinating, make the chutney by stirring together the nectarine, plums, blueberries, onion, cayenne pepper, cilantro, lime juice, salt and pepper in a bowl. Place chutney in refrigerator until salmon is ready. Preheat oven to 425 degrees F (220 degrees C). Remove plastic wrap from salmon and bake in the preheated oven until salmon flakes easily with a fork, 12 to 15 minutes. Spoon chutney in even amounts over each fillet.",1 hr 45 mins,4.0,4 servings,319.5,6.698354167019064,1.3396708334038123,3.3694751264398928,0.2290634144691215,amber,green,green,green,2.0,1.0,1.0,1.0,5.0,healthy,3.5,,,105.0,11,Seafood,Indian,recipe_images/recipe_1087.jpg,Seafood
Whole Wheat Pasta with Smoked Clams and Fiddleheads,https://www.allrecipes.com/recipe/214871/whole-wheat-pasta-with-smoked-clams-and-fiddleheads/,main-dish,"Fiddleheads give this dish nice texture and lots of visual appeal.  Make sure to boil them a minimum of 10 minutes, as there is a history of undercooked fiddleheads leading to unpleasant endings to an otherwise nice evening.  The smoked clams add a unique flavor.","1 cup fiddleheads, ends trimmed ; ½ (16 ounce) package whole-wheat spaghetti ; 2 tablespoons olive oil ; 2 large cloves garlic, minced ; 2 (3.75 ounce) cans smoked clams, drained and chopped ; 2 tablespoons dry white wine ; ½ teaspoon salt ; ¼ cup grated Parmesan cheese, or to taste","Place the fiddleheads into a saucepan and cover with water. Bring to a boil over high heat, then reduce heat to medium-low, cover, and simmer until tender, about 15 minutes. The water will turn brown. Drain, and set aside. While the fiddleheads are boiling, fill a large pot with lightly salted water and bring to a rolling boil over high heat. Once the water is boiling, stir in the spaghetti, and return to a boil. Cook the pasta uncovered, stirring occasionally, until the pasta has cooked through, but is still firm to the bite, about 12 minutes. Drain well in a colander set in the sink. Heat the olive oil in a large skillet over medium heat. Cook and stir the garlic until fragrant, then stir in the smoked clams. Stir in the drained fiddleheads, white wine, and salt. Cook until heated through, about 5 minutes. Toss with spaghetti, and serve with Parmesan cheese.",35 mins,4.0,4 servings,374.8,10.987366289562884,2.2538187260641815,1.479068538979619,0.7178764801690365,amber,amber,green,amber,2.0,2.0,1.0,2.0,7.0,healthy,5.0,,,35.0,8,Pasta and Noodles,Italian,recipe_images/recipe_1097.jpg,Pasta
Dale's Summertime Salmon,https://www.allrecipes.com/recipe/217950/dales-summertime-salmon/,main-dish,"I made this for my husband's diet and he loved it. The lemon, capers, and pineapple complement the flaky salmon. Serve with a light salad for a great spring or summer meal. I served this with the Israeli Salad from this site. Great combo.","1 (1 pound) fillet salmon ; 1 (6 ounce) can pineapple chunks with juice ; 1 cup chopped kale ; ½  onion, sliced ; 1 tablespoon capers ; 1 tablespoon olive oil ;   lemon, juiced ; 1 pinch salt and ground black pepper to taste","Preheat an oven to 375 degrees F (190 degrees C). Place the salmon fillet in a baking dish; top with the pineapple with juice, kale, onions, and capers. Drizzle the olive oil and lemon juice over the salmon. Season with the salt and black pepper. Cover the baking dish with aluminum foil. Bake in the preheated oven until the salmon flakes easily with a fork, about 25 minutes.",40 mins,4.0,4 servings,243.9,5.441098784997359,1.0036978341257263,3.909138932910724,0.1588748019017432,amber,green,green,green,2.0,1.0,1.0,1.0,5.0,healthy,4.44,Seafood Main Dishes,American,40.0,8,Seafood,International,recipe_images/recipe_1106.jpg,Seafood
Battered Balsamic Fish,https://www.allrecipes.com/recipe/105048/battered-balsamic-fish/,main-dish,"This recipe is my husband's specialty, good for any fresh fish. I prefer halibut but whatever your pleasure. Goes great with homemade mashed potatoes.","2 cups olive oil for frying ; 1  red onion, sliced and separated into rings ; ½ cup balsamic vinegar ; 2 cups plain dry bread crumbs ; 1 cup self-rising flour ; 6 (6 ounce) fillets halibut","Heat 1/4 to 1/2 inch of oil in a large heavy skillet over medium heat. While that is warming, place the red onion onto a platter and sprinkle with balsamic vinegar. Combine the bread crumbs and flour. Press fish into the mixture to coat on both sides. Fry in the hot oil until cooked through, about 5 minutes on each side. Transfer to the dish of onions and allow to drain. Wait 5 minutes and then transfer to serving plates. Spoon some of the vinegar and onions over the top for show.",30 mins,6.0,6 servings,485.9,3.786297210096793,0.5693680015183147,1.708104004554944,0.4446052381856139,amber,green,green,amber,2.0,1.0,1.0,2.0,6.0,healthy,4.0,Seafood Main Dishes,,30.0,6,Seafood,International,recipe_images/recipe_1107.jpg,Seafood
Salmon and Asparagus Pasta,https://www.allrecipes.com/recipe/281941/salmon-and-asparagus-pasta/,main-dish,"Dry sauce mix combines with asparagus and salmon to make a dish that will impress your friends--and you don't have to tell them how easy it is! Mezzi rigatoni is my favorite kind of pasta to use with this one, but ziti, penne, and other hearty pasta cuts will work just as well. Serve with Parmesan cheese.","¾ cup dry white wine ; 2 tablespoons extra-virgin olive oil ; ¼ cup chopped fresh Italian flat-leaf parsley ; ½ medium white onion, chopped ; 2 medium lemons, juiced, divided ; 1 (8 ounce) fresh salmon fillet ; 1 (16 ounce) package rigatoni pasta ; 1 ½ cups milk ; 1 tablespoon salted butter ; 1 (1.6 oz) package Sauce, CPC, KNORR Alfredo Sauce, dry mix ; 1 cup chopped fresh asparagus ; 1 clove garlic, minced","Combine wine, olive oil, parsley, onion, and juice of 1 lemon in a large skillet over medium heat until simmering. Place salmon on top, with scales down. Cover and poach until fish flakes easily with a fork, about 20 minutes. Meanwhile, bring a large pot of lightly salted water to a boil. Cook rigatoni in the boiling water, stirring occasionally until tender yet firm to the bite, about 12 minutes. Drain and cover to keep warm. Combine milk, butter, and sauce mix in a saucepan over medium-high heat. Whisk constantly until boiling. Reduce heat to medium-low and cook, whisking frequently, until thickened, about 4 minutes. Fill a small skillet with 1/4 inch water, remaining lemon juice, and garlic; bring to a boil. Add asparagus, cover, and steam, checking frequently to avoid overcooking, until bright green and tender, 5 to 10 minutes. Flake poached salmon and add to warm pasta. Add sauce and asparagus; toss to combine.",45 mins,8.0,8 servings,351.7,6.539646607558322,2.227791701475912,3.5213481733006353,0.5763512724463489,amber,amber,green,amber,2.0,2.0,1.0,2.0,7.0,healthy,0.0,Pasta,American,45.0,12,Pasta and Noodles,Italian,recipe_images/recipe_1115.jpg,Pasta
Pan-Seared Mediterranean Stuffed Salmon,https://www.allrecipes.com/recipe/283051/pan-seared-mediterranean-stuffed-salmon/,main-dish,Great flavors added to salmon.,"4 (8 ounce) salmon fillets ; 4 cups chopped fresh spinach ; ½ cup sun-dried tomatoes packed in oil, drained and chopped ; ½ cup artichoke hearts, drained and chopped ; ¼ cup crumbled feta cheese ; 1 pinch garlic powder, or to taste ;   salt and ground black pepper to taste","Make a horizontal slice in the center of each salmon fillet but do not cut all the way through. Fill a large bowl with ice and cold water. Bring a large pot of lightly salted water to a boil. Add spinach and cook uncovered until tender, about 40 seconds. Drain in a colander and immediately immerse in ice water for several minutes to stop the cooking process. Drain thoroughly and transfer to a bowl. Add sun-dried tomatoes, artichokes, and feta cheese to the blanched spinach; mix to combine. Divide evenly and stuff into the salmon ""pockets."" Season fillets with garlic powder, salt, and pepper. Heat a cast iron skillet over medium heat. Place salmon fillets, skin-sides down, in the hot skillet and sear for 5 minutes. Gently flip and sear the other sides for 5 minutes. Flip again to finish cooking, about 5 minutes more.",35 mins,4.0,4 servings,330.3,4.61524806958374,1.5975858702405257,0.2840152658205379,0.3773852844590397,amber,amber,green,amber,2.0,2.0,1.0,2.0,7.0,healthy,0.0,Seafood Main Dishes,Mediterranean Inspired American,35.0,7,Stuffed Dishes,Mediterranean,recipe_images/recipe_1118.jpg,Stuffed Dishes
Easy Halibut Fillets,https://www.allrecipes.com/recipe/282519/easy-halibut-fillets/,main-dish,I made these quick and easy halibut fillets for my husband's birthday as halibut is his favorite fish. It's really important that the halibut is seared over really high heat. Serve with rice and green beans.,"4 tablespoons melted butter ; 4 tablespoons liquid honey ; 1 large lemon, juiced ; 4 teaspoons liquid aminos ; 1 teaspoon ground black pepper ; 4 cloves garlic, minced ; 1 (2 pound) halibut fillet, cut into 4 pieces","Combine melted butter, honey, lemon juice, liquid aminos, pepper, and garlic in a small bowl; mix to combine. Brush both sides of the halibut fillets with the butter sauce. Heat a cast iron skillet over very high heat. Add halibut filets and sear on each side for 90 seconds. Reduce heat to medium-high and cook on each side until fish can be easily flaked with a fork, 2 to 3 minutes per side.",20 mins,8.0,8 servings,212.6,4.961972974968618,2.36284427379458,5.080115188658347,0.2540057594329173,amber,amber,amber,green,2.0,2.0,2.0,1.0,7.0,healthy,0.0,Seafood Main Dishes,,20.0,7,Seafood,International,recipe_images/recipe_1121.jpg,Seafood
Nigel's Simple Salmon Glaze,https://www.allrecipes.com/recipe/239194/nigels-simple-salmon-glaze/,main-dish,My favorite salmon recipe. The sweetness of the BBQ sauce and syrup balances nicely with the grainy mustard and white wine.,4 (4 ounce) salmon fillets ; 3 tablespoons barbeque sauce ; 2 tablespoons coarse-grain mustard ; 2 tablespoons white wine ; 4 teaspoons soy sauce ; 1 tablespoon maple syrup,"Preheat oven to 400 degrees F (200 degrees C). Line a baking dish with aluminum foil. Place salmon into the prepared baking dish. Stir barbeque sauce, mustard, white wine, soy sauce, and maple syrup together in a small bowl; pour mixture over salmon. Bake in the preheated oven until salmon flakes easily with a fork, about 15 minutes.",25 mins,4.0,4 servings,229.6,7.334148238693188,1.4668296477386376,4.1337926436270696,0.9561062340260028,amber,green,green,amber,2.0,1.0,1.0,2.0,6.0,healthy,4.0,,,25.0,6,Seafood,American,recipe_images/recipe_1123.jpg,Seafood
Orecchiette with Shrimp and Basil Pesto,https://www.allrecipes.com/recipe/272586/orecchiette-with-shrimp-and-basil-pesto/,main-dish,"Fresh basil pesto, mixed with pasta of your choice. I used orecchiette pasta, fresh gulf shrimp, and threw in some Champagne tomatoes at the end.","½ pound shrimp, peeled and deveined ; ½  lemon, juiced, or to taste ; 2 teaspoons olive oil ;   salt and ground black pepper to taste ; 1 (16 ounce) package orecchiette pasta ; 2 cups fresh basil ; 2 tablespoons pine nuts  (Optional); 4 cloves garlic ; ¼ cup grated Romano cheese ; 2 tablespoons olive oil ; ½ pint Champagne tomatoes, halved","Toss shrimp with lemon juice and 2 teaspoons olive oil in a small bowl. Season with salt and pepper; let sit for 10 minutes. Bring a large pot of salted water to a boil. Add orecchiette and cook uncovered, stirring occasionally, until tender yet firm to the bite, 12 to 13 minutes. While the pasta is cooking, pulse basil, pine nuts, and garlic in a blender. Add Romano cheese; pulse until combined. Drizzle in olive oil slowly and blend until smooth. Season with salt and pepper. Drain pasta and mix with pesto; add tomatoes. Cook shrimp in a nonstick skillet over medium heat until they are bright pink on the outside and the meat is opaque, about 3 minutes. Add to pasta.",35 mins,4.0,4 servings,593.6,3.7849665858418593,0.7096812348453486,0.7806493583298834,0.1364362173990182,amber,green,green,green,2.0,1.0,1.0,1.0,5.0,healthy,0.0,,,35.0,11,Pasta and Noodles,Italian,recipe_images/recipe_1127.jpg,Pasta
Baked Shrimp Scampi with Tomatoes,https://www.allrecipes.com/recipe/260644/baked-shrimp-scampi-with-tomatoes/,main-dish,"A twist on the more common scampi, with the added flavor of tomatoes and chile peppers.","1 tablespoon butter ; 1 pound uncooked shrimp - peeled, deveined, and tails removed ; 1 (14 ounce) can diced tomatoes with green chile peppers, drained ; 1 tablespoon lemon juice ; 1 tablespoon minced garlic ; 1 cup plain dry bread crumbs ; 2 teaspoons dried parsley ; ¼ cup grated Parmesan cheese","Preheat oven to 375 degrees F (190 degrees C). Warm butter in a pan over medium-high heat, tilting the pan so the butter coats the bottom. Add shrimp to the pan. Cook shrimp until they are bright pink on the outside and the meat is opaque, 4 to 5 minutes. Mix shrimp, tomatoes, lemon juice, and garlic in a 10-inch baking pan. Bake in the preheated oven until tomatoes release their juices, about 45 minutes. Stir in bread crumbs and parsley. Sprinkle Parmesan cheese evenly over the top of the shrimp. Continue baking until juices have been soaked up and the Parmesan cheese has started to melt, about 15 minutes.",1 hr 14 mins,6.0,6 servings,174.0,2.865448504983388,1.3704318936877078,0.7475083056478404,0.927221760797342,green,green,green,amber,1.0,1.0,1.0,2.0,5.0,healthy,0.0,,,74.0,8,Seafood,Italian,recipe_images/recipe_1130.jpg,Seafood
One-Pan Salmon Supper,https://www.allrecipes.com/recipe/269740/one-pan-salmon-supper/,main-dish,"Quick, easy, and delicious supper prepared in 1 pan.","12  baby red or white potatoes, halved ; 1 (8 ounce) package baby carrots ; 1 cup broccoli florets ; 1 tablespoon butter, at room temperature ; 4 (5 ounce) salmon fillets ;   salt and ground black pepper to taste ; ¾ cup chicken stock ; ½  lemon, juiced ; 1 tablespoon chopped fresh dill ; 1  garlic clove, chopped","Place potatoes and carrots in a large pot. Cover with a generous amount of cold water. Bring to a boil; cook until tender yet still firm, about 5 minutes. Add broccoli and cook for 2 minutes more. Drain vegetables well. Rinse under cold running water and drain well again. Preheat the oven to 375 degrees F (190 degrees C). Butter a 9x13-inch baking pan. Place salmon fillets in the baking pan. Surround salmon with parboiled vegetables; season with salt and pepper. Combine chicken stock, lemon juice, dill, and garlic in a bowl. Drizzle over the salmon and vegetables. Cover with aluminum foil. Bake in the preheated oven until salmon fillets flake easily with a fork, about 15 minutes.",45 mins,4.0,4 servings,475.4,1.3506939476319932,0.4235226784947775,0.6066676205465731,0.0902561167549005,green,green,green,green,1.0,1.0,1.0,1.0,4.0,healthy,0.0,Seafood Main Dishes,American,45.0,10,Seafood,American,recipe_images/recipe_1133.jpg,Seafood
Macaroni and White Clam Sauce,https://www.allrecipes.com/recipe/23707/macaroni-and-white-clam-sauce/,main-dish,A wonderful and quick dish. Easy too. Even better re-heated!,"1 (10 ounce) can whole baby clams ; 1 (6.5 ounce) can minced clams ; 1 ¼ cups White clam sauce ; 2 tablespoons butter ; 3 cloves garlic, chopped ; 1 (16 ounce) package macaroni ; 4 cups hot water","Combine in a large saucepan: whole baby clams, minced clams, clam sauce, butter and garlic.  Bring to boil.  Add macaroni and hot water and return to boil.  Cook until macaroni is al dente.",25 mins,8.0,8 servings,411.6,4.816060006554114,1.320532582442257,0.5825879040186428,0.2518721705040598,amber,green,green,green,2.0,1.0,1.0,1.0,5.0,healthy,3.33,,,25.0,7,Pasta and Noodles,Italian,recipe_images/recipe_1134.jpg,Pasta
Turkey Wontons,https://www.allrecipes.com/recipe/282036/turkey-wontons/,main-dish,"This recipe makes a lot of turkey wontons, or dumplings. So, I make a batch and freeze at least half of them. Some I boil in chicken stock with some julienned carrots and shredded bok choy. Others I steam and dip in soy sauce. My family loves them!","5 medium scallions, trimmed ; 1 (8 ounce) can sliced water chestnuts, drained ; ½ pound cooked shrimp, peeled and deveined ; 1 pound lean ground turkey ; 1 large clove garlic, pressed ; 2 tablespoons all-purpose flour ; 1 tablespoon soy sauce ; 1 teaspoon chopped ginger ; 2 (16 ounce) packages wonton wrappers","Cut scallions in half; slice green tops and set aside. Add white and light green parts of scallions to the bowl of a food processor with water chestnuts; pulse until finely chopped. Empty mixture into a large mixing bowl. Place cooked shrimp into the food processor and pulse until cut into tiny pieces. Add cut shrimp, ground turkey, pressed garlic, flour, soy sauce, and ginger to the large mixing bowl with the scallion mixture. Blend all ingredients thoroughly using your hands. Place about 1 teaspoon of the meat mixture onto a wonton wrapper. Wet your finger in a small dish of water and moisten the outer edges of the wrapper. Fold and pinch the edges so that the meat will not come out when cooking. Repeat to make remaining dumplings. Bring a pot of water to a boil; add dumplings, working in batches, and cook until they float to the top and turkey is no longer pink, 5 to 10 minutes. Remove with a slotted spoon and serve.",2 hrs,10.0,110 dumplings,371.0,2.423954372623574,0.5703422053231938,0.3802281368821292,0.8107176806083648,green,green,green,amber,1.0,1.0,1.0,2.0,5.0,healthy,0.0,Dumpling Recipes,Asian Inspired American,120.0,9,Dumplings,Asian,recipe_images/recipe_1135.jpg,Dumplings
Seafood and Asparagus with Linguine,https://www.allrecipes.com/recipe/166159/seafood-and-asparagus-with-linguine/,main-dish,This recipe is a combination of three separate recipes. If you love seafood and pasta this recipe is worth a try.,"½ pound uncooked linguine ; 2 tablespoons olive oil ; 2 cups sliced fresh mushrooms ; 1 cup dry white wine ; ½ pound medium shrimp, peeled and deveined ; 1 pound steamer clams in shell, scrubbed ; 1 pound asparagus, trimmed and cut into 2-inch pieces ; ½ pound bay scallops ; ⅓ cup freshly grated Parmesan cheese","Fill a large pot with lightly salted water and bring to a boil. Stir in the linguine, and return to a boil. Cook the pasta uncovered, stirring occasionally, until cooked through, but still firm to the bite, about 11 minutes. Drain well in a colander; cover and keep warm. Heat the olive oil over medium heat in a large pot with a cover that will hold a steamer basket. Add the mushrooms; stir and cook for 3 minutes. Pour in the wine and bring to a boil; add the shrimp. Put the clams and asparagus into the steamer basket and place the basket into the pot over the shrimp and mushrooms. Cover and steam for 2 minutes. Lift the steamer basket and add the scallops to the shrimp and mushrooms. Cover and continue to steam until clam shells open and seafood is cooked, about 4 minutes. Tip the clams and asparagus into the pot and combine with the shrimp and scallops. To serve, ladle seafood over the cooked linguine and sprinkle with grated Parmesan cheese.",45 mins,4.0,4 servings,618.2,2.820237610570339,0.5773714793293608,0.5329582886117177,0.2685332543765498,green,green,green,green,1.0,1.0,1.0,1.0,4.0,healthy,2.5,,,45.0,9,Pasta and Noodles,Italian,recipe_images/recipe_1137.jpg,Pasta
Firecracker Salmon with Spicy Molasses,https://www.allrecipes.com/recipe/268812/firecracker-salmon-with-spicy-molasses/,main-dish,Baked salmon made with a quick blended marinade delivering the deep rich flavor of molasses and the undertones of some spice.,"⅓ cup cilantro ; ¼ cup molasses ; 1 ½ tablespoons hot pepper relish ; 2 cloves garlic ; 2 tablespoons olive oil ; 1 teaspoon onion powder ; ⅛ teaspoon cayenne pepper ; 1 pound salmon, with skin","Combine cilantro, molasses, relish, garlic, olive oil, onion powder, and cayenne pepper in a blender and blend until smooth. Place salmon in a shallow glass baking dish and coat with the molasses mixture. Cover and refrigerate 15 minutes. Turn salmon over and refrigerate 15 minutes more. Preheat the oven to 400 degrees F (200 degrees C). Uncover baking dish and turn salmon skin-side down in the baking dish. Bake in the preheated oven, uncovered, until fish flakes easily with a fork and the internal temperature reaches 145 degrees F (63 degrees C), about 20 minutes.",1 hr,4.0,4 servings,288.6,8.8147674560962,1.567069769972658,7.574170554867845,0.1296097288914886,amber,amber,amber,green,2.0,2.0,2.0,1.0,7.0,healthy,3.0,Seafood Main Dishes,,60.0,8,Seafood,American,recipe_images/recipe_1138.jpg,Seafood
Shrimp and Sugar Snap Pea Stir-Fry with Zoodles,https://www.allrecipes.com/recipe/264365/shrimp-and-sugar-snap-pea-stir-fry-with-zoodles/,main-dish,"This is a quick and easy stir-fry with sugar snap peas. And it's delicious! Squash ""zoodles"" take the place of rice or noodles for a healthier alternative, but you can skip the squash and serve it with Asian noodles or rice as well.","1 cup low-sodium chicken broth ; 2 tablespoons reduced-sodium soy sauce ; 2 teaspoons cornstarch ; 1 teaspoon packed brown sugar ; ¼ teaspoon red pepper flakes, or to taste ; 1 large yellow squash, ends trimmed ; 2 teaspoons coconut oil ; 1 small red onion, thinly sliced ; 2 teaspoons freshly grated ginger ; 1 clove garlic, minced ; 4 cups sugar snap peas, strings removed ; 1 pound jumbo shrimp, peeled and deveined","Mix chicken broth, soy sauce, cornstarch, brown sugar, and red pepper flakes in a small bowl and set aside. Cut squash in half lengthwise. Scoop out seeds using a spoon. Cut squash halves into thin 'spaghetti' strands. Heat coconut oil in a wok over medium-high heat. Add onion, ginger, and garlic; cook until fragrant, about 1 minute. Add squash strands, sugar snap peas, and shrimp. Stir-fry until shrimp are pink and opaque, 3 to 5 minutes. Stir sauce mixture and pour into the wok. Mix thoroughly. Reduce heat and simmer until thickened, 3 to 5 minutes. Serve immediately.",35 mins,4.0,4 servings,232.3,1.0487546039078597,0.7191460141082465,0.6592171795992261,0.3704351083088832,green,green,green,amber,1.0,1.0,1.0,2.0,5.0,healthy,0.0,Stir-Fry,American,35.0,12,Pasta and Noodles,Asian,recipe_images/recipe_1140.jpg,Pasta
Sweet Citrus Baked Salmon,https://www.allrecipes.com/recipe/238873/sweet-citrus-baked-salmon/,main-dish,My husband and I just kind of 'winged-it' last night creating a new salmon recipe and it was soooo delicious. I hope you like it.,"1 large lemon ; 1  blood orange ; 1  navel orange ; ¼ cup brown sugar ; 2 (8 ounce) salmon fillets ; 1 pinch salt ; 1 pinch ground black pepper ; 1 pinch garlic salt ; ¼ cup champagne, or more to taste ; 1 pinch fresh dill, or more to taste","Cut the lemon, blood orange, and naval orange into halves. Cut 1 half into slices and juice the other half of each. Whisk lemon juice, blood orange juice, and navel orange juice together in a bowl with the brown sugar until dissolved. Season salmon fillets with salt, pepper, and garlic salt. Poke holes into each fillet about 2 inches apart using a fork. Place salmon in a resealable plastic bag and pour juice marinade into bag; coat with the marinade, squeeze out excess air, and seal the bag. Marinate salmon in the refrigerator, at least 1 hour. Preheat oven to 400 degrees F (200 degrees C). Place salmon, skin-side down, into a baking dish. Drizzle marinade and champagne over salmon and sprinkle with dill. Arrange lemon, blood orange, and navel orange slices over salmon. Bake in the preheated oven until salmon is cooked through and flakes easily with a fork, about 20 minutes.",1 hr 40 mins,4.0,4 servings,272.7,3.290587950641181,0.6774739898378901,8.420033873699492,0.1628357125574643,amber,green,amber,green,2.0,1.0,2.0,1.0,6.0,healthy,3.0,,,100.0,10,Seafood,International,recipe_images/recipe_1141.jpg,Seafood
Shrimp Pasta Skillet,https://www.allrecipes.com/recipe/277986/shrimp-pasta-skillet/,main-dish,"I used to make this skillet dinner with fresh Gulf shrimp just caught that morning in Louisiana, but it's still yummy with frozen shrimp here in Missouri. Pair it with crusty French bread and a glass of wine and you have good eatin'!","1 tablespoon olive oil, or as needed ; 2 cups chopped fresh tomatoes ; 1 cup chopped onion ; 1 cup chopped green bell pepper ; 1 cup chopped celery ; 1 clove garlic, crushed ; ¼ teaspoon red pepper flakes ; 1 pound uncooked medium shrimp, peeled and deveined ; 1  bay leaf ; ½ teaspoon dried thyme ; ½ teaspoon dried oregano ; ½ teaspoon ground black pepper ; ¼ teaspoon dried rosemary ; ½ (16 ounce) package bow-tie pasta (farfalle)","Heat olive oil in a skillet over medium-high heat. Saute tomatoes, onion, bell pepper, celery, garlic, and red pepper flakes in the hot oil for about 5 minutes. Add shrimp, bay leaf, thyme, oregano, pepper, and rosemary. Reduce heat and let simmer until shrimp are bright pink, about 15 minutes. Meanwhile, bring a large pot of lightly salted water to a boil. Cook bow-tie pasta at a boil, stirring occasionally, until tender yet firm to the bite, about 12 minutes. Drain pasta. Stir veggie and shrimp mixture into the drained pasta and serve.",50 mins,4.0,4 servings,367.3,1.885088167144484,0.3455994973098221,2.32494207281153,0.1835604602756941,green,green,green,green,1.0,1.0,1.0,1.0,4.0,healthy,0.0,Pasta,U.S. American,50.0,14,Pasta and Noodles,International,recipe_images/recipe_1145.jpg,Pasta
Salmon with Sauteed Tomatoes,https://www.allrecipes.com/recipe/267814/salmon-with-sauteed-tomatoes/,main-dish,"A healthy flavorful dish with vibrant colors, salmon with sauteed tomatoes is a quick meal to make on a weeknight, but perfect for a special occasion. Serve over a bed of rice or cooked quinoa with steamed asparagus for a delicious dinner.","1 tablespoon olive oil ; 4 (6 ounce) salmon fillets ;   Salt and pepper to taste ; 6 ounces grape tomatoes, halved ; ¼ cup white wine ; 2 tablespoons fresh dill, chopped ; 2  Lemon wedges","Season the salmon with salt and pepper. Heat the oil in a fry pan over medium-high heat. Place salmon in the pan flesh-side down and cook for 3 to 4 minutes. Turn over to the other side and cook for approximately 3 minutes. Add in tomato halves around salmon and continue cooking for 2 minutes, or until salmon is cooked to your preference. Remove the salmon from the pan and place on a platter. Add white wine to the pan and cook for 45 seconds with the tomatoes. Add in dill and stir. Serve the sauteed tomatoes over the salmon. Pass the lemon wedges at the table.",20 mins,4.0,4 (6-ounce) salmon fillets,291.7,4.974287050023376,0.9724170172978028,0.0374006545114539,0.1055633473585787,amber,green,green,green,2.0,1.0,1.0,1.0,5.0,healthy,0.0,,,20.0,7,Seafood,Mediterranean,recipe_images/recipe_1149.jpg,Seafood
Tilapia Tacos,https://www.allrecipes.com/recipe/279231/tilapia-tacos/,main-dish,"Having become an avid fisherperson I had to come up with new ideas for different types of fish. Although we do not catch tilapia here, the farm-raised tilapia at your local fish store is delicious!","1  jalapeno pepper, halved lengthwise, divided ; 2 ½ cups shredded red cabbage ; ½  carrot, shredded ; ½ cup sliced scallions ; ⅓ cup low-fat sour cream ; 1 ½ each limes, juiced ; 1 pinch coarse salt and ground black pepper to taste ; ¼ cup all-purpose flour ; 1 pound tilapia fillets ; 2 tablespoons olive oil ; 8 each flour tortillas, warmed ; ½ cup chopped fresh cilantro","Mince one jalapeno half and place in a large bowl with cabbage, carrot, and scallions. Combine sour cream and lime juice in a small bowl; season with salt and pepper. Transfer 1/2 of the mixture to another small bowl and set aside for serving. Combine remaining sour cream mixture with cabbage mixture, and season with salt and pepper, if needed. Put flour and tilapia in a resealable plastic bag and shake to coat fish. Heat oil and remaining jalapeno half in a large skillet over medium heat, swirling to coat the bottom of the skillet. Add fish, working in batches if necessary. Season with salt and pepper, and cook until golden brown, 5 to 6 minutes per side. Remove fish, slice into strips, and discard jalapeno. Fill warmed tortillas with slaw, fish, and cilantro and drizzle with the reserved sour cream mixture. Serve immediately.",45 mins,4.0,8 tacos,582.7,7.297790391242652,1.824447597810663,1.3784715183458345,0.5996351104804379,amber,amber,green,amber,2.0,2.0,1.0,2.0,7.0,healthy,0.0,Taco Recipes,American,45.0,12,Taco,Mexican,recipe_images/recipe_1158.jpg,Sandwiches and Tacos
Poached Mediterranean Salmon,https://www.allrecipes.com/recipe/260343/poached-mediterranean-salmon/,main-dish,"Home-made recipe using the flavors of olives, tomatoes, basil, and capers to add flavor to a simple and healthier poached salmon.","1 (1.5 pound) salmon fillet, skin removed and quartered ; 1  lemon, juiced ; 1 tablespoon chopped rinsed capers ; 1 tablespoon chopped ripe black olives ; 1 teaspoon white wine vinegar ; 1 large clove garlic, minced ; 2  roma (plum) tomatoes, chopped ; 1 ½ teaspoons chopped fresh basil","Combine lemon juice, capers, olives, vinegar, garlic, and enough water to cover the salmon in a large skillet over medium-high heat. Bring to a boil and add salmon. Reduce heat to medium-low. Let simmer, covered, until salmon is opaque and easily flaked with a fork, about 10 minutes. Remove salmon from the liquid. Let liquid simmer until reduced by half, about 5 minutes. Add tomatoes and basil; cook and stir the sauce until tomatoes begin to break down, about 3 minutes. Spoon sauce over the salmon to serve.",43 mins,4.0,4 servings,251.5,3.8534910339565047,0.8012209080503624,0.3052270125906142,0.1463181991606257,amber,green,green,green,2.0,1.0,1.0,1.0,5.0,healthy,0.0,,,43.0,8,Seafood,Mediterranean,recipe_images/recipe_1160.jpg,Seafood
Harvest Pasta with Kale and Swiss Chard,https://www.allrecipes.com/recipe/254660/harvest-pasta-with-kale-and-swiss-chard/,main-dish,I made this with what was harvested from my garden at the end of summer. A great representation of the bounty of summer and the joy of having my own vegetable garden. I added the shrimp for protein but this would be good on its own. The balsamic vinegar really helps cut the bitter taste of the greens. Serve hot with a sprinkling of Parmesan cheese.,"13 ounces spaghetti ; 3 tablespoons olive oil, divided ; 1  onion, sliced ; 1 cup chopped kale ; 1  hot pepper, chopped ; 4 cloves garlic, chopped ; 2  tomatoes, chopped ; 1  red bell pepper, sliced ; 3 ½ ounces peeled and deveined shrimp ; 2 cups chopped Swiss chard ; 1 cup chopped green beans ; 2 tablespoons balsamic vinegar ; 1 tablespoon fresh thyme ;   salt and ground black pepper to taste","Bring a large pot of lightly salted water to a boil. Cook spaghetti in the boiling water, stirring occasionally until tender yet firm to the bite, about 10 minutes. Drain, reserving some of the cooking liquid. Heat 2 tablespoons olive oil in a large skillet over medium heat. Add onion and kale; cook and stir until softened, about 5 minutes. Add remaining 1 tablespoon olive oil, hot pepper, and garlic; cook and stir until fragrant, about 2 minutes. Stir in tomatoes, red bell pepper, shrimp, Swiss chard, and green beans. Cook until shrimp is opaque, about 5 minutes. Stir spaghetti into the skillet, pouring in some of the reserved cooking liquid if mixture is too dry. Add balsamic vinegar, thyme, salt, and black pepper. Cook until flavors combine, 3 to 5 minutes.",1 hr,4.0,4 servings,525.9,3.0575483224209767,0.4511136869145704,2.581372764011153,0.0905986654553429,amber,green,green,green,2.0,1.0,1.0,1.0,5.0,healthy,0.0,,,60.0,14,Pasta and Noodles,Italian,recipe_images/recipe_1166.jpg,Pasta
Mustard Salmon with Herbs,https://www.allrecipes.com/recipe/263244/mustard-salmon-with-herbs/,main-dish,"I kind of threw this Dijon mustard salmon together with ingredients I had on hand. It turned out really well, much better than I was expecting. A tangy, savory, citrus delight!","2 tablespoons Dijon mustard ; 2 tablespoons mayonnaise ; 1 tablespoon Italian-style salad dressing ; ½ (1 ounce) package ranch dressing mix ; 1 pinch garlic powder, or to taste ; 2  lemons, halved ; 1 (1 pound) salmon fillet ; 1 sprig fresh mint, stemmed, or to taste ; 1 sprig fresh rosemary, or to taste ; 2 tablespoons chopped fresh chives, or to taste ; 1 sprig fresh dill, or to taste ; 4 cloves garlic, crushed, or to taste","Mix mustard, mayonnaise, Italian dressing, ranch dressing, and garlic powder together in a bowl. Squeeze 1/2 lemon over the mixture. Slice remaining lemon halves. Place salmon fillet on a large sheet of aluminum foil. Coat with mustard mixture and top with lemon slices. Cover with mint leaves, rosemary sprig, chives, dill sprig, and garlic, in that order. Wrap in aluminum foil and refrigerate for at least 1 hour. Preheat the oven to 450 degrees F (230 degrees C). Place wrapped salmon on a baking sheet. Bake in the preheated oven until flesh flakes easily with a fork, 30 to 45 minutes. Unwrap carefully and discard herb sprigs before serving.",1 hr 40 mins,4.0,4 servings,276.5,7.1136118158297945,1.2860767124664036,0.2009494863228755,0.5915952877345457,amber,green,green,amber,2.0,1.0,1.0,2.0,6.0,healthy,0.0,,,100.0,12,Seafood,American,recipe_images/recipe_1169.jpg,Seafood
Poached Salmon with Dill and Lemon,https://www.allrecipes.com/recipe/279343/poached-salmon-with-dill-and-lemon/,main-dish,This is an easy-to-make poached salmon dish that requires minimal preparation. It goes well with rice pilaf and steamed asparagus.,"4 cups water ; 2 cups white wine ; 1  lemon, sliced into thin rings, divided ; 4 each whole black peppercorns ; 1 sprig fresh dill, minced ; 1  bay leaf ; 2 (1 pound) salmon fillets ; 1 tablespoon honey ; 1 pinch salt and ground black pepper to taste","Pour water and wine into a large pot. Add 4 lemon slices, peppercorns, dill, and bay leaf; bring to a boil. Reduce the heat until the liquid is calm with tiny bubbles rising to the surface. Allow the mixture to simmer, uncovered, for 20 minutes. Place 1 salmon fillet, skin-side down, into the pot. Cover and poach the salmon to desired degree of doneness, 12 minutes for pink interior to 17 minutes for fully-cooked. Remove the first fillet, place in a covered dish, and keep warm. Add the second fillet to the liquid and repeat the poaching procedure. Strain the poaching liquid into a smaller pot. Boil for 5 minutes. Stir in honey, salt, and pepper. Cut fillets into portions, top with remaining lemon rings, and pour sauce over top.",1 hr 10 mins,8.0,8 servings,245.9,3.5659291676797142,0.713185833535943,0.9076910608639274,0.0655644703784747,amber,green,green,green,2.0,1.0,1.0,1.0,5.0,healthy,0.0,Seafood Main Dishes,American,70.0,9,Seafood,International,recipe_images/recipe_1173.jpg,Seafood
Easy Salmon,https://www.allrecipes.com/recipe/12747/easy-salmon/,main-dish,"Quick, easy and tangy baked salmon fillets. Serve with rice pilaf and a green salad for an elegant supper!",6 (4 ounce) fillets salmon ; 1 (.7 ounce) package dry Italian-style salad dressing mix ; ½ cup water ; 2 tablespoons lemon juice ; 1 cup fresh sliced mushrooms,"Preheat oven to 350 degrees F (175 degrees C). Lightly butter one 9x13 inch baking dish. In a cup, combine salad dressing mix, water and lemon juice. Arrange salmon fillets in a single layer in the prepared baking dish. Pour the water mixture over the top and place the sliced mushrooms over the salmon. Bake, covered, for 15 minutes. Remove cover and  bake for an additional 15 minutes, basting with cooking liquids.",45 mins,6.0,6 servings,217.1,9.590629483324486,1.8866812098343253,1.5722343415286044,1.1740659945364853,amber,amber,green,amber,2.0,2.0,1.0,2.0,7.0,healthy,4.44,,,45.0,5,Seafood,Italian,recipe_images/recipe_1180.jpg,Seafood
Briny Shrimp Pasta,https://www.allrecipes.com/recipe/270430/briny-shrimp-pasta/,main-dish,"I threw together this pasta with what I had, as an attempt to make a creamy sauce sans heavy cream. It's more of an olive oil-cheese sauce than a pesto sauce, and it clings best to angel hair. The key is cooking the pasta with shrimp shells. Oh, and not to overcook anything, by having all the ingredients ready to go. The sweetness of the shrimp and red bell pepper complements the savory capers and sun-dried tomatoes.","¾ pound medium shrimp, shelled and deveined, shells reserved ; ½ tablespoon olive oil ; 2 cloves garlic, minced ; 1 large red bell pepper, thinly sliced ; 1 teaspoon red pepper flakes ; 4 tablespoons prepared basil pesto, or to taste ; 3 tablespoons diced oil packed sun-dried tomatoes, drained, oil reserved ; 3 tablespoons capers ; 1 (16 ounce) package angel hair pasta ; ½ cup freshly grated Pecorino Romano cheese ; 3 tablespoons sour cream ; 1 pinch freshly cracked black pepper to taste ; 5 leaves fresh basil, chopped, or to taste","Throw shrimp shells into a large pot of well salted water. Bring to a boil while preparing the sauce. Combine olive oil and garlic in a cold pan. Cook over medium heat until garlic is fragrant but not yet browned, about 1 minute. Add bell pepper and red pepper flakes. Fry, tossing constantly, for another minute. Stir in the pesto, sun-dried tomatoes, and capers. Cook and stir until capers start to burst, about 2 minutes. Reduce heat to low. Meanwhile, add angel hair pasta to the boiling water. Cook, stirring occasionally, until barely tender yet firm to the bite, 4 to 5 minutes. Stir shrimp into the sauce and add some pasta water; reduce to your liking, about 2 minutes. Drain pasta, reserving the water. Transfer pasta to the sauce; add cheese and sour cream. Stir until mixture starts to combine and pour in more pasta water as desired. Season with pepper. Remove from heat and stir in basil before serving.",30 mins,8.0,8 servings,294.9,6.937935263457579,2.2425649336428535,1.4016030835267834,0.7789409136700098,amber,amber,green,amber,2.0,2.0,1.0,2.0,7.0,healthy,0.0,Pasta,American,30.0,13,Pasta and Noodles,Italian,recipe_images/recipe_1189.jpg,Pasta
Roasted Salmon with Orange-Ginger Glaze,https://www.allrecipes.com/recipe/39456/roasted-salmon-with-orange-ginger-glaze/,main-dish,This recipe couldn't be any easier with only four ingredients -- but it's filled with flavor!  Serve with jasmine rice and grilled asparagus for a lovely summer meal.,2 pounds salmon fillet ; 1 cup orange juice ; 2 teaspoons balsamic vinegar ; 1 teaspoon finely chopped fresh ginger root ;   salt and ground black pepper to taste,"Preheat oven to 400 degrees F (200 degrees C). Place orange juice in a small saucepan over medium low heat. Cook and stir 10 to 15 minutes, until reduced by about 1/2 and thickened. Remove from heat, and allow to cool. Stir balsamic vinegar and ginger root into orange juice. Line a medium baking dish with parchment paper. Place salmon fillet on paper, skin side down. Season with salt and pepper. Cover with 1/2 the orange juice mixture. Bake salmon in the preheated oven 10 to 15 minutes. Brush with remaining marinade, and continue baking 10 to 15 minutes, until easily flaked with a fork.",1 hr,5.0,5 servings,327.8,7.263577668059248,1.1868590960881122,2.1363463729586023,0.1114460691226737,amber,green,green,green,2.0,1.0,1.0,1.0,5.0,healthy,4.26,Seafood Main Dishes,American,60.0,5,Seafood,International,recipe_images/recipe_1193.jpg,Seafood
Fish Potstickers,https://www.allrecipes.com/recipe/262323/fish-potstickers/,main-dish,"My husband nets herring every year in Northern Minnesota, and this is a great way to use it! Any whitefish will work. These make a great appetizer or a meal served with an Asian slaw. Garnish with 2 chopped scallions and serve with dipping sauce (see recipe in footnote).","1 pound whitefish fillets, skinned and deboned ; 2  carrots, chopped ; 6  scallions, chopped ; 1  large egg white ; 4 teaspoons soy sauce ; 2 tablespoons cilantro leaves ; 4 cloves garlic, minced ; 2 teaspoons sesame oil ; 2 teaspoons chile oil ; 1 teaspoon salt ; 1 teaspoon freshly grated ginger ; ¼ teaspoon freshly ground black pepper ; 1 (16 ounce) package 3-inch round wonton wrappers ; 2 tablespoons vegetable oil","Heat a skillet over medium heat. Add fish. Cook, flipping halfway, until lightly browned and flakes easily with a fork, 7 to 10 minutes. Place 1/2 the fish in a food processor. Add carrots, scallions, egg white, soy sauce, cilantro, garlic, sesame oil, chile oil, salt, ginger, and black pepper. Process until a paste forms; transfer to a bowl. Roughly chop remaining fish and add to the bowl. Place 1 tablespoon fish paste into the center of a wonton wrapper. Moisten the edge with water; fold wrapper over the filling and press to seal, making pleats along the edge of the dumpling. Repeat with remaining filling and wrappers. Cover dumplings with a damp kitchen towel to keep from drying out. Heat vegetable oil in a large nonstick skillet over medium-high heat. Arrange 1/2 the dumplings tightly together in the skillet. Cook until deep golden brown, about 2 minutes. Add 1 cup hot water, cover, and cook until water has mostly evaporated and dumplings are tender, 4 to 5 minutes. Reduce heat to medium, uncover, and cook until remaining water evaporates, about 3 minutes more. Repeat with remaining dumplings.",45 mins,12.0,36 potstickers,203.4,4.615088776360489,0.7100136579016137,0.568010926321291,0.9595834586540308,amber,green,green,amber,2.0,1.0,1.0,2.0,6.0,healthy,0.0,Dumpling Recipes,U.S. American,45.0,14,Dumplings,Asian,recipe_images/recipe_1196.jpg,Dumplings
Shrimp and Spinach Lasagna,https://www.allrecipes.com/recipe/257088/shrimp-and-spinach-lasagna/,main-dish,Wifey loves this dish. The fresh spinach and lemon shine through.,"10  lasagna noodles ; 2 tablespoons olive oil ; 1 pound white button mushrooms, sliced ; 2 tablespoons minced garlic ; 1 (9 ounce) bag fresh baby spinach leaves ; ¼ cup butter ; ¼ cup all-purpose flour ; 2 cups cold milk ; 1 teaspoon garlic salt ; ½ teaspoon cayenne pepper ;   kosher salt and ground black pepper to taste ; 1  lemon, zested and juiced ; 2 pounds uncooked medium shrimp, peeled and deveined ; 1 tablespoon dried parsley","Bring a large pot of lightly salted water to a boil. Cook lasagna noodles in the boiling water, stirring occasionally, until tender yet firm to the bite, about 8 minutes. Drain. Preheat oven to 375 degrees F (190 degrees C). Lightly oil a 9x13-inch baking dish. Heat oil in skillet over medium-high heat. Add mushrooms; cook and stir until tender, about 10 minutes. Add garlic; cook for 1 minute. Stir in spinach and cook just until wilted, 1 to 2 minutes. Remove skillet from heat and transfer mixture to a bowl. Melt butter in the same skillet over medium heat until a pinch of flour sprinkled into the butter will just begin to bubble. Whisk in flour to form a thick paste the consistency of cake frosting. Continue cooking, whisking constantly, until flour has turned golden and begins to smell like toast, 10 to 12 minutes. Slowly pour 1 cup of milk into flour mixture; whisk until smooth. Pour in remaining 1 cup milk; whisk until smooth. Whisk in garlic salt, cayenne pepper, kosher salt, and pepper. Bring mixture to a simmer; whisk in lemon zest and lemon juice. Remove skillet from heat. Spoon enough sauce in prepared baking dish to coat bottom. Overlap 5 lasagna noodles on top. Spread spinach mixture evenly over the pasta. Arrange shrimp on spinach layer. Drizzle with half the remaining sauce. Overlap remaining lasagna noodles on top. Cover with remaining sauce. Sprinkle with parsley. Bake in the preheated oven for 10 minutes. Turn baking dish; continue baking until cooked through and bubbly, about 15 minutes more. Cool 15 minutes before serving.",1 hr 34 mins,8.0,8 servings,347.6,3.552436032874358,1.5183799172769432,1.4324338842235314,0.3879030958477322,amber,amber,green,amber,2.0,2.0,1.0,2.0,7.0,healthy,3.0,,,94.0,14,Pasta and Noodles,Italian,recipe_images/recipe_1197.jpg,Pasta
Easy Apricot-Glazed Salmon,https://www.allrecipes.com/recipe/281337/easy-apricot-glazed-salmon/,main-dish,This super simple apricot-glazed salmon recipe uses only 3 ingredients! The apricot flavor is sweet with a little kick from the spicy mustard. It's easy enough for a quick summer supper!,2 tablespoons apricot preserves ; 1 teaspoon spicy brown mustard ; 4 (8 ounce) fresh salmon fillets,"Preheat the oven to 350 degrees F (175 degrees C). Line a baking sheet with aluminum foil. Mix apricot preserves with mustard. Place salmon fillets on the prepared baking sheet. Brush 1/2 of the apricot mixture over top. Bake on the top rack of the preheated oven for 16 minutes. Pull from the oven and brush with remaining apricot mixture. Cook until salmon flakes easily with a fork, about 2 more minutes.",30 mins,4.0,4 fillets,269.4,3.226491190829972,0.806622797707493,1.8255147527064317,0.1335172999363192,amber,green,green,green,2.0,1.0,1.0,1.0,5.0,healthy,0.0,Seafood Main Dishes,American,30.0,3,Seafood,International,recipe_images/recipe_1198.jpg,Seafood
Blueberry-BBQ Salmon,https://www.allrecipes.com/recipe/275201/blueberry-bbq-salmon/,main-dish,"Need a new way to do fish? Or want to try salmon, but don't care for fish? This recipe is super easy and wonderfully delicious. Take it from me, I am not a fish eater at all. Serve with any vegetable side dish and wild rice.",2 tablespoons barbeque sauce ; 2 teaspoons blueberry jam ; 1 (1 pound) fillet salmon,"Set an oven rack about 6 inches from the heat source and preheat the oven's broiler. Line a baking sheet with parchment paper. Mix together barbecue sauce and blueberry jam in a small bowl until well combined. Place salmon on the prepared baking sheet and cover with 2/3 of the sauce. Reserve remaining sauce. Broil the salmon in the preheated oven until fish flakes easily with a fork, 5 to 10 minutes. Remove from the oven and cover with the remaining sauce to serve.",10 mins,4.0,4 servings,183.7,5.429497568881685,1.1345218800648296,2.9173419773095626,0.2743111831442463,amber,green,green,green,2.0,1.0,1.0,1.0,5.0,healthy,4.5,,,10.0,3,Seafood,American,recipe_images/recipe_1200.jpg,Seafood
KISS Salmon,https://www.allrecipes.com/recipe/219996/kiss-salmon/,main-dish,"Keep it simple, silly! This recipe has only 3 ingredients and is easy as can be, yet is full of bold flavor. Serve with rice and broccoli and you've got a great-tasting, beautiful meal!","2 (6 ounce) salmon filets, skin on ; ¼ cup barbeque sauce ; ¼ cup seedless raspberry jam","Preheat oven to 400 degrees F (200 degrees C). Grease an 11x7-inch baking dish. Place the salmon fillets into the prepared baking dish with skin sides down. Stir the barbeque sauce and raspberry jam together in a small bowl. Generously brush the mixture over the salmon. Bake in the preheated oven until the salmon is opaque and flakes easily with a fork, 35 to 40 minutes. Brush again with the sauce mixture after the first 15 minutes of baking time.",45 mins,4.0,4 servings,193.0,6.198880757640981,1.492323145358014,19.28540680154972,0.599512125125556,amber,green,amber,amber,2.0,1.0,2.0,2.0,7.0,healthy,4.47,,,45.0,3,Seafood,American,recipe_images/recipe_1207.jpg,Seafood
Cantonese Style Pork and Shrimp Dumplings,https://www.allrecipes.com/recipe/17401/cantonese-style-pork-and-shrimp-dumplings/,main-dish,"I love dumplings and have come up with this recipe using all ingredients that I like. The dumplings consist of pork, shrimp, watercress, water chestnuts, and assorted seasonings, and they are absolutely delicious!","¼ pound ground pork ; 1 cup chopped watercress ; ½ (8 ounce) can water chestnuts, drained and chopped ; ¼ cup chopped green onions ; 1 tablespoon oyster sauce ; 1 ½ tablespoons sesame oil ; 1 teaspoon minced garlic ; 1 teaspoon soy sauce ; ⅛ teaspoon ground white pepper ; ⅛ teaspoon salt ; 1 (16 ounce) package round dumpling skins ; 1 pound peeled and deveined medium shrimp","In a large bowl, combine the pork, watercress, water chestnuts, green onion, oyster sauce, sesame oil, garlic, soy sauce, ground white pepper and salt and mix together well. Place 1/2 teaspoonful of this filling onto each dumpling skin. Place 1 shrimp on the filling, slightly wet the edge of the dumpling skin, fold over and pinch with your fingers to form a seal all the way around. To cook: Pan fry the dumplings in a large skillet over medium heat with oil for 15 minutes, turning over halfway through OR Place them in a pot of boiling water for 10 minutes; drain and serve in hot chicken broth.",50 mins,10.0,40 dumplings,234.1,4.844172282850398,1.2315692244534908,0.3284184598542642,0.8259724265334747,amber,green,green,amber,2.0,1.0,1.0,2.0,6.0,healthy,4.52,Dumpling Recipes,Chinese,50.0,12,Dumplings,Chinese,recipe_images/recipe_1209.jpg,Dumplings
Grilled Halibut II,https://www.allrecipes.com/recipe/12729/grilled-halibut-ii/,main-dish,"Halibut fillets marinated in lime juice and herbs are simple and delicious, and perfect for any occasion. Pineapple and mango salsas - or any of your personal favorites - make for a perfect finish fresh off the grill.",6 (6 ounce) fillets halibut ; 2 tablespoons olive oil ; 2 tablespoons fresh lime juice ; ½ teaspoon dried thyme ; ½ teaspoon dried basil ; ¼ teaspoon dried oregano ; ⅛ teaspoon dried rosemary,"Place halibut fillets in a shallow baking dish. In a bowl, whisk together the olive oil, lime juice, thyme, basil, oregano, and rosemary. Pour marinade over fish, cover, and refrigerate 2 to 4 hours. Preheat grill for medium heat. Adjust grate height to between 4 and 6 inches from heat source. Lightly oil grill grate. Remove halibut from dish, and discard marinade. Cook for 5 minutes per side, or until fish can be easily flaked with a fork.",2 hrs 20 mins,6.0,6 servings,229.4,4.27095611176593,0.3328017749427997,0.0554669624904666,0.1303473618525965,amber,green,green,green,2.0,1.0,1.0,1.0,5.0,healthy,4.05,Seafood Main Dishes,,140.0,7,Seafood,International,recipe_images/recipe_1217.jpg,Seafood
Simple Sassy Salmon,https://www.allrecipes.com/recipe/164467/simple-sassy-salmon/,main-dish,This is a simply great tasting way to make salmon and takes little effort.,"1 tablespoon butter, melted ; 1 tablespoon vegetable oil ; 1 tablespoon Worcestershire sauce ; 2 tablespoons honey mustard ; 1 tablespoon brown sugar ; 1 tablespoon garlic powder ; 1 pound salmon fillet","Combine the melted butter, vegetable oil, Worcestershire sauce, honey mustard sauce, brown sugar, and garlic powder in a large bowl.  Whisk to combine. Reserve 2 tablespoons marinade for basting. Place the salmon in a shallow dish and pour the remaining marinade over. Cover and chill for 45 minutes. Preheat the oven's broiler and set the oven rack about 5 inches from the heat source. Broil salmon for 12 minutes, brushing occasionally with the reserved marinade. Salmon is done when it is glazed from the marinade and flakes easily with a fork.",1 hr 7 mins,4.0,4 servings,303.0,13.689839572192511,3.4937611408199647,4.777183600713013,0.3420677361853833,amber,amber,green,amber,2.0,2.0,1.0,2.0,7.0,healthy,4.52,Seafood Main Dishes,,67.0,7,Seafood,American,recipe_images/recipe_1225.jpg,Seafood
Quinoa Stuffed Peppers,https://www.allrecipes.com/recipe/223211/quinoa-stuffed-peppers/,main-dish,"This vegetarian dish is so filling, and I love it because its incredibly versatile. You can add whatever spices and vegetables you like!","1 cup quinoa, rinsed and drained ; 2 cups water ; 2 tablespoons olive oil ; 1 small onion, diced ; 2 cloves garlic, minced ; 1  zucchini, diced ; 1 small eggplant, diced ; 1  tomato, diced ; 1 cup tomato sauce ;   salt and ground black pepper to taste ; 6  bell peppers, tops cut off and seeded ; 1 cup shredded mozzarella cheese, or more to taste","Preheat oven to 350 degrees F (175 degrees C). Line a deep baking dish with aluminum foil. Mix quinoa and water together in a saucepan; bring to a boil. Cover, reduce heat, and simmer until quinoa is tender and water is absorbed, about 15 minutes. Heat olive oil in a large skillet over medium heat; cook and stir onion and garlic until fragrant and slightly translucent, 5 to 7 minutes. Add zucchini, eggplant, and tomato; cook until slightly tender, 3 to 5 minutes. Stir tomato sauce into vegetable mixture; cover and simmer until vegetables have softened, about 10 more minutes. Stir quinoa into vegetable mixture. Season with salt and pepper. Fill bell peppers with quinoa-vegetable mixture. Place peppers in prepared baking dish. Cover dish with aluminum foil. Bake in the preheated oven until bell peppers are slightly tender, about 18 minutes. Remove aluminum foil cover; sprinkle peppers with mozzarella cheese. Bake until cheese is bubbling and melted, about 5 more minutes.",1 hr 20 mins,6.0,6 servings,250.6,4.877222692633361,1.3209144792548688,3.8103302286198137,0.441363251481795,amber,green,green,amber,2.0,1.0,1.0,2.0,6.0,healthy,4.2,Stuffed,American,80.0,12,Stuffed Dishes,Mediterranean,recipe_images/recipe_1246.jpg,Stuffed Dishes
Brown Sugar-Pineapple Pork Chops,https://www.allrecipes.com/recipe/261537/brown-sugar-pineapple-pork-chops/,main-dish,"Brown sugar-pineapple pork chops with caramelized red onions and tangy goat cheese are a delicious one-skillet supper. It's a sweet take on juicy pork chops that are quick and easy to prepare! Sprinkle with parsley for garnish, if desired.","2 teaspoons chipotle chile powder ; 1 teaspoon garlic powder ; ½ teaspoon ground cinnamon ; ½ teaspoon onion powder ; 1 (8 ounce) can pineapple rings, drained and juice reserved ; 1 tablespoon olive oil, divided ; 1  red onion, thinly sliced ; ¼ cup brown sugar ; 4  boneless pork chops ;   salt and ground black pepper to taste ; ¼ cup crumbled goat cheese","Combine chipotle powder, garlic powder, cinnamon, and onion powder in a small bowl. Pat pineapple rings dry. Heat 1 teaspoon olive oil in a large, nonstick saucepan over medium-high heat. Add pineapple rings and red onion; sprinkle with 3 tablespoons reserved pineapple juice and brown sugar. Cook until pineapple is lightly browned, about 3 minutes per side. Transfer pineapple-onion mixture to a plate. Pat pork chops dry and lightly season both sides with salt and pepper. Heat remaining 2 teaspoons oil in the same saucepan over medium-high heat; swirl to coat pan. Add chops; cook until bottom is browned, about 3 minutes. Flip and sprinkle the chipotle mixture on top. Cook until other side is browned, about 3 minutes. Continue flipping and cooking until no longer pink in the center, 3 to 5 minutes more. An instant-read thermometer inserted into the center should read 145 degrees F (63 degrees C). Transfer chops onto a plate and top with the pineapple-onion mixture. Sprinkle goat cheese on top.",30 mins,4.0,4 pork chops,262.1,4.176381145463761,1.540800810947795,9.366447034972124,0.111910795742524,amber,amber,amber,green,2.0,2.0,2.0,1.0,7.0,healthy,4.7,Pork,American,30.0,11,Pork,American,recipe_images/recipe_1255.jpg,Meat Dishes
Cucumber Sandwiches I,https://www.allrecipes.com/recipe/25508/cucumber-sandwiches-i/,main-dish,"Cucumber sandwiches!!    Top party rye with cream cheese and a slice of cucumber, and let the little appetizers work their magic!","1 (8 ounce) package whipped cream cheese ; 1 (.7 ounce) package dry Italian-style salad dressing mix ; 1 (1 pound) loaf cocktail rye bread ; 1  cucumber, thinly sliced","In a small bowl, mix whipped cream cheese and dry Italian-style dressing mix. Spread equal portions of the mixture on slices of the cocktail rye bread. Top each with a slice of cucumber.",15 mins,15.0,15 servings,48.2,8.597191584082532,4.9983672000479835,3.19895500803071,1.383548040973282,amber,amber,green,amber,2.0,2.0,1.0,2.0,7.0,healthy,4.27,Sandwich Recipes,,15.0,4,Sandwich,American,recipe_images/recipe_1282.jpg,Sandwiches and Tacos
Cilantro Chicken Burgers with Avocado,https://www.allrecipes.com/recipe/221239/cilantro-chicken-burgers-with-avocado/,main-dish,"A delicious blend of ground chicken, cilantro, and seasonings make this chicken burger awesome!","1 pound ground chicken ; ½ cup chopped fresh cilantro ; 1 tablespoon soy sauce ; 1 tablespoon garlic powder ; 1 teaspoon lime juice  (Optional); 1 teaspoon ground ginger ; 1 tablespoon ground black pepper ;   cooking spray ;   hamburger buns ; 1  avocado - peeled, pitted, and sliced  (Optional); ¼ cup ranch dressing, or to taste  (Optional)","Mix ground chicken, cilantro, soy sauce, garlic powder, lime juice, ground ginger, and ground black pepper together in a large bowl. Form the mixture into 4 patties. Prepare a skillet with cooking spray and place over medium heat. Cook burgers in the hot skillet until cooked through and no longer pink in the middle, 4 to 5 minutes per side. An instant-read thermometer inserted into the center should read 165 degrees F (74 degrees C). Serve on hamburger buns with slices of avocado and a 1 tablespoon ranch dressing.",25 mins,4.0,4 burgers,433.4,14.409421544856254,2.563214409421545,2.978870800138552,1.1129199861447872,amber,amber,green,amber,2.0,2.0,1.0,2.0,7.0,healthy,4.39,,,25.0,11,Burger,American,recipe_images/recipe_1298.jpg,Burger
French Onion Meatloaf,https://www.allrecipes.com/recipe/260221/french-onion-meatloaf/,main-dish,Moist and delicious French onion meatloaf. Meatloaf meets chopped steak with gravy. Still quite good without the sauce on top.,"2 pounds lean ground beef ; 1 (10.5 ounce) can condensed French onion soup ; ½ cup fine dry bread crumbs ; ½ cup rolled oats ; 1  egg, lightly beaten ; 1 tablespoon dried parsley ; ¼ teaspoon salt ; ¼ teaspoon ground black pepper","Preheat oven to 350 degrees F (175 degrees C). Combine ground beef, condensed French onion soup, bread crumbs, oats, beaten egg, dried parsley, salt, and pepper in a bowl. Mix well. Pack into a loaf pan. Bake in the preheated oven until no longer pink in the center, about 1 hour and 15 minutes. An instant-read thermometer inserted into the center should read at least 160 degrees F (70 degrees C). Let rest 5 minutes before cutting.",1 hr 30 mins,8.0,1 meatloaf,294.9,9.501115775937064,3.570482998600552,1.210333219864594,0.7903475925715799,amber,amber,green,amber,2.0,2.0,1.0,2.0,7.0,healthy,4.0,Meatloaf Recipes,American,90.0,8,Meatloaf,American,recipe_images/recipe_1314.jpg,Meat Dishes
Penne with Mushrooms,https://www.allrecipes.com/recipe/74807/penne-with-mushrooms/,main-dish,"Tiny, white button mushrooms make a delicious, simple sauce for pasta. Try them with penne or large shells.","1 (8 ounce) package dry penne pasta ; ¼ cup olive oil ; 1 clove garlic, finely chopped ; 1 pound button mushrooms, sliced ;   salt and freshly ground black pepper to taste ; 1 tablespoon butter ; 1 ½ teaspoons chopped fresh parsley ; ¼ cup grated Parmesan cheese","Bring a large pot of lightly salted water to a boil. Place the penne pasta in the pot, cook for 8 to 10 minutes, until al dente, and drain. Heat the oil in a large skillet over medium heat, and cook the garlic and mushrooms until mushrooms are tender. Season with salt and pepper, and mix in the butter. In a large bowl, toss the cooked pasta and the mushroom mixture. Sprinkle with Parmesan cheese and garnish with parsley to serve.",35 mins,4.0,4 servings,413.8,10.20141250326968,2.511116923881768,1.4125032696834945,0.1368035574156421,amber,amber,green,green,2.0,2.0,1.0,1.0,6.0,healthy,4.5,Pasta,American,35.0,8,Pasta and Noodles,Italian,recipe_images/recipe_1341.jpg,Pasta
Black Bean Stuffed Peppers,https://www.allrecipes.com/recipe/229886/black-bean-stuffed-peppers/,main-dish,"What more can you ask for? If my kiddos love this dish, then you know it will be a huge hit in your home. If you have leftover filling, it makes a great chip dip!","1 ¼ cups water ; 1 (3 ounce) package reduced-fat cream cheese, softened ; 2 cups cooked brown rice ; 2 cups chopped fresh spinach ; 1 (10 ounce) can diced tomatoes with green chile peppers ; 1 (15 ounce) can no-salt-added black beans, drained and rinsed ; 2 tablespoons dried minced onion ; 1 teaspoon ground cumin ; 1 teaspoon dried oregano ; 3 large bell peppers ; ½ cup shredded Cheddar cheese","Preheat oven to 350 degrees F (175 degrees C). Pour water into a 9x13-inch baking dish. Stir cream cheese in a bowl until smooth. Fold brown rice, spinach, diced tomatoes with green chiles, black beans,  minced onion, cumin, and oregano into the cream cheese until evenly mixed. Halve bell peppers lengthwise. Remove and discard stem, seeds, and membranes. Fill each pepper half with about 3/4 cup of rice mixture; arrange into baking dish. Sprinkle cheese evenly over stuffed pepper halves. Bake in preheated oven until peppers are tender, 35 to 45 minutes.",55 mins,6.0,6 servings,229.9,3.0167079207920793,1.7172029702970295,1.1602722772277227,0.3586401608910891,amber,amber,green,amber,2.0,2.0,1.0,2.0,7.0,healthy,4.29,Stuffed,,55.0,11,Stuffed Dishes,Mexican,recipe_images/recipe_1345.jpg,Stuffed Dishes
Stuffed Orange Peppers,https://www.allrecipes.com/recipe/235320/stuffed-orange-peppers/,main-dish,"Orange bell peppers are stuffed with a mixture of ground turkey, onion, tomatoes, rice, and cheese. Make it an appetizer with mini bell peppers to serve at a party. Add some color. Whatever you have, cilantro, parsley, any herb to add to the look and taste. Enjoy!","6  orange bell peppers, tops and seeds removed ; 1 pound ground turkey ; ⅓ cup chopped onion ; 1 (14.5 ounce) can diced tomatoes, or more to taste ; ½ cup white rice ; ½ cup water ; 1 teaspoon liquid smoke flavoring ; 1 cup shredded Gouda cheese","Bring a large pot of water to a boil; cook orange bell peppers until slightly softened, about 5 minutes. Drain. Heat a large skillet over medium-high heat. Cook and stir turkey and onion in the hot skillet until browned and crumbly, 5 to 7 minutes; drain and discard grease. Preheat oven to 350 degrees F (175 degrees C). Stir tomatoes, rice, 1/2 cup water, and liquid smoke into turkey mixture; cover skillet and simmer until rice is tender, about 15 minutes. Remove skillet from heat; stir Gouda cheese into turkey mixture. Stuff each orange bell pepper with turkey mixture and place peppers, open-side up, in a baking dish. Cover dish with aluminum foil. Bake in the preheated oven until heated through and cheese is melted, 25 to 35 minutes.",1 hr,6.0,6 servings,294.9,4.140620251448235,1.7505061225634817,1.8514968604036823,0.2666155478981302,amber,amber,green,green,2.0,2.0,1.0,1.0,6.0,healthy,4.29,Stuffed,American,60.0,8,Stuffed Dishes,American,recipe_images/recipe_1346.jpg,Stuffed Dishes
Sour Cream Dough for Pierogi,https://www.allrecipes.com/recipe/245594/sour-cream-dough-for-pierogi/,main-dish,"A sour cream-based dough for your pierogi. Fill with your favorite fillings, such as potatoes and cheese or sauerkraut.","6 cups all-purpose flour, or more as needed ; 2 teaspoons salt ; 3  eggs ; ½ cup sour cream ; ¼ cup milk, or more as needed","Whisk flour, salt, eggs, sour cream, and milk together in a bowl. Add extra flour as needed to make dough less sticky.",10 mins,48.0,1 dough recipe,67.1,5.136436597110754,2.0545746388443016,0.5136436597110754,1.32776886035313,amber,amber,green,amber,2.0,2.0,1.0,2.0,7.0,healthy,4.18,Dumpling Recipes,Polish,10.0,5,Dumplings,Polish,recipe_images/recipe_1367.jpg,Dumplings
Vegetarian Shepherd's Pie II,https://www.allrecipes.com/recipe/24717/vegetarian-shepherds-pie-ii/,main-dish,"This was our first vegetarian recipe and has withstood the test of time, now one of our staple recipes.","2 cups vegetable broth, divided ; 1 teaspoon yeast extract spread, e.g. Marmite/Vegemite ; ½ cup dry lentils ; ¼ cup pearl barley ; 1 large carrot, diced ; ½  onion, finely chopped ; ½ cup walnuts, coarsely chopped ; 3  potatoes, chopped ; 1 teaspoon all-purpose flour ; ½ teaspoon water ;   salt and pepper to taste","Preheat oven to 350 degrees F (175 degrees C). In a large saucepan over medium-low heat, combine 1 1/4 cups broth, yeast extract, lentils and barley.  Simmer for 30 minutes. Meanwhile,  in a medium saucepan combine remaining 3/4 cup broth, carrot, onion and walnuts; cook until tender, about 15 minutes. Meanwhile, bring a large pot of salted water to a boil.  Add potatoes and cook until tender but still firm, about 15 minutes. Drain and mash. Combine flour and water and stir into carrot mixture; simmer until thickened.  Combine carrot mixture with lentil mixture and season with salt and pepper.  Pour mixture into a 2 quart casserole dish.  Spoon mashed potatoes over lentil mixture. Bake in preheated oven until lightly browned on top, about 30 minutes.",1 hr 15 mins,8.0,8 servings,184.1,3.181401040073417,0.3059039461609055,1.7130620985010707,0.224992352401346,amber,green,green,green,2.0,1.0,1.0,1.0,5.0,healthy,4.28,Savory Pie Recipes,American,75.0,11,Casserole and Pies,British,recipe_images/recipe_1369.jpg,Casserole and Pies
Fabienne's Bison Meatballs,https://www.allrecipes.com/recipe/245846/fabiennes-bison-meatballs/,main-dish,Look no further: you'll want to add these savory bison meatballs to every festive menu. The seasonings used in this recipe naturally enhance the meat's subtle taste. A must try!,"8 ounces ground bison ; 1 teaspoon Dijon mustard ; 1 teaspoon dried oregano ; ½ teaspoon ground cumin ; ½ teaspoon onion powder ; ½ teaspoon paprika ; ⅛ teaspoon dried sage ; 1 pinch celery salt, or to taste ; 2 teaspoons olive oil","Mix bison, mustard, oregano, cumin, onion powder, paprika, sage, and celery salt together in a bowl. Form meatballs approximately 1 1/2-inch diameter in size. Heat olive oil in a non-stick skillet over medium-low heat, swirling to cover bottom of the skillet. Add meatballs and cook undisturbed, about 4 minutes. Continue to cook, turning meatballs until browned evenly on all sides, about 6 minutes more. An instant-read thermometer inserted into the center should read at least 160 degrees F (70 degrees C).",20 mins,4.0,20 -25 meatballs,76.8,5.482949773223584,1.1288426003695615,0.1612632286242231,0.5422476062489502,amber,green,green,amber,2.0,1.0,1.0,2.0,6.0,healthy,4.5,Meatball Recipes,,20.0,9,Meatballs,American,recipe_images/recipe_1377.jpg,Meat Dishes
Lazy Perogies,https://www.allrecipes.com/recipe/213183/lazy-perogies/,main-dish,"The deliciousness of perogies, all done up in a 9x11-inch pan...mmmmm!","9  uncooked lasagna noodles ; 4 large baking potatoes, peeled and cut into 1-inch chunks ; ½ cup milk ; 1 tablespoon butter ; 1 teaspoon onion salt, or to taste ;   salt and black pepper to taste ; 1 cup shredded Cheddar cheese ; 1 pound bacon ; 1  onion, chopped ; 2 cups dry cottage cheese ; 1  egg ; 1 teaspoon onion salt, or to taste","Fill a large pot with lightly salted water and bring to a rolling boil. Once the water is boiling, stir in the lasagna noodles, about 3 or 4 at a time, and return to a boil. Cook the noodles uncovered, stirring occasionally, until the pasta has cooked through but is still firm to the bite, about 10 minutes per batch. Drain well in a colander set in the sink, and lay the cooked noodles flat on waxed paper or aluminum foil while you finish cooking the rest of the noodles. Preheat oven to 350 degrees F (175 degrees C). Grease a 9x11-inch baking dish. Place the potatoes into a large pot and cover with water. Bring to a boil over high heat, then reduce heat to medium-low, cover, and simmer until tender, about 20 minutes. Drain and allow to steam dry for a minute or two. Using a potato masher, mash the potatoes with the milk and butter until smooth. Stir in 1 teaspoon of onion salt, and season with salt and pepper. Set the mashed potatoes aside to cool. When cooled, mix with shredded Cheddar cheese. Place the bacon in a large, deep skillet, and cook over medium-high heat, turning occasionally, until evenly browned and almost crisp, about 10 minutes. Place the onion into the hot bacon fat, and cook and stir until the onion is translucent, about 8 minutes. Break the bacon into pieces with a spoon or spatula, and set the bacon and onion aside. Mix the cottage cheese, egg, and 1 teaspoon of onion salt in a bowl. To make the casserole, place 3 lasagna noodles into the prepared baking dish, and spread with the cottage cheese mixture in an even layer. Top the cottage cheese with 3 more lasagna noodles, then spread potato-cheese mixture in a layer. Top the mashed potato layer with 3 more noodles, then spread the bacon and onion into an even layer on top of the casserole. Cover the casserole with aluminum foil, and bake in the preheated oven until the cheese is melted and the casserole is hot, about 30 minutes. Allow to set for about 10 minutes before serving.",1 hr 40 mins,12.0,12 servings,270.5,5.018497667685379,2.2679749075116615,1.9301914106482223,0.8314299501367219,amber,amber,green,amber,2.0,2.0,1.0,2.0,7.0,healthy,4.32,Dumpling Recipes,Eastern European,100.0,12,Dumplings,Eastern European,recipe_images/recipe_1379.jpg,Dumplings
Whole-Family Pasta with Broccoli and Cauliflower,https://www.allrecipes.com/recipe/246448/whole-family-pasta-with-broccoli-and-cauliflower/,main-dish,"Many children, especially picky eaters, love pasta loaded with plain butter--a dish that clearly earns low marks on the health scale. This great alternative adds fiber and protein with beans, which kids actually love!","12 ounces penne or fusilli pasta ; 4 cloves garlic, sliced ; 2 tablespoons extra-virgin olive oil ; 3 cups broccoli florets ; 2 cups cauliflower florets ; ½ teaspoon salt ; ⅔ cup low-sodium vegetable or chicken broth ; 2 tablespoons butter ; 1 (15 ounce) can no-salt-added cannellini beans, rinsed and drained ; ¼ teaspoon black pepper ; ½ cup grated Parmigiano-Reggiano cheese","Cook pasta in a large pot of salted boiling water 2 minutes less than directed on package. Drain. Meanwhile, cook garlic in oil in a large lidded pot over medium heat until golden, 3 to 4 minutes. Add broccoli and cauliflower and cook 1 minute. Stir in 1/4 teaspoon salt, and cook, covered, 3 minutes. Add broth, butter, beans, pepper, and remaining 1/4 teaspoon salt, and cook until beans are warm and sauce thickens slightly, about 5 minutes. Add pasta and cook, stirring, until heated through, about 1 minute. Sprinkle with cheese.",25 mins,6.0,12 cups,387.0,4.049549364171366,1.481542450306597,1.1852339602452775,0.3250339520144861,amber,green,green,amber,2.0,1.0,1.0,2.0,6.0,healthy,4.19,Pasta,,25.0,11,Pasta and Noodles,Italian,recipe_images/recipe_1384.jpg,Pasta
Debbie's Vegetable Lasagna,https://www.allrecipes.com/recipe/236878/debbies-vegetable-lasagna/,main-dish,Delicious vegetable lasagna with a white creamy sauce. A family favorite!,"9  lasagna noodles ; ¼ cup margarine ; ¼ cup all-purpose flour ; ½ teaspoon salt ; ¼ teaspoon ground black pepper ; 1 cup milk ; ½ cup vegetable broth, or as needed ; 2 tablespoons white wine ; ½ cup grated Parmesan cheese ; 1 cup light ricotta cheese ; 1  egg ; 1  egg white ; 1 tablespoon olive oil ; 2 cups coarsely shredded carrots ; 2 cups coarsely chopped zucchini ; 1 (10 ounce) package frozen chopped spinach, thawed and drained ; 1 cup shredded mozzarella cheese","Bring a large pot of lightly salted water to a boil. Cook lasagna in the boiling water, stirring occasionally until cooked through but firm to the bite, about 8 minutes. Drain. Preheat oven to 375 degrees F (190 degrees C). Melt margarine in a skillet over low heat; cook and stir flour, salt, and pepper into the melted margarine until smooth and bubbling, 2 to 3 minutes. Add milk and broth into flour mixture, stirring constantly; bring sauce to a boil. Stir wine into sauce and remove from heat. Stir Parmesan cheese into sauce until smooth. Whisk ricotta cheese, egg, and egg white together in a bowl. Heat olive oil in a skillet over medium-high heat; saute carrots, zucchini, and spinach until just becoming tender, 5 to 10 minutes. Stir vegetable mixture into ricotta mixture. Layer 1/3 the lasagna noodles, 1/3 the ricotta-vegetable mixture, and 1/3 the Parmesan sauce in a 9x13-inch baking dish; repeat layering 2 more times with remaining ingredients, ending with a layer of mozzarella cheese. Bake in the preheated oven until cheese is lightly browned and bubbling, about 30 minutes.",1 hr 10 mins,8.0,8 servings,291.4,6.68534257632591,2.1778009907728344,2.532326733456784,0.6101641264264122,amber,amber,green,amber,2.0,2.0,1.0,2.0,7.0,healthy,4.61,Pasta,,70.0,17,Pasta and Noodles,Italian,recipe_images/recipe_1397.jpg,Pasta
Chef John's Potato Gnocchi,https://www.allrecipes.com/recipe/255020/chef-johns-potato-gnocchi/,main-dish,"When I found one lone russet potato at the bottom of the bin, I decided to make a small batch of gnocchi--the perfect thing to do with one potato. I like a very potato-y gnocchi, so I go with just enough flour to form the dough. Other people prefer a denser, more pasta-like dumpling, and use much more flour. I know many of you hate it when I say this, but you'll just have to figure it out as you go.","1 large russet potato ; 1  egg, beaten ; ½ cup all-purpose flour, plus more as needed ; 1 cup marinara sauce, heated, or more as needed, divided ;   Freshly grated Parmigiano-Reggiano cheese, for serving","Place potato in microwave and cook on high setting until cooked through, about 7 minutes depending on the size of the potato. Split potato and remove flesh. Push flesh through strainer using the back of a wooden spoon in order to achieve a granular texture. Add a pinch of salt and let cool for about 10 minutes. Pour in beaten egg and stir, using the tines of a fork and trying not to mash the potato. Add about 1/3 cup flour and continue gently stirring gently with the tines of a fork until mixture starts to come together. You may need another pinch or two of flour. Fold mixture with a spatula until dough forms a mass, adding flour as needed. Using your fingers, knead dough gently to form ball, about 10 seconds. Shape dough into a fat log shape on a floured surface. Cut into 4 pieces. Gently roll each piece using your fingertips to form the ""snake"" or a long rope of dough, starting from the center and rolling toward the end until dough is about 1/2 inch thick. Cut each rope of dough into 1/2-inch pieces. Roll each 1/2-inch piece quickly down the back of a fork's tines to form ridges. Heat sauce in a skillet while you cook the gnocchi. Bring a large pot of salted water to a boil. Reduce heat so water continues to simmer. Add gnocchi to water. As soon as they float to the surface after half a minute or so, cook for an additional 14 seconds. Transfer cooked gnocchi with a slotted spoon to the pan with the sauce. Stir until coated. Serve topped with grated cheese.",1 hr,2.0,2 servings,411.1,4.40251572327044,1.3836477987421385,8.050314465408807,0.9393081761006288,amber,green,amber,amber,2.0,1.0,2.0,2.0,7.0,healthy,4.78,Dumpling Recipes,Italian,60.0,5,Dumplings,Italian,recipe_images/recipe_1400.jpg,Dumplings
Passover Matzo Lasagna,https://www.allrecipes.com/recipe/212739/passover-matzo-lasagna/,main-dish,You won't miss the lasagna noodles in this quick to assemble dairy passover dish. Whole Matzo boards are used in place of the noodles.,"6  matzo sheets ; 4  eggs, lightly beaten ; 1 (24 ounce) carton cottage cheese ; 1 (8 ounce) package shredded mozzarella cheese, divided ; 1 (28 ounce) jar marinara sauce","Preheat an oven to 350 degrees F (175 degrees C). Soak matzo sheets in a large bowl of hot water until tender, about 30 seconds. Drain. Combine eggs, cottage cheese, and 1/2 of the mozzarella cheese in a bowl. Pour 1/2 of a cup of marinara sauce on the bottom of a 9x13 inch baking pan. Place 2 matzo sheets over the sauce, then pour another layer of sauce over the sheets. Spread 1/2 of the cheese mixture on top, then another layer of sauce. Continue layering until all the matzo sheets are used, finishing with a layer of sauce. Sprinkle the remaining mozzarella cheese over the top. Bake in the preheated oven until cheese is melted and sauce is bubbly, 30 to 40 minutes.",50 mins,12.0,1 - 9x13 inch pan,241.6,4.852339845524762,2.453430258973194,3.707405724670605,0.8681054066333485,amber,amber,green,amber,2.0,2.0,1.0,2.0,7.0,healthy,4.44,Pasta,Jewish American,50.0,5,Casserole and Pies,Jewish,recipe_images/recipe_1410.jpg,Casserole and Pies
Taco Hand Pies,https://www.allrecipes.com/recipe/272513/taco-hand-pies/,main-dish,These taco pies are easier to handle than those regular tacos you need two hands to keep the the shells from cracking and the fillings from falling out. Pico de gallo and pepper Jack cheese round out the flavors of the taco beef. Taco hand pies are perfect for parties and on-the-go meals. Serve with picante sauce for dipping.,"2  Roma tomatoes, diced ; ½ cup diced white onion ; 3 tablespoons chopped cilantro ; ¼  jalapeno pepper, seeded and diced ; ¼ teaspoon garlic salt ; 1 pound lean ground beef ; ¼ cup water ; 3 tablespoons taco seasoning mix ; ½ cup shredded pepper Jack cheese ; 12  frozen empanada wrappers, thawed ; 1  egg ; 1 tablespoon water","Preheat the oven to 425 degrees F (220 degrees C). Line a baking sheet with parchment paper. Mix tomatoes, onion, cilantro, jalapeno pepper, and garlic salt together in a mixing bowl. Cook and stir beef in a saute pan over medium-high heat until no longer pink, 5 to 7 minutes. Drain fat and return beef to the pan. Add water and  ; stir thoroughly until fully incorporated and water has been absorbed, 2 to 3 minutes. Add the tomato mixture and pepper Jack cheese, Lightly flour a work surface. Roll each empanada wrapper out to a 6-inch circle. Scoop 1/3 cup beef filling onto the center of each wrapper. Fold each wrapper in half to enclose the filling. Crimp edges with a fork to seal. Pierce the top of each pie twice with a fork. Transfer to the prepared baking sheet. Whisk egg and water together to make egg wash. Brush egg wash over the tops of the pies. Bake on the middle rack of the preheated oven until golden brown, about 20 minutes.",55 mins,12.0,12 hand pies,226.2,7.811421244698688,2.919420061150015,0.7890324489594635,0.8649768221718118,amber,amber,green,amber,2.0,2.0,1.0,2.0,7.0,healthy,5.0,Savory Pie Recipes,Mexican,55.0,12,Casserole and Pies,Mexican,recipe_images/recipe_1415.jpg,Casserole and Pies
Apple Curry Turkey Pita,https://www.allrecipes.com/recipe/99873/apple-curry-turkey-pita/,main-dish,"This is great for turkey leftovers. Simple, quick and flavorful. This is a good one for substitutions too. I've used white wine in place of lemon, sour cream in place of yogurt, chicken in place of turkey and Indian naan in place of the pita. Enjoy!","2 tablespoons olive oil ; 1 cup sliced onion ; 2 tablespoons lemon juice ; ½ pound cooked turkey, cut into chunks ; 1 tablespoon curry powder, or to taste ; 1 medium apple, cored and thinly sliced ; 3  pita bread rounds ; ½ cup plain yogurt","Heat oil in a skillet over medium-high heat. Stir in onion and lemon juice. Cook until onion is tender. Mix in turkey, season with curry powder and continue cooking until heated through. Remove from heat. Stir in apple. Stuff pitas with the mixture. Drizzle with yogurt to serve.",20 mins,3.0,3 servings,428.0,4.485313575019847,0.793860809738026,4.405927494046044,0.3905795183911087,amber,green,green,amber,2.0,1.0,1.0,2.0,6.0,healthy,4.47,,,20.0,8,Sandwich,Indian,recipe_images/recipe_1450.jpg,Sandwiches and Tacos
Vegetarian Stuffed Red Bell Peppers,https://www.allrecipes.com/recipe/160197/vegetarian-stuffed-red-bell-peppers/,main-dish,These stuffed peppers are so fresh tasting and healthy. They make a great side dish or a meal on their own.,"1 cup quinoa ; 1 cup water ; 2  red bell peppers ; ½  Granny Smith apple, cored and chopped ; 1 tablespoon fresh lime juice ; 1 teaspoon olive oil ; 1 clove garlic, minced ; 1 ½ tablespoons chopped fresh parsley ; 1 ½ tablespoons chopped fresh mint ; 1 cup chopped tomatoes ; 3  green onions, thinly sliced ;   sea salt and pepper to taste","Bring the quinoa and water to a boil in a saucepan over high heat. Reduce heat to medium-low, cover, and simmer until the quinoa is tender, 20 to 25 minutes. Preheat oven to 350 degrees F (175 degrees C). Lightly grease a small baking dish. Halve the red peppers lengthwise. Remove the seeds and ribs, but leave the stem intact so the pepper bowls hold their shape; place cut-side-up into the prepared baking dish. Toss the chopped apple with the lime juice, olive oil, garlic, parsley, mint, tomatoes, and green onions. Fold in the quinoa, and season to taste with salt and pepper. Fill the cut peppers with this mixture, and fill the baking dish with about 1/4 inch of water. Bake in preheated oven until the peppers are tender, and the quinoa is hot, about 20 minutes.",1 hr 20 mins,2.0,4 stuffed peppers,414.9,5.815602836879432,0.7092198581560284,8.085106382978724,0.3246453900709219,amber,green,amber,amber,2.0,1.0,2.0,2.0,7.0,healthy,4.02,,,80.0,12,Stuffed Dishes,Mediterranean,recipe_images/recipe_1451.jpg,Stuffed Dishes
Garlic Mushroom Pasta,https://www.allrecipes.com/recipe/51288/garlic-mushroom-pasta/,main-dish,"My mom used to make this for me as a kid. It is easy to whip up and can be modified. Change the veggies, add some bacon, use less garlic, whatever. Sometimes I've used one egg and stirred in some margarine (or butter or olive oil) but I like it best like this. This is sized as smaller servings, almost as a side dish size.","2 tablespoons olive oil ; ½ large onion, diced ; 5 large mushrooms, sliced ; 8 cloves garlic, crushed ; 1 teaspoon olive oil, or as needed ; 1 (12 ounce) package spaghetti ; 2  eggs, beaten ; ¼ cup grated Parmesan cheese, plus more for garnish","Heat 2 tablespoons olive oil in a skillet over medium heat. Cook and stir onion, mushrooms, and garlic in hot oil until onion is translucent, 5 to 7 minutes. Bring a large pot of lightly salted water to a boil; add about 1 teaspoon olive oil to keep spaghetti from sticking. Cook spaghetti in the boiling water, stirring occasionally, until cooked through but firm to the bite, about 12 minutes. Drain and transfer hot spaghetti back to pot. Stir eggs into spaghetti; allow heat from spaghetti to cook the eggs. Stir onion and mushroom mixture and 1/4 cup Parmesan cheese into spaghetti over low heat until eggs are fully cooked and cheese is melted. Garnish with additional Parmesan cheese.",30 mins,4.0,4 servings,467.1,5.169063350174893,1.165954139137194,1.515740380878352,0.1163039253789351,amber,green,green,green,2.0,1.0,1.0,1.0,5.0,healthy,4.29,Pasta,,30.0,8,Pasta and Noodles,Italian,recipe_images/recipe_1461.jpg,Pasta
"Tomato, Basil, and Mozzarella Empanadas",https://www.allrecipes.com/recipe/258671/empanadas-de-tomate-queso-y-albahaca-tomato-basil-and-mozzarella-empanadas/,main-dish,"Vegetarian empanadas are ideal for those on a vegetarian diet, or for those just wishing to cut down on their meat intake. These empanadas have a delightful filling of mozzarella, tomato and fresh basil, making them light yet filling and a tasty, easy option for feeding family and friends.","3  tomatoes, seeded and cubed ; 1 bunch fresh basil leaves, chopped ;   salt and ground black pepper to taste ; 2 cups cubed mozzarella cheese ; 1 tablespoon olive oil ; 2 tablespoons grated Parmesan cheese ;   cooking spray ; 12  empanada pastry discs ; 1 tablespoon Dijon mustard ; 1 tablespoon sesame seeds","Combine tomatoes and basil in a bowl; season with salt and pepper. Mix in mozzarella cheese and olive oil. Sprinkle Parmesan cheese on top. Let marinate at room temperature, about 30 minutes. Preheat oven to 400 degrees F (200 degrees C). Grease 2 baking sheets with cooking spray. Arrange pastry discs on a flat work surface. Dab a little water around the rims. Place a large tablespoonful of the tomato mixture in the center; fold pastry over and press with a fork to seal. Transfer empanadas to the prepared baking trays. Brush mustard over tops; sprinkle sesame seeds over mustard. Bake in the preheated oven until golden, about 20 minutes. Let cool for 5 minutes before serving.",1 hr 20 mins,12.0,12 empanadas,185.7,7.095485417499001,2.684778266080703,1.15061925689173,0.8536156612065521,amber,amber,green,amber,2.0,2.0,1.0,2.0,7.0,healthy,5.0,,,80.0,10,Stuffed Dishes,Latin American,recipe_images/recipe_1480.jpg,Stuffed Dishes
Ditalini with Roasted Tomato Sauce and Goat Cheese,https://www.allrecipes.com/recipe/222308/ditalini-with-roasted-tomato-sauce-and-goat-cheese/,main-dish,"Make this because it tastes awesome. What the hot oven does to the deep red San Marzano tomatoes is a wonder to behold, and produces a pasta sauce with some serious depth of flavor. The always entertaining ditalini are a perfect medium for the rich sauce, smoky oregano, and creamy goat cheese.","¼ cup olive oil ; 1 (28 ounce) can whole Italian plum tomatoes (such as San Marzano) ; ½  onion, sliced ; 6 cloves garlic, crushed ; ¼ teaspoon red pepper flakes ; 2 teaspoons chopped fresh oregano ; 2 cups cold water ; 1 teaspoon chopped fresh oregano ;   salt and ground black pepper to taste ; 1 (16 ounce) package ditalini pasta ; 2 tablespoons fresh goat cheese, crumbled","Preheat oven to 425 degrees F (220 degrees C). Drizzle olive oil over the bottom of a 9x13-inch casserole dish. Pour tomatoes and their juices into the dish; cut each tomato into 3 pieces. Sprinkle in onion, garlic, red pepper flakes, and 2 teaspoons oregano; stir to combine. Roast in the preheated oven for 1 hour. Remove dish from oven, stir briefly, return to oven and roast for an additional 15 minutes. Transfer roasted tomato mixture to a saucepan; pour in water. Process mixture with an immersion blender or potato masher until desired sauce consistency is reached. Stir in 1 teaspoon oregano. Season with salt and black pepper to taste. Set aside. Fill a large pot with lightly salted water and bring to a rolling boil over high heat. Once the water is boiling, stir in the ditalini and return to a boil. Cook the pasta uncovered, stirring occasionally, until the pasta has cooked through but is still firm to the bite, 8 to 10 minutes. Drain well and return to pot. Pour tomato sauce over ditalini; stir to combine. Stir in goat cheese.",1 hr 45 mins,6.0,6 servings,400.5,3.127274434766276,0.5634728711290587,1.6904186133871764,0.1460099077313173,amber,green,green,green,2.0,1.0,1.0,1.0,5.0,healthy,4.56,Pasta,Italian,105.0,11,Pasta and Noodles,Italian,recipe_images/recipe_1496.jpg,Pasta
Best Ever Veggie Burgers,https://www.allrecipes.com/recipe/233618/best-ever-veggie-burgers/,main-dish,"After trying many different recipes for a healthier, non-soy veggie burger, I came up with this. It's really versatile and you can use any combination of nuts and beans. After the baking step, you can brown in a frying pan, throw on the grill to brown, or freeze to use later.","1 (15 ounce) can pinto beans, drained and rinsed ; 1  onion, chopped ; 1 cup cooked brown rice ; 1 cup raw almonds ; 1 cup raw cashews ; ½ pound mushrooms, chopped ; 1 (2.25 ounce) can black olives ; 1 large clove garlic, chopped ; 1 cup Parmesan cheese ; 1  egg, lightly beaten ; ¼ cup ground flaxseed ; 1 teaspoon vegetable bouillon base (such as Better Than Bouillon) ; 1 dash Worcestershire sauce","Process pinto beans, onion, brown rice, almonds, cashews, mushrooms, black olives, and garlic in batches in a food processor until completely chopped; transfer to a large mixing bowl. Mix Parmesan cheese, egg, flaxseed, vegetable bouillon, and Worcestershire sauce into the bean mixture. Cover bowl with plastic wrap and refrigerate for 1 hour. Preheat oven to 375 degrees F (190 degrees C). Form bean mixture into 12 patties and arrange onto a non-stick baking sheet. Bake burgers in preheated oven for 10 minutes, turn, and continue baking until cooked through, about 10 minutes more. Heat a skillet over medium heat. Cook burgers in hot skillet until browned, 3 to 5 minutes per side.",55 mins,12.0,12 burgers,239.1,17.252064925639633,3.3177047933922377,2.7647539944935313,0.8379969357309894,amber,amber,green,amber,2.0,2.0,1.0,2.0,7.0,healthy,4.54,,,55.0,13,Burger,American,recipe_images/recipe_1506.jpg,Burger
Easy One-Pot Chicken Alfredo,https://www.allrecipes.com/recipe/268996/easy-one-pot-chicken-alfredo/,main-dish,"A lightened up, quick-and-easy interpretation of chicken Alfredo! Made all the better by using only one pot!","2 tablespoons vegetable oil ; 2  boneless, skinless chicken breasts, cut into 1-inch cubes ; 1 large onion, diced ; 4 cloves garlic, minced ; ½ teaspoon salt ; ½ teaspoon ground black pepper ; 2 tablespoons all-purpose flour ; 3 cups low-sodium chicken broth ; 2 cups unsweetened almond milk ; 1 teaspoon dried basil ; ¾ teaspoon dried oregano ; 1 pinch ground nutmeg ; 16 ounces tricolor rotini pasta ; 1 cup grated Parmigiano-Reggiano cheese, or more to taste ; ¼ cup Greek yogurt","Heat vegetable oil in a large pot over medium heat. Add chicken, onion, and garlic. Season with salt and black pepper, and cook until lightly browned and chicken is no longer pink, 5 to 7 minutes. Sprinkle flour over chicken. Stir and cook for 1 minute. Pour in chicken broth and almond milk. Season with basil, oregano, and nutmeg. Stir to combine. Mix in rotini pasta and bring mixture to a boil over medium-high heat. Cover, reduce heat to low, and cook until sauce is slightly thickened and pasta is cooked, about 10 minutes, stirring occasionally. Remove from heat and stir in Parmesan cheese and Greek yogurt. Season with additional salt and black pepper to taste. Mixture will thicken as it cools. Serve topped with additional Parmesan cheese, if desired.",30 mins,6.0,6 servings,489.2,3.518739118482544,1.1545862732520848,1.786859708604417,0.3702923119215615,amber,green,green,amber,2.0,1.0,1.0,2.0,6.0,healthy,4.5,Pasta,,30.0,15,Pasta and Noodles,Italian,recipe_images/recipe_1508.jpg,Pasta
Quinoa Burgers,https://www.allrecipes.com/recipe/235428/quinoa-burgers/,main-dish,The perfect size to fit the new sandwich rounds that are sprouting up on the market. Also great to add chopped mushrooms or a handful of grated carrots.,"2 ½ cups cooked quinoa (at room temperature) ; 4  eggs, beaten ; 1  sweet yellow onion, finely chopped ; ⅓ cup freshly grated Parmesan cheese ; 3 cloves garlic, finely chopped ; ½ teaspoon fine sea salt ; 1 cup whole-grain bread crumbs ; 1 teaspoon butter, or as needed","Mix quinoa, eggs, yellow onion, Parmesan cheese, garlic, and sea salt in a bowl; add bread crumbs and stir. Form into 9 small patties. Melt butter in a flat skillet over-medium high heat. Cook the patties in the hot butter until crispy, 8 to 10 minutes per side.",35 mins,9.0,9 patties,169.2,8.75748502994012,2.6946107784431144,3.3682634730538923,1.1367889221556888,amber,amber,green,amber,2.0,2.0,1.0,2.0,7.0,healthy,4.63,,,35.0,8,Burger,American,recipe_images/recipe_1509.jpg,Burger
WV's Finest Boneless Ribs,https://www.allrecipes.com/recipe/76581/wvs-finest-boneless-ribs/,main-dish,My sister and I have 'Rib Cook-offs' quite often and I always seem to win with this recipe. It is a chili sauce based recipe and it is the best I've experimented with so far.,2 pounds boneless beef short ribs ; 1 (12 ounce) bottle chili sauce ; 1 teaspoon liquid smoke flavoring ; ⅓ cup finely chopped onion ; 2 teaspoons minced garlic ; 1 tablespoon yellow mustard ; 1 tablespoon honey mustard ; 1 tablespoon Worcestershire sauce ; 2 tablespoons steak sauce ; ¼ teaspoon celery seed ;   salt and pepper to taste,"Preheat oven to 350 degrees F (175 degrees C). Place ribs in a baking dish, and bake 1 hour, or to a minimum internal temperature of 160 degrees F. In a saucepan over medium heat, mix the chili sauce, liquid smoke flavoring, onion, garlic, yellow mustard, honey mustard, Worcestershire sauce, steak sauce, and celery seed. Season with salt and pepper. Simmer 30 minutes, stirring occasionally. Preheat an outdoor grill for high heat. Lightly oil the grill grate. Place ribs on grill. Constantly coat ribs with the sauce, and cook 15 minutes, or until nicely browned.",1 hr 30 mins,6.0,6 servings,225.4,5.692283552004248,2.3029849485208023,0.91250347016862,0.7064297698222066,amber,amber,green,amber,2.0,2.0,1.0,2.0,7.0,healthy,4.33,,,90.0,11,Beef,American,recipe_images/recipe_1512.jpg,Meat Dishes
Steak Burgers,https://www.allrecipes.com/recipe/257766/steak-burgers/,main-dish,"I enjoy making these hamburgers because they have that steak flavor in it. I just serve them right off the grill, they are bursting with flavor. Thanks Char-griller for this excellent burger recipe. I had to share with you all.","1 pound lean ground beef ; 1 teaspoon Montreal steak seasoning ; 4  hamburger buns, split","Mix ground beef and Montreal steak seasoning together in a bowl. Form mixture into 4 patties. Preheat grill for medium heat and lightly oil the grate. Grill patties until browned, 5 to 6 minutes per side. Serve grilled patties on hamburger buns.",15 mins,4.0,4 burgers,340.2,9.564422784038989,3.5942735303076456,1.6448370392933294,0.7691136155954919,amber,amber,green,amber,2.0,2.0,1.0,2.0,7.0,healthy,4.5,Burger Recipes,,15.0,3,Burger,American,recipe_images/recipe_1515.jpg,Burger
Chardonnay Rosemary Pork Roast,https://www.allrecipes.com/recipe/237684/chardonnay-rosemary-pork-roast/,main-dish,This was something I whipped up when looking for something new and different to try for a pork roast. My husband loves this recipe.,"1 (2 pound) pork roast ; ⅓ cup Chardonnay wine ; ⅛ teaspoon ground ginger ; 2 cloves garlic, minced ; 1 teaspoon rosemary ; ¼ teaspoon ground black pepper","Preheat oven to 350 degrees F (175 degrees C). Pierce pork roast multiple times with a fork and place into a roasting bag. Pour wine over the roast. Sprinkle ginger, garlic, rosemary, and black pepper over the roast, respectively. Seal roasting bag. Cook until pork is slightly pink in the center, about 1 hour. An instant-read thermometer inserted into the center should read at least 145 degrees F (63 degrees C).",1 hr 10 mins,6.0,6 servings,141.2,3.4658312120618753,1.1161151360877226,0.0587429018993538,0.0462600352457411,amber,green,green,green,2.0,1.0,1.0,1.0,5.0,healthy,4.57,Pork,,70.0,6,Pork,American,recipe_images/recipe_1520.jpg,Meat Dishes
Grilled Pork Chops with Fresh Nectarine Salsa,https://www.allrecipes.com/recipe/143355/grilled-pork-chops-with-fresh-nectarine-salsa/,main-dish,"A zippy, sweet and spicy nectarine salsa goes really well with pork, particularly grilled pork, in this favorite summer recipe.","2  nectarines, pitted and diced ; 1  ripe tomato, seeded and diced ; ¼ cup diced onion ; 2 tablespoons chopped fresh cilantro ; 2 tablespoons fresh lime juice ; ¼ teaspoon crushed red pepper flakes, or to taste ;   salt to taste ; 1 teaspoon ground cumin ; 1 teaspoon chili powder ;   salt and ground black pepper to taste ; 2 tablespoons olive oil ; 8 (4 ounce) boneless pork loin chops","Preheat an outdoor grill for medium-high heat. Lightly oil grate, and set 4 inches from the heat. To make the salsa, place the nectarines, tomato, onion, cilantro, lime juice, and red pepper flakes in a bowl; toss to blend. Season to taste with salt. Cover, and refrigerate 30 minutes to blend flavors. Stir the cumin, chili powder, salt, and pepper together in a small bowl. Place the olive oil in a small bowl. Brush the pork chops with oil, and season both sides evenly with the cumin mixture. Place pork loin chops on the preheated grill. Cook until lightly browned and juices run clear, about 4 minutes on each side. Place pork chops on serving plates, and top with a generous spoonful of salsa.",33 mins,4.0,4 servings,419.0,5.856234249369975,1.5360614424576984,2.176087043481739,0.0735229409176367,amber,amber,green,green,2.0,2.0,1.0,1.0,6.0,healthy,4.62,Pork,American,33.0,12,Pork,Mexican,recipe_images/recipe_1541.jpg,Meat Dishes
Chicken Meatballs,https://www.allrecipes.com/recipe/272582/chicken-meatballs/,main-dish,"I wanted to make chicken meatballs for quite some time and was never able to find a good recipe. I came across one, but modified it based on my own preferences. I thought these came our absolutely delicious and served them with pasta and marinara sauce and homemade garlic bread!","1 pound ground chicken ; 1  egg, beaten ; ¼ cup low-fat cream cheese ; ¼ cup grated Parmesan cheese ; 4 cloves garlic, grated ; 1 ½ tablespoons olive oil ; 1 tablespoon dry bread crumbs ; 2 teaspoons chopped fresh basil ; 1 teaspoon crushed red pepper ; 1 teaspoon garlic powder ; ½ teaspoon sea salt ; ½ teaspoon black pepper ; ½ teaspoon dried parsley ; ½ teaspoon dried oregano ; 1 cup chopped fresh mozzarella, or as needed","Preheat the oven to 425 degrees F (220 degrees C). Combine chicken, egg, cream cheese, Parmesan cheese, garlic, olive oil, bread crumbs, basil, red pepper, garlic powder, salt, pepper, parsley, and oregano in a freezer-safe bowl and mix well. Place in the freezer for 15 minutes to make the mixture firmer and easier to handle. Use an ice cream scoop or cookie scoop to form the mixture into about 14 meatballs a little larger than a golf ball. Add a piece of mozzarella cheese to the center of each meatball, making sure cheese is covered by meat. Place meatballs on a nonstick baking sheet. Bake in the preheated oven until juices run clear, 20 to 25 minutes.",55 mins,6.0,14 meatballs,175.4,5.673924464421225,1.9613566049851143,0.2801938007121592,0.5236121650808475,amber,amber,green,amber,2.0,2.0,1.0,2.0,7.0,healthy,5.0,Meatball Recipes,American,55.0,15,Meatballs,Italian,recipe_images/recipe_1550.jpg,Meat Dishes
Pasta with Asparagus,https://www.allrecipes.com/recipe/11710/pasta-with-asparagus/,main-dish,This is a great low-fat pasta dish. I serve it to company all the time.  Serve with a fruit salad and French bread.,"1 ½ pounds fresh asparagus, trimmed and cut into 1 inch pieces ; ¼ cup chicken broth ; ½ pound fresh mushrooms, sliced ; 8 ounces angel hair pasta ; 1 tablespoon olive oil ; ½ teaspoon crushed red pepper ; ½ cup grated Parmesan cheese","Cook pasta according to package instructions. Heat the olive oil in a nonstick skillet. Saute asparagus in the pan over medium heat for about 3 minutes.  Add chicken broth and mushroom slices; cook 3 minutes more. Drain pasta, and transfer to a serving dish.  Gently toss pasta with asparagus mixture; sprinkle with Parmesan and crushed red pepper.",25 mins,4.0,4 servings,280.7,6.705248453402514,1.8359608860506884,3.272799840351227,0.6757134304530034,amber,amber,green,amber,2.0,2.0,1.0,2.0,7.0,healthy,4.19,Pasta,,25.0,7,Pasta and Noodles,Italian,recipe_images/recipe_1552.jpg,Pasta
Grilled Stuffed Red Snapper,https://www.allrecipes.com/recipe/17802/grilled-stuffed-red-snapper/,main-dish,You can either stuff the fish with the seafood filling or simplify this recipe for yourself by spooning the stuffing on top of each fish fillet.,"3 tablespoons butter ; ¾ cup fresh bread crumbs ; ¼ cup chopped green onions ; ¼ cup celery, diced ; 1 clove garlic, minced ; 4 ounces cooked shrimp ; 4 ounces cooked crabmeat ; 1 tablespoon chopped fresh parsley ; ⅛ teaspoon salt ; ⅛ teaspoon ground black pepper ; 6 (4 ounce) fillets red snapper","Preheat coals in a covered grill to high heat. To Make Stuffing: Melt 2 tablespoons butter or margarine in a skillet. Add the bread crumbs. Saute and stir the mixture over medium-high heat till the bread crumbs are browned. Remove the bread crumbs to a mixing bowl. Melt 1 tablespoon butter or margarine in the skillet and saute the onions, celery and garlic until tender; add to bread crumbs in mixing bowl, then stir in shrimp, crab, parsley, salt and pepper and toss gently. Cut foil to form a double-thickness 18x12-inch rectangle. Lay the fish fillets on the  double thickness of foil. Mound the stuffing on top of the fillets. Curl up the edges of the foil to form a tray. In a covered grill, arrange the preheated coals at either side of the grill. Test for medium heat above the center of the grill. Place the fish in foil in the center of the grill rack. Cover and grill for 20 to 25 minutes or just until the fish flakes easily.",50 mins,6.0,6 servings,258.4,4.609738529959871,2.3048692649799354,0.5487783964237941,0.4877267998216469,amber,amber,green,amber,2.0,2.0,1.0,2.0,7.0,healthy,4.59,Seafood Main Dishes,U.S.,50.0,11,Stuffed Dishes,American,recipe_images/recipe_1554.jpg,Stuffed Dishes
Fried Shrimp Tacos,https://www.allrecipes.com/recipe/258427/fried-shrimp-tacos/,main-dish,"This is one of my favorites, fried shrimp tacos that go along with its own unique salsa!","4  Roma (plum) tomatoes, chopped ; 5  dried chile de arbol peppers ; 1 cup water ; ½  white onion, chopped ; 1 bunch fresh cilantro, chopped ; 1 tablespoon dried oregano ; 1 clove garlic, minced, or more to taste ;   salt and ground black pepper to taste ; ½ head cabbage, shredded ; 1 tablespoon vegetable oil ; ½  white onion, diced ; 2 cloves garlic, minced ; 2  Roma (plum) tomatoes, diced ; 1 pound raw shrimp - peeled, deveined, and halved lengthwise ; 1 tablespoon crushed dried oregano ; ½ cup shredded cabbage ; 1  jalapeno pepper, seeded and minced ;   salt and ground black pepper to taste ; 8 (6 inch) corn tortillas ; 1 cup vegetable oil for deep frying, or as needed ; 1  avocado - peeled, seeded, and sliced","Place 4 chopped roma tomatoes and arbol chiles in a saucepan. Add water; bring to a boil. Reduce heat to medium; simmer for 1 minute. Remove from heat; cool to room temperature. Transfer cooled tomatoes and chiles to a blender or food processor. Add 1/2 of the cooking water, 1/2 chopped onion, cilantro, 1 tablespoon oregano, 1 clove minced garlic, salt, and pepper. Pulse 6 to 8 times to chop ingredients. Transfer mixture to a bowl; stir in 1/2 of the shredded cabbage. Cover and refrigerate until serving. Heat 1 tablespoon oil in a skillet over medium heat. Add 1/2 chopped onion; cook and stir until beginning to soften, 3 to 5 minutes. Stir in 2 cloves minced garlic and 2 diced tomatoes; cook 1 more minute. Add shrimp and 1 tablespoon oregano; cook and stir for 1 minute. Add 1/2 cup shredded cabbage, jalapeno pepper, salt, and ground black pepper. Cook and stir until shrimp turns opaque, about 3 minutes. Remove skillet from heat. Heat oil in large saucepan to 350 degrees F (175 degrees C). Place 3 tablespoons of the shrimp mixture in the center of each tortilla. Fold in half. Place filled tortillas in hot oil, working in batches if needed. Fry until golden brown, about 3 minutes. Turn carefully with tongs. Brown the other side, about 3 minutes more. Transfer cooked tacos to a paper-towel-lined plate to drain. Top with cabbage salsa and a slice of avocado.",1 hr 4 mins,4.0,4 servings,554.4,3.6541721604822,0.5462422301751743,1.6010548125824071,0.1680636654737238,amber,green,green,green,2.0,1.0,1.0,1.0,5.0,healthy,4.44,Taco Recipes,Mexican,64.0,21,Taco,Mexican,recipe_images/recipe_1556.jpg,Sandwiches and Tacos
Oven-Baked Salmon with Herbs,https://www.allrecipes.com/recipe/263253/oven-baked-salmon-with-herbs/,main-dish,"A foolproof oven-baked salmon dish that is easy to make and big on flavor. If you don't like dill, you could try other fresh herbs, or even a mixture of dill, parsley, and spring onion.","1 cup chopped fresh dill ; 3 tablespoons olive oil ; 1  lemon, juiced ; 1 tablespoon honey ; 2 cloves garlic, finely minced, or more to taste ; 1 teaspoon ground coriander ;   salt and ground black pepper to taste ; 1 (2.5 pound) boneless salmon fillet","Combine dill, olive oil, lemon juice, honey, garlic, coriander, salt, and pepper in a small bowl. Rinse salmon fillet under running cold water and pat dry with paper towels. Lay salmon skin-side down on a large piece of plastic wrap. Spread dill mixture all over the top of the fish, wrap well with plastic wrap, and refrigerate for 30 minutes. Preheat the oven to 425 degrees F (220 degrees C). Unwrap salmon and place skin-side down in a baking dish. Bake in the preheated oven until salmon flakes easily with a fork, 12 to 15 minutes.",1 hr,6.0,6 servings,283.5,5.759653554673403,1.0826416456153014,1.2558643089137496,0.1250451100685673,amber,green,green,green,2.0,1.0,1.0,1.0,5.0,healthy,4.6,,,60.0,8,Seafood,Mediterranean,recipe_images/recipe_1563.jpg,Seafood
Ginger Salmon,https://www.allrecipes.com/recipe/36994/ginger-salmon/,main-dish,This sweet and tangy topping makes a fabulous tasting piece of salmon taste even better.  It is the best I've had!,2 teaspoons olive oil ; 1 tablespoon honey ; 1 tablespoon Dijon mustard ; 2 teaspoons grated fresh ginger  ; 1 pound salmon fillets,"Preheat oven to 350 degrees F (175 degrees C). In a small bowl, blend olive oil, honey, Dijon mustard and ginger Brush salmon fillets evenly with the olive oil mixture. Place in a medium baking dish. Bake 15 to 20 minutes in the preheated oven, until the fish flakes easily with a fork.",35 mins,4.0,4 servings,249.3,11.561148250098308,2.2021234762092017,3.3818324813212737,0.3167518678725914,amber,amber,green,amber,2.0,2.0,1.0,2.0,7.0,healthy,4.26,Seafood Main Dishes,U.S.,35.0,5,Seafood,International,recipe_images/recipe_1566.jpg,Seafood
Maple-Glazed Salmon,https://www.allrecipes.com/recipe/263226/maple-glazed-salmon/,main-dish,"Delicious maple-glazed salmon is a little on the sweet side, but not too much. The whole house smells wonderful when this is cooking; it's a great warm winter meal! I have a hard time finding good recipes my family likes with fish, since my husband is not fond of lemon. This is a perfect compromise!",½ cup maple syrup ; 2 tablespoons soy sauce ; 1 tablespoon minced garlic ; 1 tablespoon chopped fresh dill ; ¼ teaspoon garlic salt ; ⅛ teaspoon ground black pepper ; 1 pound salmon,"Preheat the oven to 400 degrees F (200 degrees C). Mix maple syrup, soy sauce, garlic, dill, garlic salt, and pepper together in a small bowl. Place salmon in a shallow baking dish and coat with the maple syrup mixture. Cover dish and marinate salmon in the refrigerator, turning once, about 30 minutes. Bake salmon, uncovered, in the preheated oven until fish flakes easily with a fork, about 25 minutes.",1 hr,4.0,1 pound of salmon,273.7,5.0339273555445985,1.0518654175764832,17.731445610575,1.1563006268930056,amber,green,amber,amber,2.0,1.0,2.0,2.0,7.0,healthy,4.38,Seafood Main Dishes,,60.0,7,Seafood,American,recipe_images/recipe_1568.jpg,Seafood
Bite-Sized Salmon Tikka,https://www.allrecipes.com/recipe/156039/bite-sized-salmon-tikka/,main-dish,"Salmon is versatile, highly nutritious, and can be bought fresh or frozen. This 'Indianised' recipe is quick, tasty, and ideal as a short snack or a meal eaten with a salad. Serve with Masala Chai. You can try this recipe with any white fish: cod, haddock, pollock, etc.","2 teaspoons ground red pepper (cayenne) ; ½ teaspoon ground turmeric ; ½ teaspoon salt ; ½ pound wild Pacific salmon fillets, cut into 1-inch cubes ; 2 teaspoons cornstarch ; ½ cup oil for frying","Mix together the cayenne, turmeric, and salt in a bowl. Add the salmon to the bowl and toss to coat. Allow to sit 15 minutes. Heat the oil in a skillet over medium-high heat. While the oil is heating, sprinkle the cornstarch over the salmon and again toss to coat. Cook the salmon in the heated oil until golden brown, about 1 minute per side.",30 mins,2.0,2 servings,229.3,9.703713287618063,1.707853538620779,0.155259412601889,1.2213093543796092,amber,amber,green,amber,2.0,2.0,1.0,2.0,7.0,healthy,4.56,Seafood Main Dishes,Indian,30.0,6,Seafood,Indian,recipe_images/recipe_1572.jpg,Seafood
Panko Parmesan Salmon,https://www.allrecipes.com/recipe/262506/panko-parmesan-salmon/,main-dish,"Of all the recipes I make, this one is my husband's favorite for salmon. It's made with panko, or Japanese bread crumbs, which are very light and crunchy, mixed with Parmesan cheese. It's baked in the oven until the panko is nice and toasted.",4 (4 ounce) salmon fillets ; 1 ½ tablespoons fresh lemon juice ;   salt and ground black pepper to taste ; ½ cup panko bread crumbs ; ¼ cup grated Parmesan cheese ; 1 tablespoon extra-virgin olive oil ; 1 teaspoon Italian seasoning ; ⅛ teaspoon garlic powder,"Preheat the oven to 425 degrees F (220 degrees C). Lightly grease a 9x13-inch baking pan. Place salmon fillets into the baking pan and sprinkle evenly with lemon juice. Season with salt and pepper. Combine panko, Parmesan cheese, olive oil, Italian seasoning, and garlic powder in a bowl. Sprinkle mixture evenly over the salmon. Bake in the preheated oven until topping is lightly browned and salmon flakes easily with a fork, 15 to 20 minutes.",20 mins,4.0,4 salmon fillets,212.0,7.166059651540505,1.889949798208485,0.1574958165173737,0.4581159562949108,amber,amber,green,amber,2.0,2.0,1.0,2.0,7.0,healthy,4.69,Seafood Main Dishes,American,20.0,8,Seafood,Italian,recipe_images/recipe_1584.jpg,Seafood
Tonya's Terrific Sloppy Joes,https://www.allrecipes.com/recipe/229487/tonyas-terrific-sloppy-joes/,main-dish,"I'm just beginning to cook so my recipes are pretty quick and simple. This recipe is a really simple, quick, and tasty 'Sloppy Joe.' This is what we are having tonight before we go to the football game. You can also let this simmer in a slow cooker after browning the ground beef if you prefer.",2 pounds ground beef ; ½ cup chopped onion ; ¼ cup chopped celery ; 7 ounces ketchup ; 1 tablespoon brown sugar ; 1 ½ teaspoons Worcestershire sauce ; 1 teaspoon vinegar ; ¼ teaspoon dry mustard powder ; ⅛ teaspoon lemon juice ; 8  white or wheat hamburger buns,"Place a large skillet over medium-high heat. Crumble ground beef into skillet; add onion and celery. Cook and stir beef mixture until beef is completely browned, 7 to 10 minutes. Stir ketchup, brown sugar, Worcestershire sauce, vinegar, mustard, and lemon juice through the beef mixture. Reduce heat to medium-low and cook mixture at a simmer until mixture is hot and sauce has thickened, about 20 minutes.",40 mins,8.0,8 servings,361.5,7.679638605242106,2.9614292660737536,5.922858532147507,0.7186485341866267,amber,amber,amber,amber,2.0,2.0,2.0,2.0,8.0,healthy,4.57,Sandwich Recipes,U.S.,40.0,10,Sandwich,American,recipe_images/recipe_1601.jpg,Sandwiches and Tacos
Tastee Sandwich,https://www.allrecipes.com/recipe/254762/tastee-sandwich/,main-dish,"If you have grown up, lived, or traveled to the Midwest, this recipe is from a popular restaurant that was in Lincoln, NE. I've been told it's an acquired taste, but having grown up on them, I love them! It's a loose meat sandwich. Use a slotted spoon to portion out the meat. Serve on buns with mustard and sliced dill pickles.","4 ounces ketchup, or more to taste ; 5 teaspoons salt ; 1 tablespoon prepared mustard ; 1 tablespoon creamed horseradish ; 1 tablespoon Worcestershire sauce ; ¼ teaspoon ground black pepper ; 5 pounds 85% lean ground beef ; 1 cup warm water ; 1 cup minced onion ; 1 teaspoon monosodium glutamate (such as Ac'cent)","Combine ketchup, salt, mustard, horseradish, Worcestershire sauce, and ground black pepper in a 1-cup measuring cup. Add more ketchup if combined ingredients don't equal 1 cup. Stir until well mixed. Place ground beef in a stock pot; pour ketchup mixture over the ground beef. Fill the same measuring cup with warm water. Stir to loosen any fine seasoning remaining; pour into stock pot. Stir onion into ground beef mixture; add monosodium glutamate. Mix until ingredients are well combined. Cook and stir the ground beef mixture over low heat until the ground beef is finely crumbled, about 15 minutes. Bring to a boil; cook until flavors blend, about 25 minutes.",1 hr,26.0,26 servings,182.1,12.090815630434571,4.796356613726112,1.299013249550822,1.440655655799921,amber,amber,green,amber,2.0,2.0,1.0,2.0,7.0,healthy,4.67,Sandwich Recipes,U.S.,60.0,10,Sandwich,American,recipe_images/recipe_1606.jpg,Sandwiches and Tacos
Grilled Mediterranean Vegetable Sandwich,https://www.allrecipes.com/recipe/22886/grilled-mediterranean-vegetable-sandwich/,main-dish,Roasted vegetables taste delicious in this sandwich. It is great to take along on a picnic!,"1  eggplant, sliced into strips ; 2  red bell peppers ; 2 tablespoons olive oil, divided ; 2  portobello mushrooms, sliced ; 3 cloves garlic, crushed ; 4 tablespoons mayonnaise ; 1 (1 pound) loaf focaccia bread","Preheat oven to 400 degrees F (200 degrees C). Brush eggplant and red bell peppers with 1 tablespoon olive oil; use more if necessary, depending on sizes of vegetables. Place on a baking sheet and roast in preheated oven. Roast eggplant until tender, about 25 minutes; roast peppers until blackened. Remove from oven and set aside to cool. Meanwhile, heat 1 tablespoon olive oil and cook and stir mushrooms until tender. Stir crushed garlic into mayonnaise. Slice focaccia in half lengthwise. Spread mayonnaise mixture on one or both halves. Peel cooled peppers, core, and slice. Arrange eggplant, peppers and mushrooms on focaccia.  Wrap sandwich in plastic wrap; place a cutting board on top of it and weight it down with some canned foods. Allow sandwich to sit for 2 hours before slicing and serving.",3 hrs,6.0,6 servings,356.1,11.405086051888004,1.849473413819676,4.161315181094272,0.9634600565116872,amber,amber,green,amber,2.0,2.0,1.0,2.0,7.0,healthy,4.6,Sandwich Recipes,,180.0,7,Sandwich,Mediterranean,recipe_images/recipe_1619.jpg,Sandwiches and Tacos
Quick Tomato Sandwich,https://www.allrecipes.com/recipe/16714/quick-tomato-sandwich/,main-dish,A simple recipe which is a breeze to prepare.,"2 tablespoons ketchup ; 1 tablespoon mayonnaise ; ⅛ teaspoon salt ; ⅛ teaspoon hot pepper sauce ; 4 slices whole wheat bread ; 2 leaves lettuce ; 1  tomato, sliced","In a small bowl, combine ketchup, mayonnaise, salt, and hot pepper sauce.  Mix well.  Meanwhile, toast bread in toaster. Spread mixture on all 4 slices of toast; set aside. Arrange lettuce leaves on the bread followed by 3 or 4 slices of tomato.  Top with another piece of bread.  Repeat with the other sandwich.",5 mins,2.0,2 servings,206.7,3.957045232671656,0.6768630003254149,2.7074520013016596,0.8179629027009437,amber,green,green,amber,2.0,1.0,1.0,2.0,6.0,healthy,4.31,Sandwich Recipes,,5.0,7,Sandwich,American,recipe_images/recipe_1622.jpg,Sandwiches and Tacos
Barbecue Beef for Sandwiches,https://www.allrecipes.com/recipe/14649/barbecue-beef-for-sandwiches/,main-dish,"This recipe has been a family favorite for 35 years. Serve on hamburger buns that have been buttered on both halves, and lightly browned under broiler. Freeze some for lunches or dinner in a hurry.","4 pounds boneless chuck roast ; 1  onion, chopped ; 2 tablespoons butter ; 3 tablespoons distilled white vinegar ; 12 ounces chile sauce ; 2 tablespoons brown sugar ; 1 teaspoon mustard powder ; 2 tablespoons Worcestershire sauce ; ½ teaspoon freshly ground black pepper ; 1 teaspoon salt ; ⅛ teaspoon ground cayenne pepper ; 3 cloves garlic, minced","Place roast in a large covered pan. Roast at 325 degrees F (165 degrees C) for 2 hours, or until the meat falls apart and shreds easily. In a large skillet, melt butter over medium heat.  Add onions, and saute until onions become translucent. Stir in vinegar and chili sauce. Fill empty chili sauce bottle with water, shake, and pour liquid into skillet. Mix in brown sugar, mustard, Worcestershire sauce, black pepper, salt, cayenne pepper, and garlic. Cook sauce over low heat, stirring often, until thickened. With two forks, shred roasted beef.  Stir meat into the sauce in the skillet, and simmer for 30 minutes.",2 hrs 50 mins,16.0,16 to 20 servings,199.6,8.32835966929211,3.506677755491414,1.3776234039430555,0.3240545961547869,amber,amber,green,amber,2.0,2.0,1.0,2.0,7.0,healthy,4.57,Sandwich Recipes,American,170.0,12,Sandwich,American,recipe_images/recipe_1629.jpg,Sandwiches and Tacos
Kid-Pleasing Sloppy Joes,https://www.allrecipes.com/recipe/236446/kid-pleasing-sloppy-joes/,main-dish,"This is one of my kids' favorite recipes! I could make this five times in a row and they'd never get tired of it. It's easy to make and a real quick, hot meal for those busy nights. I will add cheese on top of the sandwiches or warm the rolls in the oven. I occasionally add mild banana peppers on top for my husband since he is a fan of spicy things.","1 pound ground beef ; 1 small onion, chopped ; 1 cup ketchup ; 2 tablespoons cider vinegar ; 2 tablespoons brown sugar ; 1 tablespoon Worcestershire sauce ; 1 teaspoon mustard","Heat a large skillet over medium-high heat. Cook and stir beef and onion in the hot skillet until beef is completely browned, 5 to 7 minutes. Drain and discard grease. Return skillet to heat. Stir ketchup, vinegar, brown sugar, Worcestershire sauce, and mustard into the beef mixture; simmer, stirring occasionally, until the liquid is thick, 15 to 20 minutes.",30 mins,6.0,6 servings,198.7,7.8125,3.038194444444444,12.413194444444445,1.1712239583333337,amber,amber,amber,amber,2.0,2.0,2.0,2.0,8.0,healthy,4.71,Sandwich Recipes,,30.0,7,Sandwich,American,recipe_images/recipe_1632.jpg,Sandwiches and Tacos
Citrus Baked Fish,https://www.allrecipes.com/recipe/255950/citrus-baked-fish/,main-dish,Salmon works best in this citrus-flavored dish.,cooking spray ; 4 (3 ounce) fillets salmon fillets ; ¼ cup lemon juice ; ¼ cup orange juice ; ¼ cup lime juice ; 2 teaspoons melted butter ; 1 teaspoon dried parsley ; ½ teaspoon ground paprika ; ¼ teaspoon salt ; ¼ teaspoon ground black pepper,"Preheat oven to 350 degrees F (175 degrees C). Grease a baking dish lightly with cooking spray. Place salmon fillets in the baking dish. Mix lemon juice, orange juice, lime juice, butter, parsley, paprika, salt, and pepper together until well blended. Drizzle over salmon in the baking dish. Bake salmon in the preheated oven until easily flaked with a fork, 10 to 15 minutes. An instant-read thermometer inserted into the center should read 145 degrees F (63 degrees C).",25 mins,4.0,4 servings,156.5,6.75461741424802,2.251539138082674,1.8762826150688947,0.4599237760187628,amber,amber,green,amber,2.0,2.0,1.0,2.0,7.0,healthy,4.19,Seafood Main Dishes,American,25.0,10,Seafood,International,recipe_images/recipe_1656.jpg,Seafood
"Basil, Tomato and Mozzarella Sandwich",https://www.allrecipes.com/recipe/74430/basil-tomato-and-mozzarella-sandwich/,main-dish,"This is a quick and refreshing no cook vegetarian meal. Basil, mozzarella and tomato on Italian bread.  Great for those hot summer evenings when you don't feel like cooking.","1 (1 pound) loaf Italian bread ; 6  fresh basil leaves, chopped ; 2  tomatoes, sliced ; 4 ounces fresh mozzarella cheese, sliced ; ⅛ teaspoon red pepper flakes ; ½ cup balsamic vinegar","Slice the loaf of bread in half lengthwise. Layer the basil, tomato slices, and mozzarella cheese between the two halves of bread. Cut into four sandwiches. In a small dish, stir together the balsamic vinegar and red pepper flakes. Use as a dipping sauce.",15 mins,4.0,4 servings,421.3,4.8678186383104425,2.363018756461379,3.591788509821296,0.8440702998080047,amber,amber,green,amber,2.0,2.0,1.0,2.0,7.0,healthy,4.55,Sandwich Recipes,American,15.0,6,Sandwich,Italian,recipe_images/recipe_1659.jpg,Sandwiches and Tacos
Unsloppy Joes,https://www.allrecipes.com/recipe/13893/unsloppy-joes/,main-dish,"Not guaranteed to be a completely unsloppy experience, but these filled kaiser rolls come close.","1 tablespoon olive oil ; ½ cup chopped onion ; ½ cup chopped celery ; ½ cup chopped carrots ; ½ cup chopped green bell pepper ; 1 clove garlic, minced ; 1 (14.5 ounce) can diced tomatoes ; 1 ½ tablespoons chili powder ; 1 tablespoon tomato paste ; 1 tablespoon distilled white vinegar ; 1 teaspoon ground black pepper ; 1 (15 ounce) can kidney beans, drained and rinsed ; 8  kaiser rolls","Heat olive oil in a large skillet over medium heat.  Add onion, celery, carrot, green pepper, and garlic: saute until tender.  Stir in tomatoes, chili powder, tomato paste, vinegar, and pepper.  Cover, reduce heat, and simmer 10 minutes. Stir in kidney beans, and cook an additional 5 minutes. Cut a 1/4 inch slice off the top of each kaiser roll; set aside.  Hollow out the center of each roll, leaving about 1/2 inch thick shells; reserve the inside of rolls for other uses. Spoon bean mixture evenly into rolls and replace tops.   Serve immediately.",30 mins,8.0,8 servings,204.4,2.1589827869561455,0.2767926649943776,1.882190121961768,0.676481273246259,green,green,green,amber,1.0,1.0,1.0,2.0,5.0,healthy,4.15,Sandwich Recipes,,30.0,13,Sandwich,American,recipe_images/recipe_1660.jpg,Sandwiches and Tacos
Asparagus Sandwiches,https://www.allrecipes.com/recipe/41531/asparagus-sandwiches/,main-dish,"Something different and yummy!  A friend served these finger sandwiches at a baby shower.  I couldn't believe they were so easy! Can be made ahead of time, just cover with plastic wrap and refrigerate.  Enjoy!","1 (10 ounce) can asparagus tips, drained ; ½ cup mayonnaise ; 2 tablespoons finely chopped onion ; 1 pinch seasoning salt ; 1 (1 pound) loaf soft, sliced white bread","Set asparagus spears onto paper towels to absorb excess liquid. In a small bowl, mix together the mayonnaise, onion and seasoning salt. Remove crusts from bread slices, and spread mayonnaise mixture thinly on each slice. Place a spear onto the slice and roll up. Cut each roll in half, and arrange on a serving tray. Cover with plastic wrap, and refrigerate until serving.",20 mins,48.0,48 servings,42.9,13.32323996971991,1.816805450416351,3.028009084027252,1.49886449659349,amber,amber,green,amber,2.0,2.0,1.0,2.0,7.0,healthy,4.13,,,20.0,5,Sandwich,American,recipe_images/recipe_1666.jpg,Sandwiches and Tacos
The Legendary Egg Dog,https://www.allrecipes.com/recipe/239529/the-legendary-egg-dog/,main-dish,"I like a morning breakfast sandwich, but I was out of bread. Luckily I had leftover hot-dog buns from my all-star game party and a legend was born.","¼ teaspoon butter ; 1  egg, beaten ; 1  hot dog bun ; 1 dash hot sauce, or to taste","Melt butter in a non-stick skillet over medium-high heat. Add egg to melted butter and cook until egg starts to bubble, about 1 minute. Flip the egg and cook until set, 2 to 3 minutes more. Roll egg, place in the hot dog bun, and top with hot sauce.",15 mins,1.0,1 serving,200.5,7.670873627274218,2.655302409441075,3.048680544173086,0.7611866907064416,amber,amber,green,amber,2.0,2.0,1.0,2.0,7.0,healthy,4.8,Sandwich Recipes,American,15.0,4,Sandwich,American,recipe_images/recipe_1671.jpg,Sandwiches and Tacos
Penne with Garlicky Broccolini,https://www.allrecipes.com/recipe/86871/penne-with-garlicky-broccolini/,main-dish,"A simple, delicious dinner using up the glut of wintered-over broccoli from my parents' garden.  You may use sausage or veggie sausage instead of bacon, substituting olive oil for the bacon fat.","1 (16 ounce) package dry penne pasta ; 6 slices bacon ; ¾ pound broccolini, cut into 1 inch pieces ; 12 cloves garlic, minced ;   salt and pepper to taste ; ⅓ cup freshly grated Parmesan cheese","Bring a large pot of lightly salted water to a boil. Add the penne pasta, and cook until tender, about 8 minutes. Drain. Meanwhile, place the bacon in a large skillet over medium heat. Turn frequently to cook until browned and crisp. Drain on paper towels. Add half of the garlic to the bacon grease, and cook over medium-low heat for 3 minutes, stirring frequently. Add the broccolini, and continue to cook and stir for 3 or 4 minutes, or until the broccolini is tender but still bright green. Stir in the remaining garlic, salt and pepper. Add the pasta to the skillet, and stir to coat. Remove from the heat and mix in the Parmesan cheese, and crumble in the bacon. Toss again, and serve!",20 mins,8.0,8 servings,335.5,5.929805296279089,2.027283861975757,1.4697807999324235,0.3067533893652067,amber,amber,green,amber,2.0,2.0,1.0,2.0,7.0,healthy,4.18,Pasta,Italian,20.0,6,Pasta and Noodles,Italian,recipe_images/recipe_1683.jpg,Pasta
Ignacio's Super Peanut Butter and Jelly Sandwich,https://www.allrecipes.com/recipe/23097/ignacios-super-peanut-butter-and-jelly-sandwich/,main-dish,A little twist to your everyday peanut butter and jelly sandwich.,"3 slices bread ; 2 tablespoons fruit preserves, any flavor ; 2 tablespoons peanut butter","Toast 1 bread slice, allow to cool. Spread one side of each of the two remaining slices with preserves. Spread both sides of the toasted slice with peanut butter. Form a sandwich with the toasted slice in the center.",10 mins,1.0,1 sandwich,501.0,12.945205479452056,2.73972602739726,17.465753424657535,1.1518835616438357,amber,amber,amber,amber,2.0,2.0,2.0,2.0,8.0,healthy,4.53,,,10.0,3,Sandwich,American,recipe_images/recipe_1701.jpg,Sandwiches and Tacos
Simple and Yummy Pulled Pork,https://www.allrecipes.com/recipe/238001/simple-and-yummy-pulled-pork/,main-dish,This is so delicious and easy to make. Just as good as any restaurant I've had it in. Great for company or just your family. Makes a lot!,"1 (7 pound) pork shoulder roast, trimmed and cut into chunks ; 3 (12 fluid ounce) cans or bottles root beer ; 1 (18 ounce) bottle barbeque sauce","Put pork in the bottom of a pressure cooker. Pour root beer over the pork. Lock the lid onto the pressure cooker and place over a burner on high. Cook pork for 45 minutes. Release pressure from the pressure cooker according to manufacturer's directions before checking meat for tenderness; it should be tender enough to easily pull apart. If the pork is not yet done enough, again lock the lid on the cooker and continue cooking over high heat another 30 minutes. Release pressure from the cooker; drain liquid and transfer meat to a large bowl. Pull pork into strands using two forks. Pour barbeque sauce over the pork; stir to coat.",55 mins,16.0,1 7-pound roast,312.9,5.036197670758576,1.8130311614730876,5.2376455775889195,0.3486727520721854,amber,amber,amber,amber,2.0,2.0,2.0,2.0,8.0,healthy,4.75,,,55.0,3,Pork,American,recipe_images/recipe_1716.jpg,Meat Dishes
Chicken Salad Tea Sandwiches,https://www.allrecipes.com/recipe/280753/chicken-salad-tea-sandwiches/,main-dish,"Finger sandwiches are always popular for English-style tea or for gatherings. These chicken-apple-walnut sandwiches are unbelievably cheap, tasty, and easy to make with a food processor.","1 (12.5 fl oz) can white chunked chicken breast, drained ; 1 large Granny Smith apple - peeled, cored, and cut into small pieces ; ⅓ cup walnut halves ; ⅓ cup mayonnaise ; ½ teaspoon dried basil ; ¼ teaspoon dried dill weed ; 1 pinch salt ; 10 slices good-quality white bread, crusts removed","Combine chicken, apple, walnuts, mayonnaise, basil, dill, and salt in the bowl of a food processor and pulse until all ingredients are blended together. Spread chicken mixture onto bread and place a slice on top to form a sandwich. Repeat with remaining slices and mixture. Cut sandwiches into quarters and serve.",15 mins,20.0,20 tea sandwiches,106.3,13.744392478763004,2.290732079793834,3.894244535649518,1.1562470172759378,amber,amber,green,amber,2.0,2.0,1.0,2.0,7.0,healthy,4.0,Sandwich Recipes,,15.0,8,Sandwich,American,recipe_images/recipe_1717.jpg,Sandwiches and Tacos
Millet-Stuffed Peppers,https://www.allrecipes.com/recipe/75785/millet-stuffed-peppers/,main-dish,"Millet, black beans and tomatoes are stuffed into pepper shells, and then baked in the microwave oven. These vegetarian stuffed peppers are easy to make and are also gluten free!","1 cup millet ; 4 cups water ; 4 cubes  vegetable bouillon ; 5 medium bell peppers ; 3 medium tomatoes, chopped ; 1 (15 ounce) can black beans, drained","Combine the millet, water and vegetable bouillon in a saucepan, and bring to a boil. Reduce heat to low, cover, and simmer for 15 minutes, or until the water is absorbed. Slice the tops off of the peppers, and remove the seeds and cores. Set aside. When the millet is done, stir in the tomatoes and black beans. Spoon into the peppers until filled. Place the peppers into a glass baking dish, and cover with plastic wrap. Cook in the microwave for 10 minutes, or until peppers are tender. Turn peppers every 2 to 3 minutes to ensure even cooking.",35 mins,5.0,5 servings,188.6,0.5199950476662127,0.0990466757459452,1.4361767983162064,0.0105856134703479,green,green,green,green,1.0,1.0,1.0,1.0,4.0,healthy,4.3,Stuffed,,35.0,6,Stuffed Dishes,International,recipe_images/recipe_1720.jpg,Stuffed Dishes
Roast Beef Sliders,https://www.allrecipes.com/recipe/281143/roast-beef-sliders/,main-dish,A handful of ingredients is all it takes to have a fast appetizer ready for game day.,"1  serving cooking spray ; 1 pound thinly sliced deli roast beef ; 1 (8 ounce) package thinly sliced provolone cheese ; 1 tablespoon vegetable oil ; 1 small onion, diced ; 1  green bell pepper, diced ; ½ cup sliced mushrooms ; 2 tablespoons unsalted butter, melted ; ¼ teaspoon garlic powder ; ¼ teaspoon adobo seasoning ; ¼ teaspoon Italian seasoning ; 12  slider buns","Preheat the oven to 350 degrees F (175 degrees C). Spray a 9x13-inch baking dish with cooking spray. Slice the rolls in half vertically, leaving each roll attached as a sheet. Peel off the top layer and set aside; place the bottoms of the rolls in the prepared dish. Layer roast beef and cheese across the rolls. Heat oil in a a small skillet over medium-high heat. Cook onion, bell pepper, and mushrooms until soft, about 5 minutes. Spread pepper mixture over cheese and beef. Place the tops of the rolls back on. Mix melted butter, garlic powder, adobo seasoning, and Italian seasoning together. Brush seasoned butter on the tops of the rolls, pouring any extra over the sides. Bake in the preheated oven until cheese starts to melt, about 15 minutes. Separate each roll into a sandwich using a serrated knife. Serve hot.",40 mins,12.0,12 sliders,221.9,8.668896321070235,4.093645484949833,0.6421404682274248,1.1020735785953175,amber,amber,green,amber,2.0,2.0,1.0,2.0,7.0,healthy,4.5,Sandwich Recipes,American,40.0,12,Sandwich,American,recipe_images/recipe_1721.jpg,Sandwiches and Tacos
Garlic Mustard Ground Beef,https://www.allrecipes.com/recipe/231493/garlic-mustard-ground-beef/,main-dish,"This can be served over rice, on hamburger buns, or in tortillas.",1 pound ground beef ; ¼ cup yellow mustard ; 1 tablespoon balsamic vinegar ; 1 tablespoon minced garlic ; 1 ½ teaspoons soy sauce ; 1 ½ teaspoons honey ; 1 ½ teaspoons paprika ; ⅛ teaspoon ground black pepper,"Heat a large skillet over medium-high heat. Cook and stir beef in the hot skillet until browned and crumbly, 5 to 7 minutes. Reduce heat to low. Stir mustard, balsamic vinegar, garlic, soy sauce, honey, paprika, and black pepper into the ground beef; bring to a simmer and cook until hot, about 3 minutes.",15 mins,4.0,4 servings,233.4,11.885171906837584,4.456939465064094,2.558613396610869,0.7356013515256247,amber,amber,green,amber,2.0,2.0,1.0,2.0,7.0,healthy,3.99,,,15.0,8,Beef,American,recipe_images/recipe_1723.jpg,Meat Dishes
Chicken Spinach Meatballs,https://www.allrecipes.com/recipe/265549/chicken-spinach-meatballs/,main-dish,These chicken spinach meatballs are to die for. I make these for my kids' lunch boxes and everyone at their school wants them. They freeze great.,"cooking spray ; ¼ large onion ; 2  jalapeno peppers, seeded ; 1 (1 inch) piece fresh ginger, peeled ; 2  garlic cloves, peeled ; 1 pound ground chicken ; ⅓ (10 ounce) package frozen spinach, thawed, not drained ; ½ cup grated Asiago cheese ; ¼ cup crumbled feta cheese  (Optional); ½ teaspoon salt ; ½ teaspoon dried basil ; ¼ teaspoon ground turmeric  (Optional)","Preheat the oven to 375 degrees F (190 degrees C). Grease 2 baking sheets with cooking spray. Combine onion, jalapeno peppers, ginger, and garlic in a food processor; pulse until coarsely chopped. Place onion mixture, chicken, spinach, Asiago cheese, feta cheese, salt, basil, and turmeric in a large bowl. Mix together gently. Form mixture into balls. Arrange balls about 1/2 inch apart on the baking sheets. Bake in the preheated oven until no longer pink in the center, about 15 minutes.",40 mins,4.0,25 meatballs,215.3,4.52420449404313,2.5335545166641533,0.7238727190469009,0.9825064092897,amber,amber,green,amber,2.0,2.0,1.0,2.0,7.0,healthy,4.45,,,40.0,12,Meatballs,American,recipe_images/recipe_1726.jpg,Meat Dishes
Peanut Butter and Apple Sandwich,https://www.allrecipes.com/recipe/73110/peanut-butter-and-apple-sandwich/,main-dish,"My kids love to spread peanut butter on their apples, so one day I thought I would take a favorite of theirs and just tweak it a little bit....voila, a peanut butter and apple sandwich.  PB and J can get boring after a while and this provides a healthy alternative.","2 slices whole wheat bread ; 1 tablespoon peanut butter, or to taste ; 1 small apple - peeled, cored and shredded","Spread a thin layer of peanut butter onto one side of each slice of bread. Place shredded apple onto the peanut butter, and place the other peanut buttered side of bread on top. Serve immediately.",2 mins,1.0,1 serving,291.0,4.05511811023622,0.8661417322834646,6.181102362204724,0.3383858267716535,amber,green,amber,amber,2.0,1.0,2.0,2.0,7.0,healthy,4.5,Sandwich Recipes,,2.0,3,Sandwich,American,recipe_images/recipe_1735.jpg,Sandwiches and Tacos
Loosemeat Sandwiches II,https://www.allrecipes.com/recipe/20647/loosemeat-sandwiches-ii/,main-dish,Very simple. I grew up in Iowa and I always thought these originated there. Serve on warm seeded buns.,1 pound lean ground beef ; 1 (10.75 ounce) can  condensed chicken gumbo soup,"In large skillet over medium heat, cook ground beef until brown, 5 to 10 minutes.  Drain.  Return meat to skillet, with soup.  Simmer until heated through, 5 minutes.  Serve hot.",15 mins,6.0,6 servings,167.5,7.753547940463829,3.006477772832913,0.7911783612718193,0.8550660139445188,amber,amber,green,amber,2.0,2.0,1.0,2.0,7.0,healthy,3.9,Sandwich Recipes,U.S.,15.0,2,Sandwich,American,recipe_images/recipe_1740.jpg,Sandwiches and Tacos
Chickpea Tuna Salad Sandwiches,https://www.allrecipes.com/recipe/257361/chickpea-tuna-salad-sandwiches/,main-dish,"Chickpeas are surprisingly fishy, and when they're mashed, taste a lot like tuna! Mix it with nori and the usual tuna salad suspects (like carrots and onion) for a vegan 'tuna' sandwich.","½ sheet nori (dried seaweed), torn into small pieces ; 1 (15 ounce) can no-salt-added chickpeas, drained and rinsed ; ¼ cup vegan mayonnaise ; ⅓ cup minced or finely grated carrot ; ⅓ cup finely diced celery ; 2 tablespoons dried minced onion ; 2 tablespoons fresh dill ; ½ teaspoon salt ;   black pepper to taste ; 8 slices whole wheat bread, toasted ; ¼ cup vegan mayonnaise ; 8  lettuce leaves ; 8  tomato slices","Pulse nori in a blender until it's a fine powder. Set aside to let dust settle. Mash chickpeas with a sturdy fork or a small-holed potato masher (chickpeas slip through larger, zigzag-type mashers) in a large bowl until most are broken up. Do not overmash--they should retain some texture. Stir in mayo and mash a little more. Stir in nori powder, carrot, celery, onion, dill, salt, and pepper. Cover and chill at least 15 minutes or up to 3 days. For the sandwiches, slather toast with mayo (about 1 1/2 teaspoons per slice). Layer salad, lettuce, and tomato between toast slices. Cut sandwiches in half diagonally.",30 mins,4.0,4 servings,360.3,2.9314095957860986,0.476354059315241,1.3557769380510707,0.3162258101454254,green,green,green,amber,1.0,1.0,1.0,2.0,5.0,healthy,4.0,,,30.0,13,Sandwich,American,recipe_images/recipe_1767.jpg,Sandwiches and Tacos
Vegetarian Open Faced Sandwich,https://www.allrecipes.com/recipe/86932/vegetarian-open-faced-sandwich/,main-dish,A delicious and filling meal for the summer! Serve with a side salad or pasta.,"6 slices sourdough bread, toasted ; 3 tablespoons pesto sauce ; 1 small eggplant, sliced ; 1 small red bell pepper, sliced ; 1 medium red onion, sliced ; 2  tomatoes, sliced ; 1 cup sliced fresh mushrooms ; 6 slices mozzarella cheese ; 4 cloves garlic ;   dried oregano ;   dried basil ;   salt and pepper to taste","Preheat the oven broiler. Spread one side of each bread slice with equal amounts pesto sauce. Arrange in a single layer on a baking sheet, pesto side up. Layer each slice with eggplant, red bell pepper, red onion, tomatoes, mushrooms, and cheese. Crush garlic on top of cheese, and season with oregano, basil, salt, and pepper. Broil 5 minutes in the preheated oven, or until cheese is melted and lightly browned.",25 mins,6.0,6 servings,221.8,5.238095238095238,2.380952380952381,2.9166666666666665,0.5967261904761904,amber,amber,green,amber,2.0,2.0,1.0,2.0,7.0,healthy,4.58,,,25.0,12,Sandwich,Italian,recipe_images/recipe_1770.jpg,Sandwiches and Tacos
Green Bean Orzo Pasta,https://www.allrecipes.com/recipe/238574/green-bean-orzo-pasta/,main-dish,"This is an easy, nutritious, warm, and slightly nutty pasta dish that pairs well with just about any meat. This recipe is very adaptable. Want garlic or onion? Add it! More pine nuts? Great! Flavored tomatoes? Do it. It will pretty much work with whatever you have or want.","1 ½ cups orzo pasta ; 1 (12 ounce) bag fresh green beans, trimmed ; 3 tablespoons olive oil, divided ; ½ cup pine nuts, or more to taste ; 1 (14.5 ounce) can petite diced tomatoes, drained and rinsed ; ½ cup grated Parmesan cheese ; 1 teaspoon dried basil ;   salt and ground black pepper to taste","Bring a large pot of lightly salted water to a boil. Cook orzo in the boiling water, stirring occasionally until cooked through but firm to the bite, about 11 minutes. Drain. Place a steamer insert into a saucepan and fill with water to just below the bottom of the steamer. Bring water to a boil. Add green beans, cover, and steam until tender, 2 to 4 minutes. Heat 1 tablespoon olive oil in a skillet over medium-low heat; cook and stir pine nuts until toasted and fragrant, 2 to 4 minutes. Combine orzo, green beans, pine nuts, tomatoes, remaining olive oil, Parmesan cheese, basil, salt, and pepper in a large bowl.",30 mins,8.0,8 servings,274.8,10.795774022668756,2.272794531088159,3.5038915687609125,0.3811665828179101,amber,amber,green,amber,2.0,2.0,1.0,2.0,7.0,healthy,4.56,,,30.0,8,Pasta and Noodles,Italian,recipe_images/recipe_1773.jpg,Pasta
Instant Pot Jazzed-Up Instant Ramen Noodle Soup,https://www.allrecipes.com/recipe/278113/instant-pot-jazzed-up-instant-ramen-noodle-soup/,main-dish,"I've loved instant ramen noodles since I was a kid, but as an adult I wanted to incorporate some nutrition into them and also more flavor. Sure, you can make this on the stovetop but the beauty of using the Instant Pot is that you throw it all in, walk away, and the veggies all get evenly cooked. No more mushy peas and underdone carrots. I like to make a batch and separate it into ""to go"" containers for weekday lunches.","6 cups water ; 2 (3 ounce) packages chicken-flavored ramen noodles with seasoning packets ; ½ cup chopped fresh asparagus ; ½ cup chopped cooked chicken  ; ¼ cup frozen peas ; 6  baby carrots, finely chopped ; 4  mushrooms, sliced ; 1 tablespoon sesame oil ; 1 teaspoon chile-garlic sauce (such as Sriracha) ; 1 tablespoon chopped scallions  (Optional)","Combine water, ramen, seasoning packets, asparagus, cooked chicken, frozen peas, carrots, mushrooms, sesame oil, and chile-garlic sauce in a multi-functional pressure cooker (such as Instant Pot). Close and lock the lid. Select high pressure according to manufacturer's instructions; set timer for 0 minutes. Allow 10 to 15 minutes for pressure to build. Release pressure carefully using the quick-release method according to manufacturer's instructions, about 3 minutes. Unlock and remove the lid. Ladle into bowls and top with chopped scallions.",30 mins,2.0,2 servings,212.8,1.0964661808712337,0.2101560180003197,0.2101560180003197,0.1090298558603833,green,green,green,green,1.0,1.0,1.0,1.0,4.0,healthy,4.5,Pasta,,30.0,10,Pasta and Noodles,Asian,recipe_images/recipe_1776.jpg,Pasta
Peanut Butter Hot Dogs,https://www.allrecipes.com/recipe/158938/peanut-butter-hot-dogs/,main-dish,"This recipe couldn't be quicker or tastier, plus, it's easy to make and fun to eat! I usually dress it up by using cinnamon-raisin peanut butter.","2 tablespoons peanut butter ; 2 slices whole wheat bread ; 1  banana, peeled","Spread a tablespoon of peanut butter onto one side of each slice of bread. Break the banana into two pieces, and place one half onto the center of each peanut buttered bread slice. Wrap the bread around each banana and eat like a hot dog!",5 mins,2.0,2 peanut butter hot dogs,84.1,9.029126213592232,1.9417475728155336,10.0,0.508009708737864,amber,amber,amber,amber,2.0,2.0,2.0,2.0,8.0,healthy,4.5,,,5.0,3,Sandwich,American,recipe_images/recipe_1781.jpg,Sandwiches and Tacos
Mom's Peas and Noodles,https://www.allrecipes.com/recipe/217294/moms-peas-and-noodles/,main-dish,This was a dish my mother made during Lent when we were kids and at other times to stretch our grocery dollars. It's easy to make and simple in taste. This recipe can be multiplied easily to serve the number of people eating.,"1 cup uncooked whole-wheat pasta shells ; ⅓ cup frozen peas ; 2  eggs, beaten ; 2 tablespoons grated Parmesan cheese ; ¼ teaspoon ground black pepper ; 1 teaspoon grated Parmesan cheese","Fill a saucepan with lightly salted water and bring to a rolling boil over high heat. Once the water is boiling, stir in the shell pasta, and return to a boil. Cook the pasta uncovered, stirring occasionally, until the pasta has cooked through, but is still firm to the bite, about 10 minutes. Stir in the frozen peas, and cook for 1 more minute; drain well in a colander set in the sink. Return the pasta and peas to the saucepan. Mix in the eggs, 2 tablespoons of Parmesan cheese, and black pepper; cook over low heat, stirring constantly, until the eggs are cooked through, 2 to 3 minutes. Serve sprinkled with 1 teaspoon of Parmesan cheese.",25 mins,1.0,1 serving,433.6,5.612394036831338,2.104647763811752,1.4030985092078343,0.3763032251778234,amber,amber,green,amber,2.0,2.0,1.0,2.0,7.0,healthy,3.66,,,25.0,6,Pasta and Noodles,American,recipe_images/recipe_1783.jpg,Pasta
Quinoa Veggie Burgers,https://www.allrecipes.com/recipe/236728/quinoa-veggie-burgers/,main-dish,"We love all kinds of veggie burgers, but this is one of our favorites. Bulgur can be substituted for the quinoa if desired.","¾ cup water ; ½ cup quinoa ; 1  carrot ; 1 (15 ounce) can garbanzo beans, drained and rinsed ; 6 small green onions, chopped ; ¼ cup whole wheat bread crumbs ; 1  egg, slightly beaten ; 1 clove garlic, minced ; 1 teaspoon ground cumin, or to taste ; ¼ cup peas ; ¼ cup corn kernels ; 2 tablespoons olive oil ; ½ cup plain yogurt ; 3 tablespoons tahini ; 1  lemon, juiced ; 1 tablespoon chopped fresh cilantro, or to taste ; 1 teaspoon hot Madras curry powder","Bring water and quinoa to a boil in a saucepan. Reduce heat to medium-low, cover, and simmer until quinoa is tender and water has been absorbed, 15 to 20 minutes. Process carrot in food processor until roughly chopped; add quinoa, garbanzo beans, green onions, bread crumbs, egg, garlic, and cumin. Pulse quinoa mixture until just mixed; transfer to a bowl. Stir peas and corn into the quinoa mixture; refrigerate until mixture comes together, about 15 minutes. Form quinoa mixture into patties. Heat olive oil in a skillet over medium heat; fry patties until golden brown, 4 to 5 minutes per side. Stir yogurt, tahini, lemon juice, cilantro, and curry powder together in a bowl. Serve burgers with tahini sauce.",45 mins,8.0,8 servings,186.5,4.5721793397930695,0.7357529972080801,1.0510757102972574,0.2161274429298735,amber,green,green,green,2.0,1.0,1.0,1.0,5.0,healthy,3.4,Burger Recipes,,45.0,17,Burger,American,recipe_images/recipe_1794.jpg,Burger
Easy Lentil Feta Wraps,https://www.allrecipes.com/recipe/72112/easy-lentil-feta-wraps/,main-dish,"Very tasty and very quick! My husband loves it, and I love that it takes only a few minutes to make! Use any or all of the ingredients, or whatever you have on hand! White wine may be substituted with heavy cream.","6 (8 inch) whole wheat tortillas ; 3 tablespoons olive oil ; 2 cloves garlic, minced ; 2  shallots, finely chopped ; ½ pound fresh mushrooms, sliced ; ¼ cup dry white wine ; 1 (15 ounce) can brown lentils ; 1 (4 ounce) package feta cheese, crumbled ; ¼ cup chopped kalamata olives ; ½ cup chopped tomatoes","Preheat oven to 250 degrees F (120 degrees C). Wrap the tortillas in aluminum foil, and warm in the oven about 10 minutes, until soft. Heat the olive oil in a saucepan over medium heat, and saute the garlic, shallots, and mushrooms 5 minutes, until lightly browned. Pour in the wine, and scrape up any browned bits from the bottom of the saucepan. Mix in the lentils, and cook 2 minutes, just until heated through. Fill each tortilla with a portion of the lentil mixture, and fold or roll. Top with feta cheese, olives, and tomatoes.",35 mins,6.0,6 servings,308.9,5.7887120115774255,1.8256707113436497,1.5584993877323836,0.6835133029054882,amber,amber,green,amber,2.0,2.0,1.0,2.0,7.0,healthy,4.42,Sandwich Recipes,,35.0,10,Sandwich,Mediterranean,recipe_images/recipe_1796.jpg,Sandwiches and Tacos
Polish Sloppy Joes,https://www.allrecipes.com/recipe/100094/polish-sloppy-joes/,main-dish,"This is a recipe from my Husband's grandmother. Even people that aren't crazy about sauerkraut have raved about them. For a Rueben twist, serve on a good rye roll with a slice of Swiss.","3 pounds lean ground beef ; 1 (32 ounce) jar sauerkraut with caraway seed ; 2 (15 ounce) cans boiling chicken broth ; 1  green bell pepper, seeded and diced ; 2 stalks celery, chopped ; 1 large onion, diced ; 1 pinch salt and pepper to taste","Crumble the ground beef in a large skillet over medium-high heat. Cook and stir until no longer pink. Pour in the sauerkraut and chicken broth and add the green pepper, celery and onion. Simmer for at least 1 hour. Season with salt and pepper to taste and serve on a good hard roll or a semmel (Kaiser) roll.",1 hr 20 mins,20.0,20 sandwiches,148.1,5.105871752515393,1.9822796215647995,0.9010361916203636,0.8188917254843071,amber,amber,green,amber,2.0,2.0,1.0,2.0,7.0,healthy,4.04,Sandwich Recipes,Inspired,80.0,7,Sandwich,Polish,recipe_images/recipe_1808.jpg,Sandwiches and Tacos
Bachelor Sloppy Joes,https://www.allrecipes.com/recipe/237188/bachelor-sloppy-joes/,main-dish,"This my personal sloppy joe recipe. I have tweaked it to have all my favorite ingredients. Not one of them overpowers the other. I hope you like it, as it makes a great lunch or game-day sandwich for the family. I generally serve it on a better quality hamburger bun with Kettle potato chips.",1 pound ground beef ; ¼ cup chopped onion ; ¼ cup chopped green pepper ; ¼ cup chopped celery ; 1 ½ teaspoons distilled white vinegar ; 1 ½ teaspoons prepared yellow mustard ; 1 ½ teaspoons brown sugar ; ¾ teaspoon Worcestershire sauce ; ½ teaspoon garlic powder ;   salt and ground black pepper to taste,"Heat a large skillet over medium-high heat. Add beef to the skillet and break into smaller bits with a spatula as it cooks; cook until browned on one side, 3 to 5 minutes. Turn beef and add onion, bell pepper, and celery. Put a cover on the skillet and continue to cook until beef is completely browned and crumbly, 2 to 5 minutes more. Stir vinegar, mustard, brown sugar, Worcestershire sauce, and garlic powder into the beef mixture; season with salt and pepper. Reduce heat to low and simmer mixture, stirring occasionally, until vegetables are completely tender, about 15 minutes.",45 mins,4.0,4 servings,222.1,11.05105105105105,4.324324324324325,2.1621621621621623,0.21001001001001,amber,amber,green,green,2.0,2.0,1.0,1.0,6.0,healthy,3.5,,,45.0,10,Sandwich,American,recipe_images/recipe_1838.jpg,Sandwiches and Tacos
Italian Spinach Cheese Pie,https://www.allrecipes.com/recipe/59657/italian-spinach-cheese-pie/,main-dish,This is a dish for the spinach lover. Great the next day also. I look forward to making it every spring when spinach is in season.,"1 (10 ounce) bag fresh spinach - rinsed, dried and torn into bite size pieces ; 1 (24 ounce) carton ricotta cheese ; ½ cup grated Parmesan cheese ; 3  eggs, beaten ; ¼ cup chopped red bell pepper","Preheat the oven to 350 degrees F (175 degrees C). Grease a 9 inch deep-dish pie plate. In a large bowl, stir together the spinach, ricotta cheese, Parmesan cheese, eggs and bell pepper. Spread in the prepared pie dish so that it is a little thinner in the middle. Bake for 40 to 45 minutes in the preheated oven, until the center is set, and the edges are lightly browned.",1 hr 5 mins,8.0,8 servings,175.2,7.160093011012152,4.001228447330321,0.5615759224323257,0.4160926600272013,amber,amber,green,amber,2.0,2.0,1.0,2.0,7.0,healthy,4.35,Savory Pie Recipes,,65.0,5,Casserole and Pies,Italian,recipe_images/recipe_1842.jpg,Casserole and Pies
Sublime Oxford Sandwich,https://www.allrecipes.com/recipe/223095/sublime-oxford-sandwich/,main-dish,"My version of a delicious vegetarian sandwich I first had in Oxford, England. It is great as an appetizer or sandwich entree with a soup. You could easily put too much of the fig on, so go easy with the fig. A little dab will do ya.","4 slices whole grain bread ; 4 tablespoons goat cheese ; ½  cucumber, thinly sliced ; 4  cherry tomatoes, thinly sliced ; ¼  red bell pepper, finely chopped ; 1 tablespoon finely chopped fresh basil ; 1 teaspoon fig preserves",Toast bread and spread goat cheese on half the bread slices. Arrange cucumber and tomato slices on top of goat cheese. Sprinkle with chopped red bell pepper and basil. Distribute small amounts of fig spread atop red bell pepper layer; top with remaining 2 slices bread.,25 mins,2.0,2 sandwiches,211.8,1.887988728425502,0.9580838323353292,1.549841493483621,0.2087354702359986,green,green,green,green,1.0,1.0,1.0,1.0,4.0,healthy,4.8,,,25.0,7,Sandwich,International,recipe_images/recipe_1843.jpg,Sandwiches and Tacos
Carrot Cake Sandwich,https://www.allrecipes.com/recipe/221014/carrot-cake-sandwich/,main-dish,"Everything you love about carrot cake - the spices, the sweet and nutty flavors, the cream cheese frosting, and of course, the carrots! - is in this fast and simple lunch. I came up with this recipe while brainstorming new ways to use peanut butter (one of the staples of my vegetarian diet.) This grown-up alternative to the standard PBJ is a sandwich that thinks it's dessert!","1  cinnamon-raisin English muffin, halved ; 3  baby carrots, shredded ; 1 pinch ground nutmeg ; 1 tablespoon crunchy peanut butter ; 1 tablespoon whipped cream cheese ; ¼ cup clover sprouts  (Optional)",Lightly toast both halves of English muffin. Place shredded carrots in a small bowl and sprinkle with nutmeg. Spread peanut butter on one side of English muffin. Spread cream cheese on other side of English muffin. Top with carrots and sprouts. Put both sides together to make a sandwich.,10 mins,1.0,1 sandwich,297.1,6.784386617100371,2.276951672862454,1.7657992565055762,0.3946328996282529,amber,amber,green,amber,2.0,2.0,1.0,2.0,7.0,healthy,5.0,Sandwich Recipes,,10.0,6,Sandwich,American,recipe_images/recipe_1863.jpg,Sandwiches and Tacos
Sharktooth Pasta,https://www.allrecipes.com/recipe/143078/sharktooth-pasta/,main-dish,"My son is in love with sharks. To get him to eat his pasta, we developed Sharktooth Pasta -- bowtie pasta in a creamy, kid-friendly sauce.",8 ounces dry farfalle (bow tie) pasta ; 1 (10.75 ounce) can  condensed cream of chicken soup ; ¼ cup milk ; 2 tablespoons shredded Cheddar cheese,Bring a large pot of lightly salted water to a boil. Add pasta and cook for 8 to 10 minutes or until al dente; drain. Return pasta to pot; stir in soup and milk.  Cook and stir over medium heat until heated through.  Add cheese; cook and stir just until cheese is melted.  Serve hot.,24 mins,4.0,4 servings,293.7,5.201537616694124,1.827567270730368,2.1087314662273475,0.939088412959912,amber,amber,green,amber,2.0,2.0,1.0,2.0,7.0,healthy,3.88,,,24.0,4,Pasta and Noodles,American,recipe_images/recipe_1875.jpg,Pasta
Crunchy Brunch Wrap,https://www.allrecipes.com/recipe/234226/crunchy-brunch-wrap/,main-dish,"This is totally packable for a lunchbox, and gives a little variety to the pb and j. I've taken these as hand-held breakfast foods for my staff and volunteers at events, as well as taken them to a bridal party brunch. They worked out great as we all got our hair and makeup done.","8 tablespoons reduced-fat peanut butter, or to taste ; 8  whole wheat tortillas ; 8 teaspoons honey, or to taste ; 8  bananas, peeled ; 1 cup high-protein crisp rice and wheat cereal (such as Kellogg's Special K), or to taste",Spread 1 tablespoon peanut butter onto each tortilla. Place 1 banana in the center of each tortilla; drizzle honey over each banana. Sprinkle about 2 tablespoons cereal over peanut butter and banana. Fold ends of each tortilla over the 2 ends of each banana and roll tortilla around banana. Cut in half or serve whole.,10 mins,8.0,8 wraps,319.7,3.274494755691993,0.6139677666922486,11.716551547710411,0.4389869531849578,amber,green,amber,amber,2.0,1.0,2.0,2.0,7.0,healthy,4.6,,,10.0,5,Sandwich,American,recipe_images/recipe_1884.jpg,Sandwiches and Tacos
"Mini Ham, Swiss, Rye Sandwiches with Cranberry Onion Relish",https://www.allrecipes.com/recipe/129035/mini-ham-swiss-rye-sandwiches-with-cranberry-onion-relish/,main-dish,"If you run out of time to assemble the sandwiches, simply set out the spiral-cut ham along with the relish, mustard and rye bread, and let people assemble their own.","2 tablespoons vegetable oil ; 2 large onions, cut into medium dice  ; 4 teaspoons minced fresh rosemary ; ½ teaspoon ground cloves ; 1 (16 ounce) can whole berry cranberry sauce ; 1 (16 ounce) package cocktail rye bread ; ¼ cup Dijon mustard ; 2 pounds thin ham slices from a baked spiral-cut ham (or substitute Black Forest ham), cut to fit rye bread ; 12 ounces thinly sliced Swiss cheese, cut to fit rye bread Arugula or other baby salad greens ; 44  Toothpicks","Heat oil in a 12-inch skillet over medium-high heat. Add onions; saute until well-browned, 10 to 12 minutes. Add rosemary and cloves; continue to saute until fragrant, 1 to 2 minutes longer. Stir in cranberry sauce, and simmer until heated through. Remove from heat and set aside. (Cranberry-Onion Relish can be cooled, covered and refrigerated up to 2 weeks ahead.) To assemble: Working in batches, lay breads on a work surface and spread with about 1/4 tsp. mustard and 1 tsp. cranberry relish. Top half the breads with a portion of ham, cheese and arugula (optional), then the remaining bread slice. Halve each sandwich on the diagonal, sticking each half with a toothpick. (Sandwiches can be covered with a damp paper towel and plastic wrap and can remain at room temperature for 2 hours.)",50 mins,44.0,44 sandwiches,114.0,4.669850655750133,2.001364566750057,3.1450014620358036,0.9261076274949368,amber,amber,green,amber,2.0,2.0,1.0,2.0,7.0,healthy,4.33,Pork,,50.0,10,Sandwich,American,recipe_images/recipe_1886.jpg,Sandwiches and Tacos
Babcha's Meat-Filled Varenyky (Perogies),https://www.allrecipes.com/recipe/234950/babchas-meat-filled-varenyky-perogies/,main-dish,"This wonderful Ukrainian dish given to me by my husband's grandmother can be made with any kind of filling from meat, cheese, and fruit. It can be eaten warm or cold. The varenyky freeze very well. Just be sure to allow the varenyky to dry before freezing.","12  potatoes ; 2 pounds lean ground beef ; ½ cup milk ; 1 large onion, minced ; 2 cloves garlic, minced ; 1 pinch salt and ground black pepper ; 8 cups all-purpose flour ; 4 teaspoons salt ; 1 cup water  (Optional); 4  eggs ; 1 tablespoon water, or as needed  (Optional)","Place potatoes into a large pot and cover with salted water; bring to a boil. Reduce heat to medium-low and simmer until tender, about 20 minutes. Drain. Heat a large skillet over medium-high heat. Cook and stir beef in the hot skillet until browned and crumbly, 5 to 7 minutes; drain in a sieve or colander and rinse off excess fat with hot water. Mash potatoes with milk in a bowl until smooth; stir in onion, garlic, 1 pinch salt, and pepper. Mix ground beef into potato mixture until filling is evenly combined. Whisk flour and 4 teaspoons salt together in a deep bowl; stir in 1 cup water and eggs until dough is soft. Turn dough onto a floured surface and knead until smooth, 1 to 2 minutes. Divide dough into 4 equal parts and arrange on a baking sheet; cover with a damp towel or plastic wrap and let stand for 10 minutes. Roll each piece of dough on a floured work surface until thin; cut into rounds using the rim of a large-mouth cup or large cookie cutter. Spoon 1 to 2 tablespoons filling onto each round. Fold dough over filling creating a 1/2 circle; press edges together, sealing with a dash of water if needed. Arrange varenyky in a single layer on plates and cover with a clean towel. Bring a pot of lightly salted water to a boil; cook 2 to 3 varenyky at a time in boiling water until cooked through and dough is puffed, about 4 minutes. Remove varenyky with a slotted spoon and repeat with remaining varenyky.",1 hr 10 mins,24.0,24 servings,325.8,3.214481401059318,1.2176065913103475,0.7305639547862086,0.5236925949225806,amber,green,green,amber,2.0,1.0,1.0,2.0,6.0,healthy,3.0,,,70.0,11,Dumplings,Ukrainian,recipe_images/recipe_1893.jpg,Dumplings
Angel Hair Pasta with Gorgonzola Sauce,https://www.allrecipes.com/recipe/237670/angel-hair-pasta-with-gorgonzola-sauce/,main-dish,"This pasta is a cheese lover's dream! The sauce is super creamy, and the Gorgonzola cheese just puts all the flavors to the roof!",10 ounces angel hair pasta ; 2 cups 1% low-fat milk ; 2 tablespoons all-purpose flour ; 1 pinch cayenne pepper ;   salt and ground black pepper to taste ; ½ cup crumbled Gorgonzola cheese ; ¼ cup finely chopped green onion tops,"Bring a large pot of lightly salted water to a boil. Cook angel hair in the boiling water, stirring occasionally until cooked through but firm to the bite, 4 to 5 minutes. Drain, reserving 1/2 cup of the water. Return drained pasta to the pot. Whisk milk and flour together in a large nonstick skillet; add cayenne pepper, salt, and black pepper. Heat milk mixture over medium heat while whisking continually until bubbling and thickened, about 5 minutes. Sprinkle Gorgonzola cheese into the milk mixture, stirring continually to melt the cheese into a sauce. Stir green onions into the sauce. Pour reserved water into the sauce; stir. Pour sauce over the cooked pasta and toss to coat.",20 mins,4.0,4 servings,326.4,3.761456969408404,1.8093084156648016,0.6665873110344006,0.4475657659802404,amber,amber,green,amber,2.0,2.0,1.0,2.0,7.0,healthy,3.25,,,20.0,7,Pasta and Noodles,Italian,recipe_images/recipe_1913.jpg,Pasta
Dan's W.P.B. Sandwich,https://www.allrecipes.com/recipe/215570/dans-wpb-sandwich/,main-dish,"I wanted something new for lunch, and we didn't have much fruit, so this is what I came up with. A mix of watermelon, peanut butter, and a couple other ingredients. Please trust me, it's not gross.",¼ teaspoon white sugar ; ¼ teaspoon ground cinnamon ; 2 tablespoons peanut butter ; 2 slices white bread ; 1 slice watermelon,Stir the sugar and cinnamon together in a small bowl; set aside. Spread 1 tablespoon peanut butter onto each slice of bread. Sprinkle the peanut butter with the sugar mixture. Sandwich the watermelon slice between the bread.,10 mins,1.0,1 sandwich,415.5,16.139585605234462,3.31515812431843,20.85059978189749,1.0745910577971645,amber,amber,amber,amber,2.0,2.0,2.0,2.0,8.0,healthy,4.25,Sandwich Recipes,American,10.0,5,Sandwich,American,recipe_images/recipe_1922.jpg,Sandwiches and Tacos
Zucchini Wrapped in Tortillas,https://www.allrecipes.com/recipe/14017/zucchini-wrapped-in-tortillas/,main-dish,"Here's what I do with the wonderful zucchini in summer. Don't be daunted by the list of ingredients. It's long because of the various added spices, which give the wraps a wonderful flavor. The actual procedure is quite simple.","1 tablespoon vegetable oil ; 1 teaspoon mustard seed  (Optional); 1 teaspoon cumin seeds ; 1 small red onion, thinly sliced ; 1 tablespoon grated fresh ginger  ; 4 cups grated zucchini ; ½ teaspoon chili powder ; ¼ teaspoon ground black pepper ; ¼ teaspoon ground cloves ; ¼ teaspoon ground cinnamon ;   salt to taste ; 4 (10 inch) flour tortillas ; 4  fresh chives ; ½ cup sour cream  (Optional)","In a medium size wok or saute pan, heat the oil over medium-high heat. Add mustard and cumin seeds. As they begin to pop, lower the heat and add the onion and ginger. Saute until onions are soft and light pink in color. Add the shredded zucchini, increase the heat slightly. Stir frequently until the zucchini gets soft and well-cooked, approximately 5 to 10 minutes. Stir in the chili powder, pepper, clove, cinnamon and salt. Warm the tortillas and place the tortillas on a flat surface. Place 1/4 of the zucchini filling in the center of each tortilla. Roll up each tortilla and tie it closed with a chive. You can serve the wrap with a dollop of sour cream on the side, it makes for a well rounded wrap!",40 mins,4.0,4 wraps,360.9,3.922479750678983,1.653594404698003,1.115214831075397,0.3617718456324759,amber,amber,green,amber,2.0,2.0,1.0,2.0,7.0,healthy,3.67,,,40.0,14,Taco,Mexican,recipe_images/recipe_1935.jpg,Sandwiches and Tacos
Tropical Sandwich,https://www.allrecipes.com/recipe/88391/tropical-sandwich/,main-dish,"This tropical treat makes a delicious lunch or afternoon snack. If you are not cooking for a crowd, just refrigerate any unused pineapple and cheese mixture for another time.","1 (8 ounce) package Neufchatel cheese, softened ; ¼ cup crushed pineapple, drained ; 4  bananas, sliced ; ½ cup shredded coconut ; 16 slices whole-grain bread","In a small bowl, mix together softened Neufchatel cheese and pineapple. Spread cheese mixture on one slice of bread, top with slices of banana and a sprinkling of coconut, and top with another slice of bread to make a sandwich. Repeat with remaining ingredients.",15 mins,8.0,8 sandwiches,288.7,6.769079109504641,3.877433664667707,8.937813193132342,0.5651852460363098,amber,amber,amber,amber,2.0,2.0,2.0,2.0,8.0,healthy,4.57,Sandwich Recipes,,15.0,5,Sandwich,American,recipe_images/recipe_1936.jpg,Sandwiches and Tacos
Sweet 'n Creamy Peanut Butter Apple Sandwich,https://www.allrecipes.com/recipe/239022/sweet-n-creamy-peanut-butter-apple-sandwich/,main-dish,"A delicious, lower-fat peanut butter sandwich that is both creamy and crunchy.","1  Granny Smith apple, thinly sliced ; 2 tablespoons peanut butter ; 2 tablespoons low-fat ricotta cheese ; ¼ teaspoon vanilla extract ; ¼ teaspoon ground cinnamon ; ¼ teaspoon white sugar ; 4 slices sandwich bread","Stir peanut butter and ricotta cheese together in a bowl until smooth. Add vanilla extract, cinnamon, and white sugar to peanut butter mixture; stir until completely blended. Spread peanut butter mixture on one side of two of the pieces of bread; top peanut butter mixture with apples. Place remaining slices of bread over the apples.",15 mins,2.0,2 servings,284.5,12.480674631061138,3.1482782853127196,12.817990161630355,1.2230498945888968,amber,amber,amber,amber,2.0,2.0,2.0,2.0,8.0,healthy,4.75,Sandwich Recipes,,15.0,7,Sandwich,American,recipe_images/recipe_1939.jpg,Sandwiches and Tacos
Creamy Kiwi Sandwich,https://www.allrecipes.com/recipe/88398/creamy-kiwi-sandwich/,main-dish,Lemon zest and honey is mixed together with Neufchatel cheese to make a great spread or dip. The spread is excellent when paired with fresh fruit in sandwiches. The spread can be refrigerated for a week.,"1 (8 ounce) package Neufchatel cheese ; 2 teaspoons lemon zest, finely chopped ; 2 tablespoons honey, or to taste ; 1 cup chopped kiwi fruit ; 16 slices whole wheat bread","In a small bowl, mix together Neufchatel cheese, lemon zest, and honey. Refrigerate for 1 day to allow the flavors to develop. Spread about 2 tablespoons of the sweetened Neufchatel cheese over one side of a slice of bread. Top with about 2 tablespoons of chopped kiwi fruit, and another slice of bread. Repeat with remaining ingredients to make 8 sandwiches in all.",20 mins,8.0,8 sandwiches,242.8,8.85684860968074,4.737384140061792,10.092687950566429,0.9801750772399588,amber,amber,amber,amber,2.0,2.0,2.0,2.0,8.0,healthy,4.0,Sandwich Recipes,,20.0,5,Sandwich,International,recipe_images/recipe_1949.jpg,Sandwiches and Tacos
Healthy Chicken and Spinach Panini,https://www.allrecipes.com/recipe/282777/healthy-chicken-and-spinach-panini/,main-dish,"This is my own personal recipe, I was trying to think of a quick and easy but healthy meal for myself. It's very fresh and tasty, and it's a great warm chicken panini for a cooler day!","1 (4 ounce) skinless, boneless chicken breast half ; 2 teaspoons lemon juice, divided ; 1 pinch garlic powder, or to taste ; 1 pinch Italian seasoning, or to taste ;   salt and ground black pepper to taste ; ½ medium onion, thinly sliced ; 2 tablespoons chopped roasted red pepper ; 1 teaspoon minced garlic ; 1 cup fresh spinach ; 2 slices whole wheat bread ; 1 slice reduced-fat Cheddar cheese","Spray a skillet with cooking spray and heat over medium-high heat. Poke a few holes in the chicken and season with 1 teaspoon lemon juice, garlic powder, Italian seasoning, salt, and pepper. Add to the hot skillet and cook, flipping occasionally, until no longer pink in the center but not fully cooked, about 8 minutes. Remove chicken to a plate. Add onion, red peppers, and garlic to the hot skillet. Add more seasonings if desired, and cook until onion is translucent, about 5 minutes. Add chicken back to the skillet; cook and stir for 3 minutes. Preheat a panini maker and lightly oil both sides. Mix spinach in a bowl with remaining 1 teaspoon lemon juice. Add chicken and veggie mixture to the spinach and mix it around. Place a slice of bread on the preheated panini maker. Put chicken mixture on top, followed by Cheddar slice and remaining bread. Toast the sandwich until bread is brown and crispy and cheese it mostly melted, 4 to 6 minutes.",35 mins,1.0,1 sandwich,365.4,2.4912280701754383,0.8771929824561403,2.4912280701754383,0.5454385964912281,green,green,green,amber,1.0,1.0,1.0,2.0,5.0,healthy,0.0,,,35.0,11,Sandwich,American,recipe_images/recipe_1953.jpg,Sandwiches and Tacos
Summertime Almond Butter and Peach Sandwich,https://www.allrecipes.com/recipe/238986/summertime-almond-butter-and-peach-sandwich/,main-dish,A different summertime sandwich that is quick and easy!,"2 tablespoons almond butter ; 2 slices wheat bread ; 1  peach, or to taste, sliced",Spread almond butter onto one side of each slice of bread. Pile the sliced peaches atop one almond butter-covered slice and sandwich with the other.,5 mins,1.0,1 sandwich,360.3,15.327380952380953,1.636904761904762,7.217261904761904,0.9084821428571428,amber,amber,amber,amber,2.0,2.0,2.0,2.0,8.0,healthy,4.5,,,5.0,3,Sandwich,American,recipe_images/recipe_1969.jpg,Sandwiches and Tacos
Cabbage Stuffed Pita Pockets,https://www.allrecipes.com/recipe/218875/cabbage-stuffed-pita-pockets/,main-dish,Quick and easy meal the whole family will enjoy.,"1 pound lean ground beef ; 1 head cabbage, cored and chopped ; ½  onion, chopped ; 1 cup shredded carrots ; 1 (4.5 ounce) can mushroom stems and pieces, drained ;   salt and ground black pepper to taste ; 6  whole wheat pita breads, halved ; 1 cup shredded mozzarella cheese","Heat a large skillet over medium-high heat and cook and stir the ground beef until the meat is crumbly, evenly browned, and no longer pink. Drain and discard any excess grease. Transfer ground beef to a bowl; set aside. Cook and stir the cabbage, onion, carrots, and mushroom in the skillet over medium-high heat until the vegetables are tender, 5 to 7 minutes. Stir in the beef, and season with salt and pepper. Fill each pita half with the hot cabbage mixture. Top with mozzarella cheese.",40 mins,6.0,6 servings,429.7,7.76539749812017,3.2264679745710567,4.757673115045456,0.8766149429215939,amber,amber,green,amber,2.0,2.0,1.0,2.0,7.0,healthy,3.86,,,40.0,8,Sandwich,Mediterranean,recipe_images/recipe_1971.jpg,Sandwiches and Tacos
"Turkey, Quinoa, and Zucchini Mini Meatloaves",https://www.allrecipes.com/recipe/265557/turkey-quinoa-and-zucchini-mini-meatloaves/,main-dish,"Great recipe for healthier meal prepping. Can be cooked, wrapped, and frozen individually. This recipe can also be baked in a toaster oven at the same temperature.","1 cup water ; ½ cup quinoa, rinsed well ; 1 medium zucchini ; 1 teaspoon olive oil ; ¾ cup sambal oelek (Indonesian chile sauce), divided ; 1 small red onion, finely chopped ; 2  large egg whites ; 3 cloves garlic, minced ; 1 tablespoon chopped fresh parsley ; 1 teaspoon dried Italian seasoning ; ½ teaspoon salt ; ½ teaspoon ground black pepper ; 1 pound ground skinless turkey breast ; 3 tablespoons stone-ground mustard","Bring water and quinoa to a boil in a saucepan. Reduce heat to medium-low, cover, and simmer until quinoa is tender, 15 to 20 minutes. Shred the zucchini using a cheese grater over a lint-free kitchen towel. Wrap the zucchini in the towel and wring out as much water as possible. Preheat the oven to 350 degrees F (175 degrees C). Line a baking sheet with aluminum foil and swab with olive oil. Place the zucchini in a large bowl. Add 1/4 cup chile sauce, red onion, egg whites, garlic, parsley, Italian seasoning, salt, and pepper. Add quinoa and turkey; mix well to combine. Divide mixture into 6 parts and shape into small loaves. Space them evenly on the baking sheet. Combine the remaining 1/2 cup chile sauce with mustard. Spread a heaping spoonful over each loaf. Bake in the preheated oven until meatloaves are hot on the inside and sauce has darkened in color, 30 to 35 minutes. Remove from oven and let rest, at least 5 minutes.",1 hr 15 mins,6.0,6 meatloaves,239.4,3.73241175018514,1.4218711429276722,4.265613428783017,0.895482596889657,amber,green,green,amber,2.0,1.0,1.0,2.0,6.0,healthy,0.0,Meatloaf Recipes,,75.0,14,Meatloaf,American,recipe_images/recipe_1975.jpg,Meat Dishes
Melty Cheese and Tomato Sandwiches,https://www.allrecipes.com/recipe/267886/melty-cheese-and-tomato-sandwiches/,main-dish,These open-faced cheese and tomato sandwiches are drizzled with Thousand Island dressing and grilled until irresistibly melty.,"4 slices sourdough bread ; ⅔ cup shredded Swiss cheese ; ¼ cup Marie's Thousand Island dressing ; 10  pear tomatoes, sliced ; ½ cup green onions, chopped","Toast bread in toaster oven or grill pan. Layer 1/3 cup cheese, Marie's Thousand Island dressing, and tomato slices evenly over the bread slices. Top with the remaining cheese. Grill or broil until cheese has melted, about 3 minutes. Sprinkle with green onions.",20 mins,4.0,4 open-faced sandwiches,228.8,3.6317430980709258,1.2752685687882637,0.7485272034191984,0.2100034654037195,amber,green,green,green,2.0,1.0,1.0,1.0,5.0,healthy,0.0,Sandwich Recipes,,20.0,5,Sandwich,American,recipe_images/recipe_1982.jpg,Sandwiches and Tacos
Crispy Rice Bake,https://www.allrecipes.com/recipe/85445/crispy-rice-bake/,main-dish,"This is a yummy and EASY recipe that kids love! Similar to tuna casserole, but without the noodles. You may add different veggies or use cream of mushroom soup, my family doesn't care for mushrooms, so I use the chicken instead.  Can also use fat-free soup.","3 cups crispy rice cereal ; 1 cup frozen green peas ; 1 (5 ounce) can tuna, drained ; 1 (10.75 ounce) can  condensed cream of chicken soup","Preheat the oven to 350 degrees F (175 degrees C). Grease an 8 inch square baking dish. In a medium bowl, stir together the tuna, peas and cream of chicken soup. Gently fold in the cereal. Transfer to the prepared baking dish. Bake for 45 minutes in the preheated oven, until bubbling and lightly browned on top.",50 mins,4.0,4 servings,210.7,1.9400625289761175,0.5325661844248166,1.55965811152982,0.6825406260030193,green,green,green,amber,1.0,1.0,1.0,2.0,5.0,healthy,2.5,,,50.0,4,Casserole and Pies,American,recipe_images/recipe_2003.jpg,Casserole and Pies
"Apple, Raisin, and Tofu Salad Sandwich",https://www.allrecipes.com/recipe/262331/apple-raisin-and-tofu-salad-sandwich/,main-dish,This tofu sandwich recipe is really good! It only takes a few seconds to prepare. It's good for a light lunch with some chips and iced tea. It is definitely low fat and low calorie.,"1 (12 ounce) package firm tofu, drained ; 1  apple, cut into bite-sized pieces ; ¼ cup mustard ; ¼ cup raisins ; ½ teaspoon ground thyme, or to taste ;   salt and ground black pepper to taste ; 8 slices bread, or to taste","Pat tofu dry with a paper towel. Cut into small pieces. Mix tofu, apple, mustard, raisins, thyme, salt, and pepper in a large bowl. Spoon mixture onto bread.",10 mins,4.0,4 sandwiches,256.6,3.36421578290295,0.5256587160785859,6.465602207766608,0.7413102043498259,amber,green,amber,amber,2.0,1.0,2.0,2.0,7.0,healthy,0.0,Sandwich Recipes,American,10.0,7,Sandwich,American,recipe_images/recipe_2011.jpg,Sandwiches and Tacos
Group Effort Pasta,https://www.allrecipes.com/recipe/170756/group-effort-pasta/,main-dish,"Nancy offered her cheese, Alyssa suggested the red peppers, and Christy thought the spinach seemed like a good idea. It all came together deliciously!","1 pound dry fettuccine pasta ; ¼ cup olive oil ; 1  red bell pepper, diced ; 2 cups baby spinach leaves ; ½ cup shredded white Cheddar cheese ;   freshly ground black pepper to taste","Bring a large pot of lightly salted water to a boil over high heat. Add the fettuccine pasta, and cook until al dente, 10 to 12 minutes; drain. Toss pasta with olive oil, red bell pepper, baby spinach, and white Cheddar. Season with black pepper. Good hot or cold.",25 mins,4.0,4 servings,637.8,15.297759970861408,3.933709706792934,2.039701329448188,0.1892187215443453,amber,amber,green,green,2.0,2.0,1.0,1.0,6.0,healthy,4.17,,,25.0,6,Pasta and Noodles,Italian,recipe_images/recipe_2013.jpg,Pasta
Delish Sloppy Joes,https://www.allrecipes.com/recipe/186674/delish-sloppy-joes/,main-dish,This is a family recipe that lives up to its name. I love these Joes and haven't found any that taste the same.,"2 pounds ground beef ; 1 (10.75 ounce) can  condensed tomato soup (such as Campbell's) ; 2 tablespoons brown sugar, or to taste ; ¼ teaspoon Worcestershire sauce, or to taste ; 2 tablespoons distilled white vinegar ; 8  hamburger buns, split and toasted","Heat a large skillet over medium-high heat, and stir in the ground beef. Cook and stir until the beef is crumbly, evenly browned, and no longer pink. Drain and discard any excess grease. Stir in the condensed tomato soup, brown sugar, Worcestershire sauce, and vinegar. Cook and stir until thick, about 5 minutes. Adjust seasoning to taste, and serve on the toasted hamburger buns.",20 mins,8.0,8 Sloppy Joes,362.9,7.708824299554857,2.7770919836905694,2.872853776231624,0.6224516515168519,amber,amber,green,amber,2.0,2.0,1.0,2.0,7.0,healthy,4.31,Sandwich Recipes,,20.0,6,Sandwich,American,recipe_images/recipe_2015.jpg,Sandwiches and Tacos
Party Cucumber Sandwiches,https://www.allrecipes.com/recipe/24273/party-cucumber-sandwiches/,main-dish,These are for a party.  You can use full sized rye for larger sandwiches.,"1 (1 pound) loaf cocktail rye bread ; 1 (3 ounce) package cream cheese, softened ; 1 large cucumber, peeled and thinly sliced ; 1  onion, halved and thinly sliced ; 6 tablespoons mayonnaise","Place half of the cocktail rye bread on a clean work surface.  Spread each slice with cream cheese. Place 1 or 2 slices of cucumber on each, and then 1 or 2 slices of onion. Spread remaining slices with mayonnaise and place atop onions to complete the sandwiches.",10 mins,5.0,5 servings,194.3,12.266019293426178,3.6414744777358967,0.7666262058391361,0.2358972720884175,amber,amber,green,green,2.0,2.0,1.0,1.0,6.0,healthy,4.35,,,10.0,5,Sandwich,American,recipe_images/recipe_2021.jpg,Sandwiches and Tacos
Strawberry Spinach Salad Breakfast Wrap,https://www.allrecipes.com/recipe/261554/strawberry-spinach-salad-breakfast-wrap/,main-dish,"This strawberry spinach breakfast wrap is a yummy, quick, and deliciously refreshing packed-full-of-nutrients morning meal. Perfect healthy alternative! Assemble right before eating.","¼ cup walnut pieces ; ¼ (16 ounce) package hulled and sliced strawberries ; 1 teaspoon coconut sugar ; 2 tablespoons nonfat Greek yogurt ; 1 teaspoon fresh lime juice ; ½ teaspoon honey ; 1 sheet lavash bread ; ¾ cup fresh spinach ; 2 slices turkey bacon, cooked and crumbled ; 2 teaspoons chia seeds","Preheat the oven to 350 degrees F (175 degrees C). Spread walnuts on a baking sheet and toast until fragrant, tossing a couple of times to ensure even browning, 5 to 8 minutes. Combine strawberry slices and coconut sugar in a small bowl. Let stand for 5 minutes, stirring occasionally. Mix together yogurt, lime juice, and honey to make the dressing. Spread the dressing over the lavash bread. Top with spinach, strawberries, bacon, walnuts, and chia seeds. Roll up the wrap and cut in half.",15 mins,2.0,2 servings,368.8,11.00398239362817,1.5719974848040243,5.722070844686648,0.9287361140222176,amber,amber,amber,amber,2.0,2.0,2.0,2.0,8.0,healthy,4.33,Sandwich Recipes,,15.0,10,Sandwich,American,recipe_images/recipe_2022.jpg,Sandwiches and Tacos
Picky-Eater Sloppy Joes,https://www.allrecipes.com/recipe/237630/picky-eater-sloppy-joes/,main-dish,My oldest is extremely picky and has only ever eaten one vegetable willingly - the potato. I had to get creative in hiding them. This is my homemade sloppy joe recipe which she eats every time and still has no clue about the veggies in the sauce. Using pre-chopped frozen onion or pre-shredded carrots cuts the prep time.,"1 large red bell pepper, chopped ; ¾ cup chopped carrots ; ½ cup diced onion ; 1 pound ground beef ; 1 (15 ounce) can tomato sauce ; 2 tablespoons Worcestershire sauce ; 2 tablespoons ketchup ; 1 tablespoon molasses ; 8  hamburger buns, split","Place red bell pepper, carrots, and onion in a food processor and blend until smooth, scraping down the sides as needed. Heat a large skillet over medium-high heat. Cook and stir beef in the hot skillet until browned and crumbly, 5 to 7 minutes; drain and discard grease. Stir vegetable mixture into ground beef; cook and stir until heated through, 2 to 3 minutes. Mix tomato sauce, Worcestershire sauce, ketchup, and molasses into ground beef mixture; cook and stir until heated through and slightly thickened, 5 to 7 minutes. Spread sloppy joe mixture into each bun using a slotted spoon.",35 mins,8.0,8 servings,284.8,6.130268199233716,2.1893814997263275,3.61247947454844,0.8793103448275863,amber,amber,green,amber,2.0,2.0,1.0,2.0,7.0,healthy,4.0,,,35.0,9,Sandwich,American,recipe_images/recipe_2023.jpg,Sandwiches and Tacos
Sweet Breakfast Sandwich,https://www.allrecipes.com/recipe/258100/sweet-breakfast-sandwich/,main-dish,Super easy and delicious sandwich to make for breakfast or a snack.,"2 tablespoons chocolate-hazelnut spread (such as Nutella) ; 2  English muffins, split and toasted ; 1  banana, sliced ; 2 tablespoons marshmallow cream",Spread 1 tablespoon chocolate-hazelnut spread on 1 half of each English muffin; arrange banana slices on top. Spread 1 tablespoon marshmallow cream on the other half. Press both halves together to create a sandwich.,10 mins,2.0,2 sandwiches,281.7,4.100719424460432,0.5035971223021583,13.309352517985612,0.3841726618705035,amber,green,amber,amber,2.0,1.0,2.0,2.0,7.0,healthy,5.0,,,10.0,4,Sandwich,American,recipe_images/recipe_2024.jpg,Sandwiches and Tacos
Jeff's Sloppy Joes,https://www.allrecipes.com/recipe/16365/jeffs-sloppy-joes/,main-dish,This is a spicier version of sloppy Joes. Try adding some hot pepper sauce for even more 'kick'! Serve on your favorite style bun.,"2 tablespoons olive oil ; 1 cup chopped onion ; 2 cloves garlic, minced ; ½ cup chopped green bell pepper ; 1 stalk celery, chopped ; ½ teaspoon dried oregano ; 1 pound ground beef ; ½ pound Italian sausage ; 1 (12 fluid ounce) can or bottle chili sauce ; 2 tablespoons red wine vinegar ; 1 tablespoon Worcestershire sauce ; 2 teaspoons brown sugar ;   salt and pepper to taste","Heat the oil in a large skillet over medium heat. Add the onion, garlic, green bell pepper, celery and oregano. Saute for 5 minutes, or until onion is tender. Transfer this mixture to a plate and reserve for later. In the same skillet over medium high heat, combine the ground beef and sausage and saute for 10 minutes, or until well browned. Add reserved onion mixture, chili sauce, vinegar, Worcestershire sauce and brown sugar and mix well. Season with salt and pepper to taste.",20 mins,8.0,8 to 10 servings,235.2,8.897876643073811,2.8889209880109776,1.560017333525928,0.427126968077423,amber,amber,green,amber,2.0,2.0,1.0,2.0,7.0,healthy,4.46,Sandwich Recipes,American,20.0,13,Sandwich,American,recipe_images/recipe_2031.jpg,Sandwiches and Tacos
Good and Easy Sloppy Joes,https://www.allrecipes.com/recipe/235430/good-and-easy-sloppy-joes/,main-dish,I used this recipe a great deal because it was so easy and good. It originally came from my grandma's 1950s recipe collection.,1 pound ground beef ; 1 (12 ounce) bottle chili sauce ; 2 tablespoons mustard ; 2 tablespoons brown sugar ; 1 tablespoon vinegar,"Heat a large skillet over medium-high heat. Cook and stir beef in the hot skillet until browned and crumbly, 7 to 10 minutes; drain and discard grease. Return skillet and beef to stove and reduce heat to medium-low. Stir chili sauce, mustard, brown sugar, and vinegar into the ground beef; simmer until the sauce thickens, 5 to 10 minutes.",20 mins,6.0,6 servings,163.0,6.4404432132963985,2.4930747922437675,3.462603878116343,0.3024584487534625,amber,amber,green,amber,2.0,2.0,1.0,2.0,7.0,healthy,4.59,Sandwich Recipes,,20.0,5,Sandwich,American,recipe_images/recipe_2034.jpg,Sandwiches and Tacos
Potato Dumplings,https://www.allrecipes.com/recipe/25324/potato-dumplings/,main-dish,"Good to use with stews or soups.  When I was growing up we had these with sauerbraten.  I don't know why there's always a crouton in the center, there just is.","2 large potatoes, peeled and chopped ; 1 cup self-rising flour ; 1  egg ; 8  large seasoned croutons","Bring a large pot of salted water to a boil.  Add potatoes and cook until tender, about 15 minutes. Drain and mash. In a medium bowl combine 2 cups mashed potatoes with flour and egg.  Using about 1/4 to 1/2 cup of mixture each, shape into dumplings.  Press a crouton into the center of each and seal dough around it. Drop dumplings into simmering soup or broth, cover and cook 20 minutes.  Do not remove lid while dumplings are cooking.",50 mins,8.0,8 servings,135.7,0.7775377969762419,0.1727861771058315,0.6911447084233262,0.4563714902807775,green,green,green,amber,1.0,1.0,1.0,2.0,5.0,healthy,4.3,Dumpling Recipes,,50.0,4,Dumplings,International,recipe_images/recipe_2039.jpg,Dumplings
Instant Pot Meatloaf,https://www.allrecipes.com/recipe/265169/instant-pot-meatloaf/,main-dish,"Quick, easy, and delicious meatloaf made in the Instant Pot. Made a little sweet with apple.","2 pounds ground beef ; 1 cup dry bread crumbs ; ½ cup diced onion ; ½  apple - peeled, cored, and diced ; 2 teaspoons garlic powder ; ½ teaspoon salt ; ½ teaspoon ground black pepper ; ⅓ cup ketchup ; 2 tablespoons prepared yellow mustard ; 2 tablespoons brown sugar","Combine beef, bread crumbs, onion, apple, garlic powder, salt, and pepper in a large bowl until evenly blended. Shape the beef mixture into a loaf and place on a large piece of aluminum foil. Fold the foil up and around the edges of the meatloaf, creating a makeshift loaf pan. Pour 1/2 cup water into a multi-functional pressure cooker (such as Instant Pot) and place the steam rack inside with the handles up. Place the meatloaf on top of the rack. Close and lock the lid; seal the vent. Select high pressure according to manufacturer's instructions; set timer for 25 minutes. Allow 10 to 15 minutes for pressure to build. Set an oven rack about 6 inches from the heat source and preheat the oven's broiler. Release cooker pressure carefully using the quick-release method according to manufacturer's instructions, about 5 minutes. Unlock and remove the lid. Transfer meatloaf, still on the rack, to a baking sheet. Broil meatloaf in the oven until browned, about 5 minutes. Combine ketchup, mustard, and brown sugar in a small bowl. Brush over meatloaf and broil again until caramelized, 1 to 2 minutes.",1 hr 5 mins,8.0,8 servings,294.9,9.838136818609351,3.773531930425505,5.3233754018502655,0.7855347942667023,amber,amber,amber,amber,2.0,2.0,2.0,2.0,8.0,healthy,4.51,Meatloaf Recipes,U.S. American,65.0,10,Meatloaf,American,recipe_images/recipe_2048.jpg,Meat Dishes
High-Temp Pork Roast,https://www.allrecipes.com/recipe/264142/high-temp-pork-roast/,main-dish,This makes an easy-to-prepare and wonderfully delicious pork roast!,2 pounds pork roast ; ¼ cup Worcestershire sauce ; 2 teaspoons coarse ground black pepper ; 1 teaspoon coarse sea salt ; 1 teaspoon Montreal steak seasoning ; 1 teaspoon onion powder ; ½ teaspoon garlic powder,"Preheat the oven to 500 degrees F (260 degrees C). Rinse roast under cold running water to wet exterior. Pat dry. Use a brush or paper towel to spread Worcestershire sauce evenly over the exterior. Season roast with pepper, salt, steak seasoning, onion powder, and garlic powder on all sides. Place roast fat-side up into a shallow roasting pan and place on the middle rack in the oven. Roast in the preheated oven until cooked to desired doneness, 20 minutes for medium, 24 minutes for medium-well, or 28 minutes for well done. Turn off the oven and leave roast in the oven, without opening the door, for an additional 40 minutes. Remove from the oven and cover loosely with aluminum foil. Let rest for 10 to 15 minutes to allow juices to settle back down into the roast. Slice thinly and serve.",1 hr 25 mins,8.0,8 servings,105.1,3.77614875737529,1.201501877346683,0.8582156266762022,0.946611836223851,amber,green,green,amber,2.0,1.0,1.0,2.0,6.0,healthy,4.64,Pork,American,85.0,7,Pork,American,recipe_images/recipe_2062.jpg,Meat Dishes
Pork Chop and Cheesy Rice Casserole,https://www.allrecipes.com/recipe/241696/pork-chop-and-cheesy-rice-casserole/,main-dish,This is a variation on one of my mother's go-to recipes and gets raves every time I serve it. You can mix and match ingredients depending on what you have on hand. This one will quickly become a favorite in your home; even kids love it! This is a very easy recipe to alter and make your own. The possibilities are endless!,1 (16 ounce) can chicken broth ; 1 ½ cups uncooked rice ; 1 (10 ounce) can cream of chicken soup ; 1 cup water ; 4 ounces shredded Cheddar cheese ; 1 pound boneless pork chops ;   salt and ground black pepper to taste,"Preheat oven to 350 degrees F (175 degrees C). Grease a 3-quart casserole dish. Stir chicken broth, rice, cream of chicken soup, and water together with a whisk in the prepared casserole dish until smooth; add Cheddar cheese, season with salt and pepper, and stir. Lie pork chops into the rice mixture in a single layer; season with more black pepper. Bake in preheated oven until rice in the middle of the dish is tender and pork chops are golden brown, about 80 minutes.",1 hr 30 mins,8.0,8 servings,270.0,5.516827824001199,2.6384828723484,0.3597931189565999,0.9419084026684656,amber,amber,green,amber,2.0,2.0,1.0,2.0,7.0,healthy,4.48,Pork,American,90.0,7,Casserole and Pies,American,recipe_images/recipe_2067.jpg,Casserole and Pies
Pasta with Arugula and Tomatoes,https://www.allrecipes.com/recipe/266888/pasta-with-arugula-and-tomatoes/,main-dish,"This is a super-simple, quick pasta recipe that tastes best with cherry tomatoes or other sun-ripened tomatoes. It is perfect during the summer months when tomatoes are in season.","10 ounces spaghetti ; 4 tablespoons olive oil ; 2 cloves garlic, minced ; 1 pint cherry tomatoes, halved ;   salt and freshly ground black pepper to taste ; 1 (5 ounce) package arugula, torn ; 2 tablespoons shaved Parmesan cheese, or more to taste","Bring a large pot of lightly salted water to a boil. Cook spaghetti in the boiling water, stirring occasionally, until tender yet firm to the bite, about 12 minutes. Drain. Meanwhile, heat olive oil in a skillet over medium-low heat and cook garlic until translucent and fragrant, about 2 minutes. Add cherry tomatoes. Increase heat, cook, and stir until lightly browned, 5 to 7 minutes. Season with salt and pepper. Remove skillet from heat and mix in arugula. Mix in cooked spaghetti and drizzle with olive oil. Serve immediately with Parmesan cheese.",25 mins,3.0,3 servings,555.3,5.8919803600654665,0.9539396773439324,0.9819967266775778,0.091536123451017,amber,green,green,green,2.0,1.0,1.0,1.0,5.0,healthy,5.0,Pasta,American,25.0,7,Pasta and Noodles,Italian,recipe_images/recipe_2069.jpg,Pasta
Air Fryer Burgers,https://www.allrecipes.com/recipe/275251/air-fryer-burgers/,main-dish,"These juicy, scrumptious beef burgers are a great meal and save you time and energy using the versatility of the air fryer! This recipe is easily doubled.","1 (16 ounce) package ground beef ; ½  red onion, diced ; 1 teaspoon minced garlic ; 1 teaspoon salt ; 1 teaspoon ground black pepper ; 1 teaspoon Worcestershire sauce ; 1 teaspoon hot English mustard","Preheat an air fryer to 350 degrees F (175 degrees C). Mix beef, red onion, garlic, salt, pepper, Worcestershire, and English mustard together in a mixing bowl. Form patties by pressing a ball of ground beef with your hand and rounding the sides to your desired size. Cook burgers in the preheated air fryer until firm and no longer pink in the centers, about 10 minutes. An instant-read thermometer inserted into the center should read at least 160 degrees F (70 degrees C).",20 mins,4.0,4 servings,215.1,10.377890580936269,4.060913705583757,0.6016168452716676,1.2744876856551983,amber,amber,green,amber,2.0,2.0,1.0,2.0,7.0,healthy,5.0,Burger Recipes,American,20.0,7,Burger,American,recipe_images/recipe_2074.jpg,Burger
Maple Baked Pork Loin Roast,https://www.allrecipes.com/recipe/133042/maple-baked-pork-loin-roast/,main-dish,"This is a GREAT recipe.  Do not let the ingredients scare you, they combine to make a really great taste.  The pork is so moist and tender that it will fall apart when you go to cut it.  I find it comes out best with the loin that has two sections.  If it is a single loin, it still comes out great, but does not fall apart quite so much. Everyone who tries this loves it so far. It's my husband's favorite and very easy to make. It cooks for 1 hr 45 min - 2 hrs.",1 tablespoon canola oil ; 1 (4 pound) boneless pork loin roast ;   salt and pepper to taste ;   all-purpose flour for dredging ; ¾ cup maple syrup ; ¾ cup ketchup ; ⅓ cup water ; 1 tablespoon minced garlic,"Preheat oven to 350 degrees F (175 degrees C). Heat the oil in a large skillet over medium-high heat until smoking. Meanwhile, season the pork roast with salt and pepper, then dredge in flour, and shake off excess. Sear in hot oil until browned on all sides, about 1 minute per side. Place onto a large sheet of aluminum foil set on top of a baking sheet; set aside. Stir together the maple syrup, ketchup, water, and garlic. Pour 3/4 of this sauce over the pork. Fold the foil over the pork, and seal to form a packet. Bake in preheated oven until the internal temperature reaches 170 degrees F (75 degrees C), about 2 hours. Carefully open up the foil packet, and broil for a few minutes until the sauce glazes the meat. Serve with remaining sauce.",2 hrs 20 mins,8.0,1 loin roast,397.2,5.351729904881363,1.7142259851573114,9.49095850318804,0.355388313996028,amber,amber,amber,amber,2.0,2.0,2.0,2.0,8.0,healthy,4.56,Pork,American,140.0,8,Pork,American,recipe_images/recipe_2090.jpg,Meat Dishes
Stewed Tomato Pork Chops,https://www.allrecipes.com/recipe/270048/stewed-tomato-pork-chops/,main-dish,"These Italian-style pork chops include lots of onion, garlic, tomatoes, and savory herbs. This quick and easy recipe is a great topping for pasta or smashed potatoes.","4  large pork chops ;   salt and ground black pepper to taste ; 1 large onions, halved and sliced ; 8 large garlic, minced ; 2 (14.5 ounce) cans whole tomatoes ; 3 tablespoons capers, with liquid ; 1 tablespoon dried rosemary ; 2 teaspoons red pepper flakes ; ½ tablespoon dried oregano ; ½ tablespoon dried basil","Heat a large heavy skillet over medium-high heat. Season pork chops with salt and black pepper on both sides and add to skillet. Brown pork chops, about 4 minutes per side. Transfer to a plate and cover with aluminum foil. Add onions and garlic to the hot skillet. Cook and stir until softened but still crisp, about 5 minutes. Add tomatoes, capers and liquid, rosemary, red pepper flakes, oregano, and basil. Bring sauce to a simmer and cook about 5 minutes to meld flavors. Pour any accumulated juices from the plate with the pork chops into the sauce in the skillet and stir. Add cooked pork chops and cover with sauce. Simmer until warmed through, about 5 minutes more.",35 mins,4.0,4 pork chops,332.2,1.9670665375158336,0.6556888458386111,1.3312470506420286,0.2936194521024265,green,green,green,green,1.0,1.0,1.0,1.0,4.0,healthy,4.42,Pork,American,35.0,10,Pork,Italian,recipe_images/recipe_2095.jpg,Meat Dishes
Pork Chops and Apples,https://www.allrecipes.com/recipe/276542/pork-chops-and-apples/,main-dish,Sweet and sour-tasting pork with apples.,"5  pork chops ;   salt and ground black pepper to taste ; ¼ cup all-purpose flour ; 1 teaspoon ground cumin ; 1 tablespoon oil, or as needed ; 2  apples - peeled, cored, and thinly sliced ; 1 cup chicken broth ; 4 tablespoons red wine vinegar ; 2 tablespoons honey ; 2 tablespoons ketchup ; 2 tablespoons finely chopped shallot","Season pork chops with salt and pepper. Dredge in flour and cumin and shake off excess. Heat oil in a skillet over medium-high heat. Saute pork chops until browned, about 5 minutes per side. Transfer to a plate. Add apples; cook and stir just until tender, about 2 minutes. Transfer to a plate. Add broth, vinegar, honey, ketchup, and shallot to the skillet and cook for 1 minute. Return pork and apples to the skillet, cover, and cook until pork is only slightly pink in the center, about 10 minutes more.",35 mins,5.0,5 pork chops,326.9,4.889884285181037,1.6424038820455396,5.375139977603584,0.3483575961179544,amber,amber,amber,amber,2.0,2.0,2.0,2.0,8.0,healthy,5.0,,,35.0,11,Pork,American,recipe_images/recipe_2105.jpg,Meat Dishes
Spicy Honey Mustard Pork Roast,https://www.allrecipes.com/recipe/24851/spicy-honey-mustard-pork-roast/,main-dish,This is a honey mustard glaze with black pepper for a little spice. You may decrease or omit the pepper if you don't want it so spicy. You can also decrease honey if it is to sweet for your taste.,"3 pounds pork roast ; ¼ cup honey ; 2 tablespoons Dijon mustard ; 2 tablespoons black pepper ; ½ teaspoon dried thyme, crushed ; ½ teaspoon salt","Preheat oven to 300 degrees F (150 degrees C). Score 1/2 inch slits in your roast and place in baking dish. Combine honey, mustard, pepper, thyme, and salt in small bowl; mix until well blended. Brush mixture over roast, working well into slits. Bake roast in preheated oven for one hour. Remove roast from oven and flip in pan. Brush remaining honey sauce over roast. Return to oven and continue baking for 45 minutes to an hour or until internal temperature reaches 145 degrees F (63 degrees C). Let stand for 15 minutes before slicing.",2 hrs 30 mins,6.0,6 servings,244.3,3.714124929656725,1.181767023072594,4.895891952729318,0.3861845807540798,amber,green,green,amber,2.0,1.0,1.0,2.0,6.0,healthy,4.34,Pork,American,150.0,6,Pork,American,recipe_images/recipe_2124.jpg,Meat Dishes
My Mom's Swiss Steak,https://www.allrecipes.com/recipe/73089/my-moms-swiss-steak/,main-dish,"This is so easy and all done in one pot! It is delicious and everyone including kids will love it! This recipe is tried and true, impossible to fail! It can also be doubled or tripled without problems, but lower the heat on the second and third batch when browning, as not to burn.","2 tablespoons vegetable oil ; 2 (1/2 pound) beef sirloin tip steaks ;   salt and pepper to taste ; 1 cup (1 small) chopped onion ; 1 (16 ounce) can diced tomatoes ; 2 cups sliced fresh mushrooms  (Optional); 1 stalk celery, chopped  (Optional); ½ cup chopped green bell pepper  (Optional); 1 ½ teaspoons dried oregano ; 1  bay leaf ; 1 cup water  (Optional); 2 tablespoons cornstarch  (Optional)","Heat oil in a large Dutch oven over medium-high heat. Place steaks into the pot one at a time, quickly browning on each side. Remove steaks, and set aside. Add the onion to the pot, and cook over medium-low heat until wilted, about 3 minutes. Return the steaks to the pot, and add the tomatoes, mushrooms, celery and green pepper. Season with oregano and add the bay leaf. Cover the pot, and cook over medium-low heat for about 1 1/2 hours, or until meat is fork tender. If you wish to thicken the gravy, remove the meat to a plate. Stir together the cornstarch and water; stir into the pan juices. Let simmer for about 2 minutes to thicken. Return the beef to the pot.",2 hrs 20 mins,4.0,4 servings,307.0,6.388027012228509,1.934659609417777,2.190180689906917,0.2134513597371783,amber,amber,green,green,2.0,2.0,1.0,1.0,6.0,healthy,4.44,Beef,American,140.0,12,Beef,American,recipe_images/recipe_2128.jpg,Meat Dishes
Impossible Stuffed Peppers,https://www.allrecipes.com/recipe/282235/impossible-stuffed-peppers/,main-dish,"These beauties are loaded with goodness such as fresh spinach, black beans, rice, spices, and more. This recipe is easy to make and perfect for busy families.","2 cups water ; 1 cup uncooked white rice ; 3 tablespoons olive oil, divided ; 1 medium yellow onion, chopped, divided ; 1 medium poblano pepper, chopped, divided ; 4 cloves garlic, chopped, divided ; 2 medium tomatoes, cut into chunks, divided ; 1 (15 ounce) can black beans, rinsed ; 1 teaspoon ground cumin ; 1 pinch ground chipotle seasoning ;   salt to taste ; 1 (12 ounce) package Impossible Burger ; 2 teaspoons adobo all-purpose seasoning ; 2 cups fresh spinach ; 6 large bell peppers","Bring water and rice to a boil in a saucepan. Reduce heat to medium-low, cover, and simmer until rice is tender and water has been absorbed, 20 to 25 minutes. Meanwhile, heat 2 tablespoons olive oil in a small pot. Add 1/2 of the onion, poblano, and garlic. Saute for 3 minutes. Add 1 tomato. Mix in black beans. Cover and simmer for 5 minutes. Combine cooked rice with black bean mixture. Season with cumin, chipotle, and a pinch of salt. Set aside. Preheat the oven to 350 degrees F (175 degrees C). Heat remaining 1 tablespoon olive oil in a skillet. Add remaining onion, poblano, and garlic; saute for 3 minutes. Add Impossible Burger; be sure to crumble well. Season with adobo and a pinch of salt. Cook until no longer pink, 5 to 6 minutes. Add spinach, black bean and rice mixture, and 1 tomato to the skillet. Mix well and simmer for 3 minutes. Cut tops off the bell peppers and remove the cores. Using a spoon, stuff each pepper with the filling. Arrange in a baking dish. Bake in the preheated oven until peppers are tender, 15 to 20 minutes.",45 mins,6.0,6 servings,387.7,3.300613187312322,0.36337025915365,1.8168512957682503,0.4096999671957405,amber,green,green,amber,2.0,1.0,1.0,2.0,6.0,healthy,4.64,Stuffed,American,45.0,15,Stuffed Dishes,Mexican,recipe_images/recipe_2138.jpg,Stuffed Dishes
Grilled Lemon Herb Pork Chops,https://www.allrecipes.com/recipe/50848/grilled-lemon-herb-pork-chops/,main-dish,"These are SO SIMPLE, yet so good - they taste just like steak! The chops can also be broiled in the oven.","¼ cup lemon juice ; 2 tablespoons vegetable oil ; 4 cloves garlic, minced ; 1 teaspoon salt ; ¼ teaspoon dried oregano ; ¼ teaspoon pepper ; 6 (4 ounce) boneless pork loin chops","In a large resealable bag, combine lemon juice, oil, garlic, salt, oregano, and pepper. Place chops in bag, seal, and refrigerate 2 hours or overnight. Turn bag frequently to distribute marinade. Preheat an outdoor grill for high heat. Remove chops from bag, and transfer remaining marinade to a saucepan. Bring marinade to a boil, remove from heat, and set aside. Lightly oil the grill grate. Grill pork chops for 5 to 7 minutes per side, basting frequently with boiled marinade, until done.",2 hrs 25 mins,6.0,6 servings,202.5,6.468139609349984,1.6650656420108871,0.1921229586935638,0.6863592699327569,amber,amber,green,amber,2.0,2.0,1.0,2.0,7.0,healthy,4.51,Pork,American,145.0,7,Pork,American,recipe_images/recipe_2147.jpg,Meat Dishes
Sausage Gravy Casserole,https://www.allrecipes.com/recipe/282292/sausage-gravy-casserole/,main-dish,Quick and easy Jimmy Dean sausage casserole that can be made the night before and popped into the oven in the morning.,"1 (16 ounce) package Jimmy Dean Premium Pork Regular Sausage ; 1 teaspoon onion powder ; 1 teaspoon garlic powder ; ½ teaspoon chicken bouillon powder, or more to taste ;   ground black pepper to taste ; 2 tablespoons quick-mixing all-purpose flour, or more to taste ; 3 cups milk ; 1 teaspoon unsalted butter, or as needed ; 1 (10 count) package refrigerated buttermilk biscuits","Add sausage to a large skillet over medium-high heat. Cook and stir with a spatula, breaking apart the sausage until cooked, 5 to 7 minutes. Season with onion powder, garlic powder, chicken bouillon, and pepper. Mix until well combined and fully cooked, 5 to 7 minutes. Stir quick-mixing flour into the sausage. Pour in milk and stir until well combined. Bring gravy to a boil. Reduce heat and stir until the gravy thickens, 5 to 7 minutes. Taste for seasoning and adjust according to taste. Set aside while preparing the biscuits. Preheat the oven to 350 degrees F (175 degrees C). Grease a baking dish with butter and set aside. Cut each individual biscuit into 4 pieces. Arrange 1/2 of the biscuit pieces in the bottom of the baking dish. Completely cover biscuits with gravy. Place remaining biscuit pieces on top. Bake in the preheated oven until the biscuits are fully cooked and golden brown, 13 to 15 minutes. Remove from the oven and let stand for 3 to 5 minutes before serving.",45 mins,9.0,1 9-inch casserole,153.0,4.562645851774362,1.7381508006759476,4.562645851774362,0.6610404763820713,amber,amber,green,amber,2.0,2.0,1.0,2.0,7.0,healthy,4.75,Breakfast And Brunch,American,45.0,9,Casserole and Pies,American,recipe_images/recipe_2156.jpg,Casserole and Pies
Turkey Cabbage Rolls,https://www.allrecipes.com/recipe/88912/turkey-cabbage-rolls/,main-dish,"This is my version of cabbage rolls using ground turkey instead of ground beef. This dish freezes well, so you can have half for dinner and freeze the other half for another time. Mashed potatoes make a good side dish.","1 cup water ; ½ cup uncooked long grain white rice ; 16  large cabbage leaves ; 2 tablespoons olive oil ; 1 pound ground turkey ; ⅓ cup chopped onion ; 1  egg, beaten ; 1 (8 ounce) can tomato sauce ; ½ teaspoon salt ; ½ teaspoon ground black pepper ; 1 (8 ounce) can tomato sauce ; ⅔ (6 ounce) can tomato paste ; 1 cup water ; 3 tablespoons brown sugar ; 2 teaspoons lemon juice ; 1 teaspoon Worcestershire sauce ; 2 cups baby carrots, sliced lengthwise  (Optional)","In a pot, bring 1 cup water and rice to a boil. Reduce heat to low, cover and simmer for 20 minutes. Preheat oven to 350 degrees F (175 degrees C). Butter a 9x13 inch casserole dish. Bring a large pot of water to boil. Reduce heat to low and place cabbage leaves in pot. Simmer 4 to 5 minutes, until tender. Drain leaves and set aside. Heat oil in a skillet over medium heat and cook turkey and onion until turkey is brown and onion is tender. Transfer turkey and onion to a bowl, cool slightly, and mix in cooked rice, egg and 1 can tomato sauce. Season with salt and pepper. In a separate bowl, mix 1 can tomato sauce, tomato paste, water, brown sugar, lemon juice and Worcestershire sauce. Scatter carrot slices evenly over bottom of casserole dish. Spread cabbage leaves on a flat surface and place about 2 tablespoons turkey mixture in the center of each leaf. Fold edges of leaves over filling, then roll into logs. Place cabbage rolls seam side down in dish over carrots. Pour sauce evenly over rolls. Cover and bake 1 hour in the preheated oven. Remove cover during last 10 minutes of cook time. Allow to sit 5 minutes before serving.",1 hr 45 mins,8.0,8 servings,245.0,3.1166829588509373,0.6849852656815247,4.486653490213986,0.5650272210290477,amber,green,green,amber,2.0,1.0,1.0,2.0,6.0,healthy,4.25,Stuffed,,105.0,17,Stuffed Dishes,American,recipe_images/recipe_2157.jpg,Stuffed Dishes
Leftover Meatloaf Casserole,https://www.allrecipes.com/recipe/268829/leftover-meatloaf-casserole/,main-dish,"A quick casserole using leftover ingredients turns meatloaf, pasta, 2 kinds of cheese, and spices into a whole new meal.","1 (16 ounce) package rotini pasta ; 4 slices leftover meatloaf, or to taste ; 1 cup frozen corn ; 1 (15 ounce) can tomato sauce ; 1 dash Italian seasoning ; 1 dash dried basil ; 1 dash dried oregano ; 1 dash onion powder ; 1 dash garlic powder ;   salt ; 1 dash ground black pepper ; 1 tablespoon white sugar ; ¼ cup grated Parmesan cheese ; ⅓ cup Italian bread crumbs ; ½ cup shredded Cheddar cheese","Bring a large pot of lightly salted water to a boil; cook the rotini at a boil until tender yet firm to the bite, about 8 minutes. Preheat the oven to 350 degrees F (175 degrees C). While pasta cooks, mash meatloaf in a 2 1/2-quart casserole dish. Add corn and mix. Combine tomato sauce, Italian seasoning, basil, oregano, onion powder, garlic powder, salt, pepper, and sugar in a bowl. Stir well. Drain pasta and add to the meatloaf mixture in the casserole dish. Mix in tomato sauce mixture. Top with Parmesan cheese, bread crumbs, and Cheddar cheese. Bake in the preheated oven until bubbly, 30 to 45 minutes.",45 mins,8.0,8 servings,387.8,7.5010241082672096,3.204320978288905,5.316259804888411,0.9385383319931422,amber,amber,amber,amber,2.0,2.0,2.0,2.0,8.0,healthy,2.5,Casserole Recipes,American,45.0,15,Casserole and Pies,American,recipe_images/recipe_2164.jpg,Casserole and Pies
Pork Chop and Cabbage Casserole,https://www.allrecipes.com/recipe/21245/pork-chop-and-cabbage-casserole/,main-dish,A complete pork chop dinner in a baking dish. Easy and tasty.,"1 small head cabbage, shredded ; 4  potatoes, peeled and sliced ;   salt to taste ; 1 (10.75 ounce) can  condensed cream of chicken soup ; ½ (10.75 ounce) can  water ; 1 small onion, diced ; 4  pork chops","Preheat oven to 350 degrees F (175 degrees C). Lightly grease a 9x13 baking dish. Place a layer of shredded cabbage into baking dish and then a layer of sliced potatoes. Repeat cabbage and potatoes and salt. Simmer the soup, water and diced onion. Pour over cabbage and potatoes. In a skillet, brown each pork chop in a small amount of oil and place on top of mixture. Bake for 1 1/2 hours uncovered or until chops are tender.",2 hrs,4.0,4 servings,370.0,1.604528443226818,0.560618371729852,1.4692067672920257,0.3020089831844694,green,green,green,amber,1.0,1.0,1.0,2.0,5.0,healthy,4.12,Pork,American,120.0,7,Casserole and Pies,American,recipe_images/recipe_2178.jpg,Casserole and Pies
BLT Pasta Carbonara,https://www.allrecipes.com/recipe/266526/blt-pasta-carbonara/,main-dish,"The addition of summer tomatoes and spinach to this traditional dish brings things to a whole new level. The trick to the recipe is preparation, have all the ingredients ready to go as it comes together as quickly as it takes to boil the pasta.","1 tablespoon olive oil ; ½ pound sliced bacon, cut into 1/2-inch pieces ; 1 cup grated Parmesan cheese ; 3  eggs ; 1  egg yolk ;   salt and freshly ground black pepper to taste ; 13 ½ ounces whole wheat elbow macaroni ; 3 cloves garlic, minced ; 1 pint cherry tomatoes, halved ; 1 bunch fresh spinach, stems removed and leaves torn into bite-sized pieces","Heat oil in a large skillet over medium heat. Add bacon; cook, stirring occasionally until crisp and fat has rendered, 5 to 7 minutes. Remove bacon using a slotted spoon and set aside. Pour bacon fat into a small bowl and set aside, but do not wash the skillet. Bring a large pot of lightly salted water to a boil. Mix Parmesan cheese, eggs, egg yolk, and 1/8 teaspoon black pepper together in a bowl. Cook elbow macaroni in the boiling water, stirring occasionally, until tender yet firm to the bite, about 8 minutes. Drain into a colander set over a large, heatproof bowl. Reserve 1 cup of the cooking water and pour the rest out, keeping the now-heated bowl in place. Return 1 teaspoon reserved  bacon fat to the large skillet over medium heat. Add garlic and cook until fragrant, about 30 seconds. Cook 30 seconds more and add tomatoes. Cook, stirring occasionally, until heated through but not falling apart, about 5 minutes. Stir in spinach. Add cooked bacon, cooked tomato mixture, and cooked pasta to the heated bowl. Whisk 1/2 cup of the reserved cooking water into the egg mixture. Pour this over the pasta mixture in the bowl and toss for 3 minutes. Thin sauce if necessary by adding additional reserved cooking water. Season with salt and pepper. Serve immediately with additional Parmesan cheese.",35 mins,6.0,6 servings,432.4,7.895411432965907,2.819789797487824,0.3076134324532171,0.7708279928223533,amber,amber,green,amber,2.0,2.0,1.0,2.0,7.0,healthy,4.29,Pasta,American,35.0,10,Pasta and Noodles,Italian,recipe_images/recipe_2180.jpg,Pasta
Yaki Mandu,https://www.allrecipes.com/recipe/245124/yaki-mandu/,main-dish,"Yaki Mandu is a Korean dumpling that can be steamed or fried. They look a lot like Chinese pot-stickers. Yaki means fried in Japanese and Mandu means dumpling in Korean. They're great for parties or as an appetizer. There's a lot of prep in making these and they take some time, but as quick as you can fry them they'll be gone!","1 pound ground beef ; 1 ½ cups vegetable oil for frying ; ½ cup finely chopped green onions ; ½ cup finely chopped cabbage ; ½ cup finely chopped carrot ; ½ cup minced garlic ; 4 teaspoons sesame oil, divided ; 1 tablespoon toasted sesame seeds ; ½ teaspoon monosodium glutamate (such as Ac'cent) ;   salt and ground black pepper to taste ; 2  eggs ; 1 (16 ounce) package wonton wrappers ; 3 tablespoons soy sauce ; 2 teaspoons rice wine vinegar ; 1 teaspoon toasted sesame seeds, or more to taste","Heat a large skillet over medium-high heat. Cook and stir beef in the hot skillet until browned and crumbly, 5 to 7 minutes; drain and discard grease. Heat vegetable oil in a separate skillet over medium heat. Mix green onions, cabbage, carrot, garlic, 1 tablespoon sesame oil, 1 tablespoon sesame seeds, monosodium glutamate, salt, and pepper into ground beef mixture; cook and stir until liquid is evaporated and vegetables are tender, 5 to 10 minutes. Transfer beef mixture to a bowl and mix in 1 egg. Crack the second egg into a bowl and beat well. Hold 1 wonton wrapper in the palm of your hand and brush a thin layer of beaten egg on 1 edge. Scoop about 1 teaspoon beef mixture into the center of the wrapper. Fold wrapper in half, corner to corner, to make a triangle and pinch the edges shut, crimping with your fingers to make a seal. Press the air out by cupping your fingers over the dumpling in your palm and pressing lightly. Fry wontons in the hot oil until 1 side is browned, 2 to 3 minutes. Flip and cook until other side is browned, 2 to 3 minutes. Transfer wontons to a paper towel-lined plate to drain using a slotted spoon. Whisk soy sauce, rice wine vinegar, 1 teaspoon sesame oil, and 1 teaspoon sesame seeds together in a bowl until dipping sauce is smooth. Serve alongside wontons.",45 mins,25.0,25 dumplings,124.9,11.682242990654204,3.2226877215597813,0.6042539477924589,1.238217048018047,amber,amber,green,amber,2.0,2.0,1.0,2.0,7.0,healthy,4.33,Dumpling Recipes,Korean,45.0,15,Dumplings,Korean,recipe_images/recipe_2187.jpg,Dumplings
Calabacita con Puerco (Pork with Squash),https://www.allrecipes.com/recipe/213466/calabacita-con-puerco-pork-with-squash/,main-dish,"Calabacita is a classic Tex-Mex dish that is slightly different everywhere you find it. This is my grandmother's version, which I think is the best! Serve with hot corn tortillas.","2 tablespoons olive oil, divided ; 4  boneless pork chops ; 5  calabaza squash, halved and sliced 1/2-inch thick ; 1 cup whole kernel corn, drained ; ½ cup chopped onion ; ½ cup chopped tomatoes ; 2 teaspoons minced garlic ; 1 (6 ounce) can tomato sauce ; ½ teaspoon ground cumin ; ¼ teaspoon salt ; ¼ teaspoon ground black pepper ; ¼ teaspoon garlic powder ; 2 cups chicken stock, or more as needed","Heat 1 tablespoon olive oil in a saucepan over medium-high heat. Cook pork chops until no longer pink in the center, about 4 minutes per side. Cool until easily handled, about 5 minutes. Cut the pork into bite-sized cubes. Heat remaining 1 tablespoon olive oil in the saucepan. Add cubed pork, calabaza squash, corn, onion, tomatoes, and garlic and cook until onion is transparent, about 5 minutes. Stir in tomato sauce, cumin, salt, pepper, and garlic powder. Pour in chicken stock and simmer, covered, until flavors are combined, about 2 hours. Stir occasionally and check periodically to see if more chicken stock is needed.",2 hrs 28 mins,8.0,8 servings,347.8,3.88901090855846,0.9839666154184056,7.731166264001757,0.5593381653122483,amber,green,amber,amber,2.0,1.0,2.0,2.0,7.0,healthy,4.8,Pork,Tex Mex,148.0,13,Pork,Mexican,recipe_images/recipe_2195.jpg,Meat Dishes
Healthier Golden Pork Chops,https://www.allrecipes.com/recipe/222112/healthier-golden-pork-chops/,main-dish,"Seasoned pork chops are smothered in a mushroom sauce, baked with lots of fresh mushroom slices and chopped onion. This healthier recipe uses natural mushroom soup, thickened with cornstarch, instead of regular condensed mushroom soup.","6  pork chops ; ¼ teaspoon seasoned salt ; ¼ teaspoon freshly ground black pepper ; 1  onion, chopped ; 2 cups fresh sliced mushrooms ; 1 (10.75 ounce) can  natural cream of mushroom soup ; 1 tablespoon cornstarch","Preheat oven to 375 degrees F (190 degrees C). Rinse pork chops, pat dry, and season with seasoned salt and pepper. Place them in a 9x13-inch baking dish. Combine onion, mushrooms, and soup in a separate small bowl. Mix together and spoon over chops. Cover and bake in preheated oven for 45 minutes. Uncover and bake for 15 more minutes. (Note:  Time could be less or more depending on thickness of chops.)  Pork chops are done with their internal temperature has reached 160 degrees F (70 degrees C). Pour sauce into a medium pot and bring to a simmer. Whisk together cornstarch and 1/2 cup of sauce in a small bowl. Whisk into pot and simmer until thickened, about 2 minutes longer. Serve with pork chops.",1 hr 25 mins,6.0,6 servings,221.6,3.604495379180285,1.2288052429023697,0.8192034952682465,0.2940940548013004,amber,green,green,green,2.0,1.0,1.0,1.0,5.0,healthy,4.55,,,85.0,7,Pork,American,recipe_images/recipe_2201.jpg,Meat Dishes
Air Fryer Lumpia,https://www.allrecipes.com/recipe/270709/air-fryer-lumpia/,main-dish,A Filipino favorite made healthier with an air fryer. Don't forget the dipping sauce!,"1 tablespoon sesame oil ; 1 pound ground pork ; ⅓ cup chopped water chestnuts ; 3  green onions, chopped ; 4 tablespoons reduced-sodium soy sauce ; 2 tablespoons rice vinegar ; 3 cups shredded cabbage ; 2 large carrots, grated ; 18  lumpia wrappers ;   olive oil cooking spray","Heat oil in a large skillet over medium-high heat. Add pork and cook until browned, about 5 minutes, breaking it into small pieces. Add water chestnuts, green onion, soy sauce, and vinegar; cook for 5 additional minutes. Increase heat to high and add cabbage. Cook until cabbage is soft and liquid has evaporated, about 2 minutes. Turn off heat and stir in grated carrots. Let mixture cool for 3 minutes. Preheat air fryer to 400 degrees F (200 degrees C). Meanwhile, place a lumpia wrapper on a clean surface in a diamond shape, with one corner at the bottom. Place 2 tablespoons of filling in the wrapper. Fold up bottom half and then tightly fold in sides. Gently roll and seal with a couple drops of water. Repeat with remaining wrappers and filling. Lightly mist each roll with olive oil. Arrange as many lumpia in your air fryer basket as possible without them touching. Cook in the preheated air fryer for 5 minutes. Flip and cook 3 additional minutes. Transfer to a paper towel-lined plate. Repeat with remaining lumpia.",45 mins,18.0,18 lumpia,91.9,4.344095248310629,1.4480317494368766,0.868819049662126,0.4457524402016517,amber,green,green,amber,2.0,1.0,1.0,2.0,6.0,healthy,0.0,Dumpling Recipes,Filipino,45.0,10,Dumplings,Asian,recipe_images/recipe_2207.jpg,Dumplings
Turkey Soft Tacos,https://www.allrecipes.com/recipe/246756/turkey-soft-tacos/,main-dish,Kids love them and so will you if you have high cholesterol like me.,"¼ cup chopped onions ; ½  jalapeno pepper, seeded and chopped ; 4 cloves garlic, minced ; 2 pounds ground turkey ; 3 tablespoons taco seasoning ; ¼ cup green bell pepper, chopped ; 12 (6 inch) flour tortillas","Place onions, jalapeno, and garlic in a grill pan over medium heat; cook and stir until fragrant, about 3 minutes. Stir in ground turkey,  , and green bell pepper. Cook and stir until turkey is completely cooked through, 20 to 30 minutes. Divide turkey mixture among the tortillas.",38 mins,12.0,12 tacos,222.2,5.522040461292404,1.4141810937456156,0.8081034821403519,0.6912651870142259,amber,green,green,amber,2.0,1.0,1.0,2.0,6.0,healthy,4.4,Taco Recipes,,38.0,7,Taco,Mexican,recipe_images/recipe_2220.jpg,Sandwiches and Tacos
Easy Vegan Pasta with Kale and Chickpeas,https://www.allrecipes.com/recipe/260579/easy-vegan-pasta-with-kale-and-chickpeas/,main-dish,"These is one of my go-to recipes for a quick, healthy midweek meal though it is good enough for guests, too. We eat a lot of garlic in our family, but you can of course reduce the amount.","1 (16 ounce) package spaghetti ; ¼ cup olive oil ; 5 cloves garlic, minced ; 1 bunch kale, chopped ; 2 tablespoons nutritional yeast ; 1 (15 ounce) can chickpeas ;   salt and freshly ground black pepper","Bring a large pot of lightly salted water to a boil. Cook spaghetti in the boiling water, stirring occasionally, until tender yet firm to the bite, about 12 minutes. Drain, reserving about 1 cup of cooking water. Heat olive oil in a large skillet over medium heat and cook garlic until fragrant, about 1 minute. Add kale and cook, stirring constantly, until wilted, about 3 minutes. Stir cooked spaghetti into the skillet. Add nutritional yeast. Add enough of the reserved cooking water to create a thick sauce. Stir well. Add chickpeas and heat until warmed, 2 to 4 minutes. Season with salt and pepper.",22 mins,4.0,4 servings,692.2,5.590496156533893,0.7892465162165496,0.9865581452706872,0.2508324084350722,amber,green,green,green,2.0,1.0,1.0,1.0,5.0,healthy,4.75,,,22.0,7,Pasta and Noodles,Italian,recipe_images/recipe_2224.jpg,Pasta
Orzo and Chicken Stuffed Peppers,https://www.allrecipes.com/recipe/223203/orzo-and-chicken-stuffed-peppers/,main-dish,"This dish looks beautiful and tastes like you cooked all day. Any combination of green, yellow, and red peppers works well; I use all three for color. You can also use low-sodium chicken broth and Smart Balance spread.","cooking spray ; 1  green bell pepper - halved, seeded, and stem removed ; 1  red bell pepper - halved, seeded, and stem removed ; 1  yellow bell pepper - halved, seeded, and stem removed ; 1 tablespoon butter ; 2 tablespoons olive oil ; 3  green onions, sliced ; 4 cloves garlic, minced ; 2  skinless, boneless chicken breast halves, cut into 1/2-inch cubes ; 1 teaspoon ground black pepper ; 1 teaspoon ground cumin ; 1 cup orzo ; 1 (16 ounce) can chicken broth ; 3 tablespoons Parmesan cheese ; 1 teaspoon olive oil ; 1 teaspoon butter ; 2  portobello mushrooms, thinly sliced ; 1  green onion, thinly sliced ;   salt and ground black pepper to taste","Preheat the oven to 375 degrees F (190 degrees C). Spray inside of green, red, and yellow bell pepper halves with cooking spray; place on a baking sheet. Bake peppers in the preheated oven until slightly tender, about 10 minutes. Heat 1 tablespoon butter and 2 tablespoons oil in a skillet over medium heat; cook and stir 3 green onions and garlic until fragrant, 2 to 3 minutes. Add chicken, black pepper, and cumin; cook until chicken is no longer pink in the center and juices run clear, 4 to 5 minutes. Add orzo and chicken broth; simmer until orzo is cooked through but firm to the bite and broth is absorbed, about 11 minutes. Spoon chicken-orzo mixture into the bell peppers; sprinkle with Parmesan cheese. Bake in the preheated oven until cheese is melted, about 7 minutes. Heat 1 teaspoon oil and 1 teaspoon butter in skillet; Cook and stir portobello mushrooms and remaining green onion until tender, about 5 minutes. Season with salt and black pepper. Spoon about 2 tablespoons mushroom mixture onto each stuffed bell pepper.",55 mins,6.0,6 servings,293.7,7.040927200289751,2.1513944223107573,2.346975733429917,0.7759688518652662,amber,amber,green,amber,2.0,2.0,1.0,2.0,7.0,healthy,4.36,Stuffed,American,55.0,19,Stuffed Dishes,American,recipe_images/recipe_2233.jpg,Stuffed Dishes
Instant Pot Carne Adovado,https://www.allrecipes.com/recipe/259740/instant-pot-carne-adovado/,main-dish,Chunks of pork shoulder smothered in an easy-to-make New Mexico red chile sauce and pressure cooked to succulent tenderness. Perfect for taco or burrito fillings.,"8  dried New Mexico chiles, stemmed and broken into small pieces ; 2 cups low-sodium chicken broth ; 1 tablespoon canola oil ; 4 pounds pork shoulder, trimmed and cut into 1-inch cubes ; 2 tablespoons all-purpose flour ; 6 cloves garlic ; 2  chipotle peppers in adobo sauce  (Optional); 1 cup diced onion ; 1 tablespoon cider vinegar ; 1 teaspoon kosher salt  (Optional); ½ teaspoon dried oregano ; ¼ teaspoon ground cumin","Place New Mexico chiles in a heat-proof bowl. Bring chicken broth to a boil in a small saucepan. Pour over the chiles; left soften, about 30 minutes. Turn on a multi-cooker (such as Instant Pot) and the select Saute function. Coat pork with flour and add to pot in batches; saute until golden brown, about 15 minutes. Transfer soaked chiles to a blender. Add broth, garlic, and chipotle peppers; blend until smooth. Combine blended chile sauce, onion, vinegar, salt, oregano, and cumin in a bowl; pour sauce over the pork. Close and lock the lid. Select high pressure according to manufacturer's instructions; set timer for 20 minutes. Allow 10 to 15 minutes for pressure to build. Release pressure carefully using the quick-release method according to manufacturer's instructions, about 5 minutes. Unlock and remove lid.",1 hr 25 mins,10.0,10 servings,217.3,3.90352269120914,1.2694382735639478,0.2856236115518883,0.2286575690257061,amber,green,green,green,2.0,1.0,1.0,1.0,5.0,healthy,4.41,Pork,U.S. Mexican,85.0,12,Pork,Mexican,recipe_images/recipe_2234.jpg,Meat Dishes
Chicken and Asparagus with Penne Pasta,https://www.allrecipes.com/recipe/220418/chicken-and-asparagus-with-penne-pasta/,main-dish,Easy dinner that tastes amazing.,"1 pound chicken breast tenderloins ; 1 pinch garlic salt, or to taste ; 1 pinch seasoned salt, or to taste ; 1 pound uncooked penne pasta ; 2 tablespoons butter ; ¼ cup grated Parmesan cheese ; 2 tablespoons olive oil ; 1 pound fresh asparagus, trimmed and cut crosswise into thirds ; 1 pinch garlic salt, or to taste","Preheat oven to 375 degrees F (190 degrees C). Cover a baking sheet with aluminum foil. Spread the chicken breast tenderloins on the baking sheet and sprinkle with garlic salt and seasoned salt. Bake chicken in the preheated oven until no longer pink in the center and the juices run clear, about 15 minutes. Set aside; when cool enough to handle, cut tenderloins into bite-size pieces. Fill a large pot with lightly salted water, bring to a boil, and stir in penne. Cook pasta at a boil, stirring occasionally, until penne are cooked through but still slightly firm, about 11 minutes; drain. Transfer penne back to cooking pot and stir in butter and Parmesan cheese until pasta is coated. Heat olive oil in a skillet over medium heat; place asparagus into the hot oil and sprinkle with garlic salt. Cook and stir until asparagus are tender, about 7 minutes. Transfer penne pasta into a large serving bowl and top with asparagus and chicken tenderloin pieces. Lightly mix asparagus and chicken into the pasta to serve.",50 mins,6.0,6 servings,458.3,5.411830513214936,1.929800027968116,1.6361348063207943,0.2824430149629421,amber,amber,green,green,2.0,2.0,1.0,1.0,6.0,healthy,4.09,Pasta,,50.0,9,Pasta and Noodles,Italian,recipe_images/recipe_2235.jpg,Pasta
Bourbon Bacon Pulled Pork,https://www.allrecipes.com/recipe/261772/bourbon-bacon-pulled-pork/,main-dish,"Easy, simple slow cooker bourbon bacon pulled pork. Serve with or without buns. If using buns, they taste best toasted. Top the cooked pulled pork with BBQ sauce.","1 teaspoon garlic powder ; 1 teaspoon onion powder ; 1 teaspoon salt ; 1 teaspoon ground black pepper ; 2 pounds pork loin ; 1 cup packed brown sugar ; ½ cup bourbon ; ⅓ cup apple cider vinegar ; 8 slices cooked bacon, crumbled","Combine garlic powder, onion powder, salt, and pepper in a small bowl. Massage over all sides of pork loin for 1 minute. Place pork in a slow cooker. Mix brown sugar, bourbon, and apple cider vinegar together in a bowl and pour over pork loin. Close slow cooker. Cook on Low until pork is tender, 8 to 10 hours. Remove pork from slow cooker and shred with 2 forks. Mix with bacon.",18 mins,8.0,8 servings,377.5,9.30934839767787,3.3113789602478323,16.806810194465413,0.9624866581626011,amber,amber,amber,amber,2.0,2.0,2.0,2.0,8.0,healthy,4.42,Pork,,18.0,9,Pork,American,recipe_images/recipe_2238.jpg,Meat Dishes
Creamy Asparagus Pasta,https://www.allrecipes.com/recipe/25323/creamy-asparagus-pasta/,main-dish,A wonderfully satisfying meal that cooks in minutes.  Delicious!,"1 pound fresh asparagus, trimmed and cut into 2 inch pieces ; 2 tablespoons butter ; 1 clove garlic, minced ; 1 pint light cream ; 1 pound linguine pasta ; 1  lemon, juiced","Bring a pot of water to a boil.  Boil asparagus for 3 to 4 minutes; drain. In a large saucepan melt butter over medium heat.  Saute garlic and asparagus for 3 to 4 minutes.  Stir in the cream and simmer for 10 minutes. Meanwhile, bring a large pot of water to a boil.  Add linguine and cook for 8 to 10 minutes or until al dente; drain and transfer to a serving dish. Stir lemon juice into asparagus mixture; pour mixture over  pasta.",30 mins,8.0,8 servings,246.8,2.4264326277749095,1.2390294269488902,0.3613835828600929,0.0398812596799173,green,green,green,green,1.0,1.0,1.0,1.0,4.0,healthy,4.12,Pasta,American,30.0,6,Pasta and Noodles,Italian,recipe_images/recipe_2247.jpg,Pasta
Pasta with Fresh Tomato Sauce,https://www.allrecipes.com/recipe/74108/pasta-with-fresh-tomato-sauce/,main-dish,This pasta dish is wonderful served with a green salad. The best thing about it is that you can put this meal together in just a few minutes.,"1 (16 ounce) package dry penne pasta ; 8  roma (plum) tomatoes, diced ; ½ cup Italian dressing ; ¼ cup finely chopped fresh basil ; ¼ cup diced red onion ; ¼ cup grated Parmesan cheese","Bring a large pot of lightly salted water to a boil. Place the penne pasta in the pot, cook 10 minutes, until al dente, and drain. In a large bowl, toss the cooked pasta with the tomatoes, Italian dressing, basil, red onion, and Parmesan cheese.",25 mins,8.0,8 servings,256.8,1.6496491169720957,0.4257159011540892,1.756078092260618,0.3297967871753085,green,green,green,amber,1.0,1.0,1.0,2.0,5.0,healthy,4.44,Pasta,Canadian American,25.0,6,Pasta and Noodles,Italian,recipe_images/recipe_2248.jpg,Pasta
"Penne, Peppers, and Chicken-Apple Sausage Saute",https://www.allrecipes.com/recipe/233535/penne-peppers-and-chicken-apple-sausage-saute/,main-dish,"This recipe originated with my son, who makes it with very spicy chicken sausages. I loved it so much that I adapted it to suit our taste. Because my husband prefers less spicy food, I use milder chicken-apple sausage. This is one of our favorite dinners.","2 tablespoons olive oil ; 2  sweet red peppers, chopped ; 1 large onion, chopped ; 4 cloves cloves garlic, minced or pressed through a garlic press ; 5 links precooked chicken and apple sausage, sliced into 1/4-thick rounds ; 3 (16 ounce) packages penne pasta ;   garlic and herb seasoning blend (such as Mrs. Dash) to taste ;   sea salt to taste ;   ground black pepper to taste","Fill a large pot with lightly salted water and bring to a boil. Stir in penne and return to a boil. Cook pasta uncovered, stirring occasionally, until cooked through but still firm to the bite, about 11 minutes; drain. Heat oil in a large skillet over medium heat. Cook and stir peppers until slightly tender, about 7 minutes. Stir in onions and cook until onions soften and turn golden, 7 minutes. Add garlic and cook 5 minutes, stirring occasionally. Stir sausage slices into onions and peppers, reduce heat to medium-low, cover, and simmer for 10 minutes. Stir drained penne into sausage and onions and reduce heat to low. Season with garlic and herb seasoning, sea salt, and pepper to taste.",1 hr,24.0,24 servings,268.8,4.748948800395746,1.0883007667573583,1.484046500123671,0.1951521147662627,amber,green,green,green,2.0,1.0,1.0,1.0,5.0,healthy,3.91,Pasta,American,60.0,9,Pasta and Noodles,Italian,recipe_images/recipe_2255.jpg,Pasta
Pasta Hot! Hot! Hot!,https://www.allrecipes.com/recipe/23715/pasta-hot-hot-hot/,main-dish,Pasta with olive oil sauteed with garlic cloves and crushed red pepper topped with Parmesan.,"1 (16 ounce) package spaghetti ; ¼ cup olive oil ; 3 cloves garlic, chopped ; ½ teaspoon crushed red pepper ; ¼ cup grated Parmesan cheese","Bring a large pot of lightly salted water to a boil. Add pasta and cook for 8 to 10 minutes or until al dente; drain. In a small saucepan over low heat place olive oil, garlic and peppers and simmer.  Pour olive oil mixture over cooked pasta and serve with Parmesan cheese.",30 mins,4.0,4 servings,561.0,10.686290193569029,1.983682610782275,1.983682610782275,0.1342185250359942,amber,amber,green,green,2.0,2.0,1.0,1.0,6.0,healthy,4.41,,,30.0,5,Pasta and Noodles,Italian,recipe_images/recipe_2257.jpg,Pasta
Tomato Pork Chops I,https://www.allrecipes.com/recipe/16178/tomato-pork-chops-i/,main-dish,These are sauteed pork chops smothered in a tomato sauce with fresh onion and bell pepper. It's a fairly quick and simple recipe. Try serving with rice.,"4  pork chops ; 1  onion, chopped ; 1  bell pepper - chopped, your color choice ; 1 (15 ounce) can tomato sauce ;   garlic powder to taste ;   salt and pepper to taste","Heat enough oil to just cover the bottom of a large skillet over medium high heat. Dredge the pork chops in flour, add to pan and brown well on both sides. Remove chops and set aside. Add the onion and bell pepper and cook and stir for 5 minutes, or until almost tender. Return pork chops to skillet and pour in the tomato sauce. Allow the sauce to start bubbling and then reduce heat to low. Simmer for 30 minutes and season with garlic powder, salt and pepper to taste.",1 hr,4.0,4 servings,142.6,2.284208214364156,0.8082582912365472,2.143641555018669,0.5034922029431145,green,green,green,amber,1.0,1.0,1.0,2.0,5.0,healthy,4.12,Pork,American,60.0,6,Pork,American,recipe_images/recipe_2262.jpg,Meat Dishes
Beer Burgers,https://www.allrecipes.com/recipe/214820/beer-burgers/,main-dish,Our favorite backyard BBQ burger - very juicy and flavorful.,"1 pound ground beef ; 1 small onion, finely chopped ; 3 cloves garlic, minced ; 1 tablespoon Worcestershire sauce ; 1 teaspoon salt ; ¼ teaspoon ground black pepper ; ¼ cup beer","Preheat an outdoor grill for medium-high heat and lightly oil the grate. Mix the ground beef, onion, garlic, Worcestershire sauce, salt, and pepper in a bowl. Mix in the beer until absorbed by the meat mixture. Form into patties. Cook on the preheated grill until the burgers are cooked to your desired degree of doneness, about 5 minutes per side for well done. An instant-read thermometer inserted into the center should read 160 degrees F (70 degrees C).",25 mins,4.0,4 servings,225.9,7.32938776874979,2.8889557628648808,0.641990169525529,0.9229946166449324,amber,amber,green,amber,2.0,2.0,1.0,2.0,7.0,healthy,4.06,Burger Recipes,,25.0,7,Burger,American,recipe_images/recipe_2263.jpg,Burger
Pork Chops with Stewed Tomatoes,https://www.allrecipes.com/recipe/17816/pork-chops-with-stewed-tomatoes/,main-dish,"Very easy, tender pork chops baked with onions, mushrooms and stewed tomatoes. This is a GREAT hit with my family and the chops will melt in the mouth!!","1  onion ; 4  thick cut boneless pork chops ;   salt and pepper to taste ; 10 ounces fresh mushrooms, sliced ; 1 (14 ounce) can stewed tomatoes, with juice","Preheat oven to 350 degrees F (175 degrees C). Cut the onion into thick slices and arrange them on the bottom of a casserole dish. Lay the pork chops over the onions. Season the chops with salt and pepper to taste. Cover the chops with the mushrooms and pour the stewed tomatoes over all. Bake, covered, at 350 degrees F (175 degrees C) for 1 hour. Remove cover and bake for 30 more minutes.",1 hr 45 mins,4.0,4 servings,173.1,1.2082853855005753,0.3452243958573072,1.668584579976985,0.1989355581127733,green,green,green,green,1.0,1.0,1.0,1.0,4.0,healthy,3.64,Pork,American,105.0,5,Pork,American,recipe_images/recipe_2268.jpg,Meat Dishes
Alfredo Light,https://www.allrecipes.com/recipe/11915/alfredo-light/,main-dish,A lighter version of a creamy classic! I sometimes substitute peas for the broccoli.,"1  onion, chopped ; 1 clove garlic, minced ; 2 teaspoons vegetable oil ; 2 cups skim milk ; 1 cup chicken broth ; 3 tablespoons all-purpose flour ; ½ teaspoon salt ; ¼ teaspoon ground black pepper ; ½ cup grated Parmesan cheese ; 16 ounces dry fettuccine pasta ; 1 (16 ounce) package frozen broccoli florets","In a medium saucepan, heat oil  over medium heat.  Add onion and garlic, and saute until golden brown. In a small saucepan, stir together milk, chicken broth, flour, salt and pepper over low heat until smooth and thick.  Stir into onion mixture.  Continue to cook over medium low heat, stirring frequently, until the sauce is thick.  Stir in Parmesan cheese. Meanwhile, cook pasta in boiling water.  Add broccoli to the pasta for the last several minutes of cooking.  Continue cooking until the pasta is al dente. Drain the pasta and vegetables, and transfer to a large bowl.  Toss with sauce.  Serve.",40 mins,8.0,8 servings,291.7,1.992094381544784,0.6802273497957799,3.06102307408101,0.4372890105830014,green,green,green,amber,1.0,1.0,1.0,2.0,5.0,healthy,4.01,Pasta,American Italian,40.0,11,Pasta and Noodles,Italian,recipe_images/recipe_2271.jpg,Pasta
Garbanzo Bean Burgers,https://www.allrecipes.com/recipe/181040/garbanzo-bean-burgers/,main-dish,"These tasty garbanzo bean burgers are quick, healthy, and cheap. Served with either a nice green salad, or a bun with salsa or mayo, they make a nice main meal or party snack. Plus my little one will eat them so that's always good! They're oven baked too, not fried in fat (even though you could!).","1 (15 ounce) can garbanzo beans, rinsed and drained ; 1  red bell pepper, finely chopped ; 1  carrot, grated ; 3 cloves garlic, minced ; 1  red chile pepper, seeded and minced ; 2 tablespoons chopped fresh cilantro ; 1 tablespoon tahini paste ;   salt and black pepper to taste ; 1 teaspoon olive oil  (Optional)","Place garbanzo beans in the bowl of a food processor with bell pepper, carrot, garlic, red chile pepper, cilantro, tahini, salt, and pepper. Place the lid on the food processor, and pulse 5 times, then scrape the sides, and pulse the mixture until it is evenly mixed. If the mixture looks dry, add olive oil. Refrigerate garbanzo bean burger mixture for 30 minutes. Preheat an oven to 350 degrees F (175 degrees C). Prepare a baking sheet with parchment paper or lightly grease with cooking spray. Shape the chilled garbanzo bean burger mixture into patties. Bake 20 minutes, then carefully flip burgers and bake 10 more minutes, or until evenly browned.",1 hr 30 mins,4.0,4 servings,139.8,2.4445252819206984,0.2910149145143688,1.5132775554747182,0.3308839578028374,green,green,green,amber,1.0,1.0,1.0,2.0,5.0,healthy,4.12,,,90.0,9,Burger,Mediterranean,recipe_images/recipe_2274.jpg,Burger
All-Star Veggie Burger,https://www.allrecipes.com/recipe/81532/all-star-veggie-burger/,main-dish,"Use soy. No, use beans. No, use oats. No, use rice. Hey, why not use them all? This veggie burger is an alternative to eating its beefy cousin (and can be used together). It's high in fiber and as a stand alone patty, actually tastes pretty good. Once you layer the ketchup, the mustard, pickles, etc. you won't be able to tell the difference.","1 (15.5 ounce) can garbanzo beans, drained and mashed ; 8  fresh basil leaves, chopped ; ¼ cup oat bran ; ¼ cup quick cooking oats ; 1 cup cooked brown rice ; 1 (14 ounce) package firm tofu ; 5 tablespoons Korean barbeque sauce  ; ½ teaspoon salt ; ½ teaspoon ground black pepper ; ¾ teaspoon garlic powder ; ¾ teaspoon dried sage ; 2 teaspoons vegetable oil","In a large bowl, stir together the mashed garbanzo beans and basil. Mix in the oat bran, quick oats, and rice; the mixture should seem a little dry. In a separate bowl, mash the tofu with your hands, trying to squeeze out as much of the water as possible. Drain of the water, and repeat the process until there is hardly any water worth pouring off. It is not necessary to remove all of the water. Pour the barbeque sauce over the tofu, and stir to coat. Stir the tofu into the garbanzo beans and oats. Season with salt, pepper, garlic powder, and sage; mix until well blended. Heat the oil in a large skillet over medium-high heat. Form patties out of the bean mixture, and fry them in hot oil for about 5 minutes per side. Serve as you would burgers.",30 mins,8.0,8 servings,161.5,3.657024291005763,0.5446631922774541,0.2334270824046231,0.6611822109110951,amber,green,green,amber,2.0,1.0,1.0,2.0,6.0,healthy,4.1,,,30.0,12,Burger,American,recipe_images/recipe_2279.jpg,Burger
Balsamic Pork Chops with Caramelized Onions,https://www.allrecipes.com/recipe/276496/balsamic-pork-chops-with-caramelized-onions/,main-dish,"Easy and delicious recipe for balsamic pork chops. The sesame oil adds a different flavor, but can be swapped for olive oil. I've made it many times with and without the onions.","½  sweet onion, thinly sliced ; 1 tablespoon olive oil ; 2 (5 ounce) center-cut pork chops  ;   salt and ground black pepper to taste ; ¼ teaspoon chili powder, or to taste  (Optional); 1 tablespoon sesame oil ; 2 small cloves garlic, finely chopped ; ½ cup balsamic vinegar","Toss onion slices and olive oil in a saucepan over medium heat until onions are evenly coated with oil. Cook and stir until onion has softened and turned translucent, about 5 minutes. Reduce heat to low and continue cooking and stirring until onion is very tender and dark brown, about 25 to 35 more minutes. While the onions are cooking, rub both sides of the pork chops with salt, pepper, and chili powder. Heat sesame oil in a large skillet over high heat. Add pork chops to the hot skillet and cook for 2 to 3 minutes per side. Reduce heat to medium and season chops with more salt, pepper, and chili powder, if desired. Add garlic to the pan and pour in 1/2 of the balsamic vinegar to cover the bottom of the pan. Cook for 5 minutes, flip the chops, and add the remaining balsamic vinegar. Cook for 4 to 5 minutes, flip, and cook another 4 to 5 minutes. Place caramelized onions in the pan with the pork chops. Cook, flipping chops at least 1 more time, until no longer pink in the center, 3 to 5 minutes longer. An instant-read thermometer inserted into the center should read 145 degrees F (63 degrees C).",45 mins,2.0,2 pork chops,314.5,10.120333230484418,2.172169083616168,5.183585313174946,0.1611848195001542,amber,amber,amber,green,2.0,2.0,2.0,1.0,7.0,healthy,4.33,,,45.0,8,Pork,American,recipe_images/recipe_2286.jpg,Meat Dishes
Tangy Pork Chops,https://www.allrecipes.com/recipe/230085/tangy-pork-chops/,main-dish,This is a recipe that I use when I am tired of BBQ sauce and want to add flavor to my chops.,¼ cup ketchup ; ¼ cup apple juice ; 2 tablespoons extra-virgin olive oil ; 2 tablespoons red wine vinegar ; 1 tablespoon Worcestershire sauce ; 1 teaspoon garlic powder ; 1 teaspoon chili powder ; 1 teaspoon hot sauce (such as Frank's Red Hot ) ; ½ teaspoon kosher salt ; 6  pork chops,"Mix ketchup, apple juice, olive oil, vinegar, Worcestershire sauce, garlic powder, chili powder, hot sauce, and kosher salt together in a bowl; pour marinade into a resealable plastic bag. Add pork chops to the marinade and seal bag. Marinate for at least 30 minutes. Preheat an outdoor grill for medium-high heat and lightly oil the grate. Remove pork chops from marinade and place on the hot grill; discard used marinade. Cook until pork chops are no longer pink in the center, 5 to 10 minutes per side. An instant-read thermometer inserted into the center should read at least 145 degrees F (65 degrees C).",50 mins,6.0,6 pork chops,225.2,6.671139653024058,1.84031438704112,2.1853733346113295,0.5155755774944888,amber,amber,green,amber,2.0,2.0,1.0,2.0,7.0,healthy,4.39,Pork,,50.0,10,Pork,American,recipe_images/recipe_2293.jpg,Meat Dishes
Stuffed Zucchini with Chicken Sausage,https://www.allrecipes.com/recipe/215679/stuffed-zucchini-with-chicken-sausage/,main-dish,"For a light dinner, try this simple and yummy recipe!","2  zucchini, ends trimmed  ; 3 tablespoons olive oil ; 2 links Italian-style chicken sausage, casings removed ; 2 teaspoons crushed red pepper flakes  (Optional);   salt and ground black pepper to taste ; ½  sweet onion (such as Vidalia), chopped ; 3 cloves garlic, chopped ; 1 (14.5 ounce) can whole peeled tomatoes, drained and chopped ; ½ cup dry bread crumbs ; ¼ cup grated Parmesan cheese ; 1 tablespoon chopped fresh basil","Preheat oven to 375 degrees F (190 degrees C). Cut a lengthwise 3/4-inch thick slice from each zucchini. Retain the lengthwise slices. With a spoon, scoop out the flesh, leaving a shell intact all around the zucchini. Discard or save the flesh for another use. Chop up the retained lengthwise slices of zucchini. Heat the olive oil in a skillet over medium heat, and cook the chicken sausage, breaking the meat up as it cooks, until the sausage has begun to brown, about 8 minutes. Sprinkle in the crushed red pepper flakes, and season with salt and black pepper. Stir in the chopped zucchini, onion, and garlic, and cook until the onion is translucent, about 5 minutes. Scrape the sausage mixture into a bowl, and stir in the tomatoes, bread crumbs, Parmesan cheese, and basil until the stuffing is thoroughly combined. Lightly stuff the zucchini boats with the stuffing, place the zucchini into a baking dish, and bake until thoroughly heated through and beginning to brown on top, about 30 minutes.",1 hr 5 mins,4.0,4 servings,260.0,6.547975914292417,1.4597398535046788,2.377290618564763,0.5714881526470819,amber,green,green,amber,2.0,1.0,1.0,2.0,6.0,healthy,4.53,Stuffed,American,65.0,11,Stuffed Dishes,Italian,recipe_images/recipe_2307.jpg,Stuffed Dishes
Apple Pork Chops,https://www.allrecipes.com/recipe/14732/apple-pork-chops/,main-dish,I started making this dish a few years ago after apple picking with my children. I was looking for something different to do with some of the apples and this sure is delicious! We all enjoy it and hope you do too!!,"2 tablespoons vegetable oil ; ½ cup chopped onion ; 4 raw chop with refuse, 113 g; (blank) 4 ounces (1/2-inch thick) pork chops ; ½ teaspoon salt ;   ground black pepper to taste ; 2 medium (2-3/4"" dia) (approx 3 per lb)s apples - peeled, cored and sliced ; 2 tablespoons brown sugar ; ½ teaspoon ground mustard ; ⅛ teaspoon ground cloves ; ¾ cup hot water","Preheat oven to 375 degrees F (190 degrees C). Heat oil in large skillet. Saute onion in oil for 1 minute, or until tender. Remove onion and set aside. Brown pork chops on both sides in oil. Place chops in an 8x12 inch baking dish and sprinkle them with salt and pepper. Cover the chops with the apples and cooked onion. In a small bowl, combine brown sugar, mustard, cloves and water. Pour over chops. Cover and bake in the preheated oven for 30 to 45 minutes. Enjoy!",55 mins,4.0,4 servings,232.2,6.486717166328816,1.4225256943703544,8.30755005512287,0.4499448771293431,amber,green,amber,amber,2.0,1.0,2.0,2.0,7.0,healthy,3.73,Pork,American,55.0,11,Pork,American,recipe_images/recipe_2308.jpg,Meat Dishes
Lentil Casserole,https://www.allrecipes.com/recipe/236659/lentil-casserole/,main-dish,Easy and healthy casserole!,"1 (16 ounce) package dry lentils ; 2 cups water ; 1 (29 ounce) can crushed tomatoes ; 1 cup chopped carrots ; 1 cup chopped green bell pepper ; 1 cup chopped fresh mushrooms ; 1 cup chopped onion ; ½ cup chopped celery ; 2 teaspoons dried parsley ; 2 cloves garlic, minced ; 1 cup shredded reduced-fat Cheddar cheese","Preheat oven to 375 degrees F (190 degrees C). Spread lentils into a shallow 2-quart baking dish. Pour water over lentils. Add tomatoes, carrots, green bell pepper, mushrooms, onion, celery, parsley, and garlic to lentil mixture. Cover dish with aluminum foil. Bake in the preheated oven until lentils are tender, 1 1/2 to 2 hours. Remove aluminum foil and sprinkle Cheddar cheese over casserole; bake until cheese is melted, about 5 minutes more.",1 hr 55 mins,8.0,8 servings,277.4,0.7516147974163241,0.3006459189665297,1.3153258954785672,0.2301820317087493,green,green,green,green,1.0,1.0,1.0,1.0,4.0,healthy,3.98,Casserole Recipes,American,115.0,11,Casserole and Pies,International,recipe_images/recipe_2309.jpg,Casserole and Pies
Easy Cabbage Pockets,https://www.allrecipes.com/recipe/245483/easy-cabbage-pockets/,main-dish,"I grew up in a town that was filled with Wolgadeutsche, or Germans from Russia. Family members and friends of the family made these cabbage pockets, sometimes called Krautbrot or Bierocks. This is a perfect food for lunches, as it is self contained and freezes well. I have changed it slightly to make it easier to make and enjoy. I love mine served hot, with ketchup for dipping!","cooking spray ; 1 pound ground beef ; 1 large onion, chopped ; 1 head cabbage, shredded ;   salt and ground black pepper to taste ; 1 (2 pound) package frozen dinner rolls, thawed","Preheat oven to 350 degrees F (175 degrees C). Spray muffin cups with cooking spray. Heat a large skillet over medium-high heat. Cook and stir beef in the hot skillet until browned and crumbly, 5 to 7 minutes; drain and discard grease. Stir onion into ground beef and saute until translucent, about 5 minutes. Add cabbage and reduce heat to low; cook and stir until cabbage has wilted slightly, about 5 minutes more. Pour mixture into colander to strain excess liquid and cool slightly. Spray a work surface with cooking spray. Flatten rolls into disc shape with a rolling pin; spoon 1 to 2 tablespoons of beef and cabbage filling onto each disc. Fold discs in half around filling, pressing edges together to seal. Gently place in muffin cups, spray tops with cooking spray, and poke with toothpick to allow venting. Cook cabbage pockets in preheated oven until dough is browned, 25 to 45 minutes.",1 hr,24.0,24 cabbage pockets,170.4,8.521830615465543,2.682798527091004,6.154655444502892,0.8940031562335612,amber,amber,amber,amber,2.0,2.0,2.0,2.0,8.0,healthy,4.4,Savory Pie Recipes,American,60.0,6,Casserole and Pies,American,recipe_images/recipe_2312.jpg,Casserole and Pies
Buddhist Monk Dumplings,https://www.allrecipes.com/recipe/266320/buddhist-monk-dumplings/,main-dish,"Enjoy homemade vegan dumplings including pastry from scratch and filled with tofu plus a variety of vegetables, herbs, and spices. Serve with tomato chutney.","1  potato ; 2 teaspoons vegetable oil ; 1 tablespoon mustard seed ; ¼ teaspoon cumin seeds ; 2  carrots, finely diced ; 1  onion, finely chopped ; 1  green chile, finely chopped ; 1 clove garlic, finely chopped ; 1 teaspoon ground turmeric ; 1 teaspoon grated ginger ; ½ cup finely shredded cabbage ; ¼ (14 ounce) package firm tofu, crumbled ; ½ cup water ; ¼ cup chopped fresh cilantro ; 1 teaspoon garam masala ;   salt to taste ; 3 cups all-purpose flour ; 1 cup water ; 1 pinch salt","Place potato into a large pot and cover with salted water; bring to a boil. Reduce heat to medium-low and simmer until tender, about 20 minutes. Drain and mash. Set aside to cool. Heat oil in a skillet over medium heat. Add mustard seeds and cumin seeds and stir. Add carrots, onion, green chile, garlic, turmeric, and ginger. Cook and stir for 1 minute. Add mashed potato, cabbage, and tofu and stir again. Add water and cilantro; cook and stir until vegetables are soft and water is dried up, 7 to 8 minutes. Add garam masala and salt and stir well. Remove from heat and set aside to cool. Mix flour, water, and salt together in a bowl. Knead into a ball; continue kneading until dough is very soft, 10 to 12 minutes. Wrap and rest for at least 1 hour. Take a knob of dough and roll out into small round, about 4 inches in diameter. Spoon a heaped teaspoon of filling in the center and moisten the edge with a little water. Press edges together, overlapping the top slightly to form a pleat, and continue to create a half-moon shape with little pleats all around the edge. Repeat with remaining dough and filling. Fit a large pan with a steamer basket and add about 2 inches of water. Bring to a boil. Add dumplings and steam until swollen and cooked through, about 15 minutes.",2 hrs 30 mins,10.0,10 servings,188.2,2.01639081320125,0.2749623836183522,1.6497743017101132,0.1051731117340197,green,green,green,green,1.0,1.0,1.0,1.0,4.0,healthy,4.33,,,150.0,19,Dumplings,Indian,recipe_images/recipe_2315.jpg,Dumplings
Roast Beef Hash Breakfast Empanadas,https://www.allrecipes.com/recipe/258406/roast-beef-hash-breakfast-empanadas/,main-dish,Breakfast empanadas are perfect for brunch or made ahead to freeze for those lazy mornings. Hormel Mary Kitchen Roast Beef Hash is the star of this breakfast empanada along with eggs and other delectable ingredients.,"1 (15 ounce) can HORMEL Mary Kitchen Roast Beef Hash ; 5  large eggs, lightly beaten ; 1 cup diced white onion ;   fresh ground black pepper to taste ; 1 tablespoon chili garlic sauce ; ⅓ cup chopped cilantro ; 2  roma (plum) tomatoes, chopped ; 15  frozen empanada wrappers, thawed ; 2  eggs ; 2 tablespoons water ; ½ (8 ounce) jar picante sauce","Preheat oven to 425 degrees F (220 degrees C). Line a baking sheet with parchment paper. Heat non-stick skillet over medium-high heat. Add roast beef hash, onions, and chili garlic sauce; cook and stir to break up the hash and until onions soften, 4 to 5 minutes. Pour in 5 beaten eggs and cook, stirring constantly, until eggs just begin to set but are still very loose. Remove skillet from heat. Stir in cilantro and tomatoes. Lightly flour a work surface. Roll out each empanada wrapper into a 6-inch circle. Scoop 1/3 cup hash filling onto center of each wrapper. Fold each wrapper in half to enclose the filling; crimp edges with times of a fork to seal. Cut 2 half-inch slits on top of each empanada. Transfer to prepared baking sheet. Whisk 2 eggs with 2 tablespoons water to make egg wash. Brush egg wash over the tops of the empanadas. Bake in preheated oven on middle rack until golden brown, about 20 minutes. Serve with picante sauce for dipping.",40 mins,15.0,15 empanadas,193.2,5.325055317355465,1.6777571547832288,0.8024055957658921,0.7653855194157838,amber,amber,green,amber,2.0,2.0,1.0,2.0,7.0,healthy,5.0,,,40.0,11,Stuffed Dishes,Mexican,recipe_images/recipe_2316.jpg,Stuffed Dishes
Baked Chicken Empanadas with Hatch Chile,https://www.allrecipes.com/recipe/281320/baked-chicken-empanadas-with-hatch-chile/,main-dish,"Empanadas get elevated with the addition of Hatch chile. Serve with avocado, salsa, and sour cream if desired.","1 tablespoon salted butter ; ½ cup diced onion ; 1 cup diced cooked chicken ; ½ cup Mexican-style corn ; 1  fire-roasted Hatch green chile, chopped ; 1 teaspoon adobo seasoning (such as Goya) ; 1 (14 ounce) package frozen empanada shells (such as Goya discos) ; ½ cup shredded Oaxaca cheese ; ¼ cup shredded Cheddar cheese","Preheat the oven to 350 degrees F (175 degrees C). Melt butter in a skillet over medium-high heat. Add onion and saute until softened, about 5 minutes. Add chicken, corn, Hatch chile, and adobo seasoning. Cook until mixture is warmed through, about 5 minutes. Remove filling from heat. Set out empanada discs and place 2 tablespoons filling onto each disc. Sprinkle with 1 1/2 tablespoons Oaxacan cheese. Brush edge of discs with water and fold over to create half circles. Crimp to seal. Arrange on a baking sheet. Bake in the preheated oven for 20 minutes. Remove empanadas and sprinkle Cheddar cheese on top. Continue baking until cheese is melted and golden brown, about 5 more minutes.",1 hr,10.0,10 empanadas,192.4,11.55794806839772,4.908169727675744,1.899936668777707,1.2575205826472449,amber,amber,green,amber,2.0,2.0,1.0,2.0,7.0,healthy,5.0,Savory Pie Recipes,Tex-Mex,60.0,9,Casserole and Pies,Mexican,recipe_images/recipe_2318.jpg,Casserole and Pies
Vegetarian Pumpkin Black Bean Empanadas,https://www.allrecipes.com/recipe/275324/vegetarian-pumpkin-black-bean-empanadas/,main-dish,These spicy vegetarian fritters are a hit with my friends. You can add more or fewer peppers to your taste. Using pre-made empanada shells makes it quick and painless.,"2 (15 ounce) cans black beans, rinsed and drained ; 1 (15.25 ounce) can corn, rinsed and drained ; 1 (15 ounce) can pumpkin puree ; 1 ½ cups cooked white rice ; 6 ounces Gruyere cheese, cubed ; 2  jalapeno peppers, diced ; 1 ½ teaspoons chili powder ; 1 ½ teaspoons ground cumin ;   salt and ground black pepper to taste ; 20  frozen empanada shells (such as Goya discos), thawed","Mix black beans, corn, pumpkin, rice, Gruyere cheese, jalapeno peppers, chili powder, cumin, salt, and pepper together in a large bowl. Refrigerate filling for 1 hour to allow flavors to blend. Preheat the oven to 400 degrees F (200 degrees C). Lightly grease baking sheets or line with parchment paper. Roll empanada shells lightly using a rolling pin to stretch slightly. Place 1 to 2 tablespoons of filling onto the center of each disc. Fold into a semi-circle shape and press edges closed using a fork. Place empanadas on prepared baking sheets. Bake in the preheated oven until lightly browned, about 20 minutes.",1 hr 40 mins,20.0,20 empanadas,225.6,3.952586300301212,1.5255596246776608,1.0401542895529503,0.8621145469911371,amber,amber,green,amber,2.0,2.0,1.0,2.0,7.0,healthy,0.0,,,100.0,10,Dumplings,Mexican,recipe_images/recipe_2322.jpg,Dumplings
Salisbury Steak,https://www.allrecipes.com/recipe/14595/salisbury-steak/,main-dish,"This recipe has been in my family for years. It's easy to cook, but tastes like it took hours to make! I usually make enough extra sauce to pour over mashed potatoes. YUM!",1 (10.5 ounce) can condensed French onion soup ; 1 ½ pounds ground beef ; ½ cup dry bread crumbs ; 1  egg ; ¼ teaspoon salt ; ⅛ teaspoon ground black pepper ; 1 tablespoon all-purpose flour ; ¼ cup ketchup ; ¼ cup water ; 1 tablespoon Worcestershire sauce ; ½ teaspoon mustard powder,"In a large bowl, mix together 1/3 cup condensed French onion soup with ground beef, bread crumbs, egg, salt and black pepper. Shape into 6 oval patties. In a large skillet over medium-high heat, brown both sides of patties. Pour off excess fat. In a small bowl, blend flour and remaining soup until smooth. Mix in ketchup, water, Worcestershire sauce and mustard powder. Pour over meat in skillet. Cover, and cook for 20 minutes, stirring occasionally.",40 mins,6.0,6 servings,440.4,46.334538716714974,18.21822420130898,6.168375123277845,2.9346403275455004,red,red,amber,red,3.0,3.0,2.0,3.0,11.0,unhealthy,4.42,Beef,American,40.0,11,Beef,American,recipe_images/recipe_11.jpg,Meat Dishes
Reuben Sandwich II,https://www.allrecipes.com/recipe/47717/reuben-sandwich-ii/,main-dish,These sandwiches are really delicious and easy to make. They are one of my family's fix-it-quick favorites. I like to serve them with big bowls of steaming vegetable soup and dill pickles on the side. Enjoy!,"2 tablespoons butter ; 8 slices rye bread ; 8 slices deli sliced corned beef ; 8 slices Swiss cheese ; 1 cup sauerkraut, drained ; ½ cup Thousand Island dressing","Preheat a large skillet or griddle on medium heat. Lightly butter one side of bread slices. Spread non-buttered sides with Thousand Island dressing. On 4 bread slices, layer 1 slice Swiss cheese, 2 slices corned beef, 1/4 cup sauerkraut and second slice of Swiss cheese. Top with remaining bread slices, buttered sides out. Grill sandwiches until both sides are golden brown, about 5 minutes per side. Serve hot.",25 mins,4.0,4 sandwiches,657.0,21.45328719723183,9.528879425073196,5.4298642533936645,2.5689379824327916,red,red,amber,red,3.0,3.0,2.0,3.0,11.0,unhealthy,4.68,Sandwich Recipes,U.S.,25.0,6,Sandwich,American,recipe_images/recipe_23.jpg,Sandwiches and Tacos
Haluski - Cabbage and Noodles,https://www.allrecipes.com/recipe/220716/haluski-cabbage-and-noodles/,main-dish,Egg noodles with cooked chopped cabbage and onions - a great ethnic dish!,"1 (16 ounce) package medium-wide egg noodles ; 1 cup butter, divided ; 2 large onions, chopped ; 2 small heads cabbage, cored and cut into 1-inch pieces ;   salt and ground black pepper to taste ; 1 tablespoon water, or as needed  (Optional)","Preheat oven to 300 degrees F (150 degrees C). Fill a large pot with lightly salted water and bring to a rolling boil. Stir in egg noodles and return to a boil. Cook noodles uncovered, stirring occasionally, until tender but still slightly firm, about 5 minutes. Drain well. Melt 1/2 cup butter in a large skillet over medium-low heat; cook and stir onions until translucent, 5 to 10 minutes. Cook and stir remaining butter and cabbage into onions until cabbage is softened but not browned, 5 to 8 more minutes. Season with salt and black pepper. Place cooked noodles and cabbage mixture in a large roasting pan and stir gently to combine. Sprinkle with more salt and black pepper if desired. Bake in the preheated oven until golden brown on top, 30 to 40 minutes.",1 hr,12.0,12 servings,318.7,24.469353684712615,14.595754829477697,8.013355592654422,0.5444788933937514,red,red,amber,amber,3.0,3.0,2.0,2.0,10.0,unhealthy,4.61,Pasta And Noodles,Eastern European,60.0,6,Pasta and Noodles,Eastern European,recipe_images/recipe_52.jpg,Pasta
Pancake Lasagna for One (or More),https://www.allrecipes.com/recipe/283998/pancake-lasagna-for-one-or-more/,main-dish,"Until now if you wanted lasagna, you had to make a lot, but thanks to this easy technique, that's all changed. This recipe makes 4 single-serve lasagnas, but you easily scale back and just make one, freezing the extra 3 pancakes for later use! The pancakes in this recipe are actually more like thick crepes that come out tasting like egg noodles. It's almost impossible to tell you didn't use pasta--since these pancakes taste like homemade lasagna noodles. Make it as-is or adapt it to your personal taste.","2 large eggs ; ½ teaspoon kosher salt ; 1 teaspoon olive oil ; ½ cup cold water ; ½ cup all-purpose flour ; 1 tablespoon olive oil ; 1 ½ cups full-fat ricotta cheese, well drained ;   kosher salt and freshly ground black pepper to taste ; 1 pinch cayenne pepper ; 1 tablespoon finely sliced fresh basil ; ½ cup finely grated Parmigiano-Reggiano cheese ; 1 ½ cups prepared marinara sauce ; 1 cup grated Monterey Jack cheese ; 1 tablespoon finely grated Parmigiano-Reggiano cheese ; 1 tablespoon olive oil ; 1 teaspoon finely sliced fresh basil","Preheat the oven to 450 degrees F (230 degrees C). Set out 4 small, shallow, oven-proof baking dishes or ramekins. Combine eggs, salt, olive oil, water, and flour for pancakes in a large bowl. Whisk thoroughly until very smooth, then let sit at room temperature for 15 minutes. Brush oil into a nonstick skillet and set heat to medium. When the skillet is hot, add about 1/4 cup batter and tilt the pan so it evenly coats the bottom. Cook until the batter sets and the top surface goes from looking wet to dry, 1 to 2 minutes. Flip and cook the other side for 1 minute. Transfer to a plate and repeat to make remaining 3 pancakes. Cut each pancake into 3 triangles. Combine ricotta cheese, salt, pepper, cayenne, basil, and Parmigiano-Reggiano cheese for filling in a bowl; mix with a fork until thoroughly combined. Prepare lasagnas: Spread 2 tablespoons marinara sauce into the bottom of each baking dish. Lay 1 pancake triangle on the sauce, then top with about 2 tablespoons ricotta filling, 1 tablespoon Monterey Jack cheese, and 2 teaspoons marinara. Repeat to create another layer, slightly pressing down on the second pancake triangle before topping with filling and cheese. Top with the remaining pancake triangle, pressing down slightly. Add remaining marinara and Monterey Jack, sprinkle with Parmigiano-Reggiano, and drizzle with olive oil. Place the baking dishes on a large sheet pan and bake in the center of the preheated oven until lightly browned and bubbly, about 15 minutes. Let cool for about 5 minutes, then garnish with basil and serve.",1 hr 15 mins,4.0,4 single-serve lasagnas,559.1,52.15547703180212,24.73498233215548,12.7208480565371,3.7515901060070673,red,red,amber,red,3.0,3.0,2.0,3.0,11.0,unhealthy,0.0,Pasta,American,75.0,16,Casserole and Pies,Italian,recipe_images/recipe_59.jpg,Casserole and Pies
Brown Sugar Ham Steak,https://www.allrecipes.com/recipe/236432/brown-sugar-ham-steak/,main-dish,Sweet ham steak recipe. Pairs great with roasted potatoes and green beans.,"1 (8 ounce) bone-in fully cooked ham steak ; 5 tablespoons butter, cubed ; 5 tablespoons brown sugar","Cook ham steak in a large skillet over medium heat until browned, 3 to 4 minutes per side. Drain and remove ham. Heat butter in the same skillet until melted; stir in brown sugar. Return ham to skillet and cook over medium-low heat until heated through and brown sugar is dissolved, turning steak often, about 10 minutes.",25 mins,2.0,2 servings,521.3,35.36842105263158,20.94736842105263,34.63157894736842,4.336578947368422,red,red,red,red,3.0,3.0,3.0,3.0,12.0,unhealthy,4.67,Pork,American,25.0,3,Pork,American,recipe_images/recipe_67.jpg,Meat Dishes
Church Supper Macaroni and Cheese,https://www.allrecipes.com/recipe/230393/church-supper-macaroni-and-cheese/,main-dish,"It seems like there are endless recipe variations on macaroni and cheese; however my family is not a big fan of cheese sauce-based macaroni and cheese. It seems to dilute the cheese flavor. This simple but tasty recipe was given to me at a church supper in Terre Haute; it's old, definitely has German or Jewish (kugel?) roots. The secret is to use a good-quality EXTRA-SHARP Cheddar cheese.","2 tablespoons salt ; 2 cups elbow macaroni ; ¼ cup butter, softened  (Optional); 2  large eggs ; 1 (12 fluid ounce) can evaporated milk ; ½ (14 ounce) can sweetened condensed milk ; 1 ½ pounds extra-sharp Cheddar cheese, shredded ; 1 pinch paprika, or to taste ; ¼ cup butter  (Optional); ½ cup soft bread crumbs  (Optional)","Preheat oven to 350 degrees F (175 degrees C). Grease a 2-quart casserole with butter. Dissolve salt in a large pot of water. Bring to a boil and cook macaroni, stirring often, until pasta is tender but still slightly firm to the bite, about 8 minutes. Rinse macaroni under cool water, drain, and transfer to a bowl. Stir 1/4 cup softened butter into macaroni and toss a few times to melt butter and coat macaroni. Beat eggs in a bowl; whisk evaporated and condensed milks into eggs. Spread a layer of macaroni into the bottom of the prepared casserole; sprinkle with a layer of Cheddar cheese. Continue layering macaroni and cheese, ending with a layer of cheese on top. Pour egg-milk mixture over the layers. Use a fork to gently dig into the layers, assuring that the egg-milk mixture flows into all the layers. Sprinkle with paprika. Melt 1/4 cup butter in a small skillet over medium heat; cook bread crumbs in the hot butter, stirring constantly,  until fragrant and golden, 2 to 3 minutes. Sprinkle crumb topping over casserole. Bake in the preheated oven until casserole is browned and bubbling, about 45 minutes.",1 hr 15 mins,8.0,8 servings,709.8,41.157556270096464,25.46187803150035,17.003651425145783,5.392991443675404,red,red,amber,red,3.0,3.0,2.0,3.0,11.0,unhealthy,3.33,Pasta,,75.0,10,Pasta and Noodles,American,recipe_images/recipe_69.jpg,Pasta
Sweet and Sour Meatballs II,https://www.allrecipes.com/recipe/16305/sweet-and-sour-meatballs-ii/,main-dish,I got this recipe from my mother-in-law shortly after I was married. Now it is a favorite of our kids. I like to serve it over rice.,"1 pound ground beef ; 1  egg ; 1  onion, chopped ; 1 cup dry bread crumbs ;   salt and pepper to taste ; 1 cup water ; ½ cup cider vinegar ; ½ cup ketchup ; 2 tablespoons cornstarch ; 1 cup brown sugar ; 2 tablespoons soy sauce","In a large bowl, combine beef, egg, onion, bread crumbs, salt and pepper. Roll into meatballs about 1 to 1 1/2 inches in size. In a large skillet over medium heat, saute the meatballs until browned on all sides. In a separate medium bowl, mix together the water, vinegar, ketchup, cornstarch, sugar and soy sauce. Pour over the meatballs, and allow sauce to thicken. Continue to heat until the sauce just starts to bubble.",20 mins,5.0,5 servings,601.0,15.812890812890815,6.253006253006253,30.483405483405484,1.3198953823953825,red,red,red,red,3.0,3.0,3.0,3.0,12.0,unhealthy,4.46,Meatball Recipes,American,20.0,11,Meatballs,American,recipe_images/recipe_87.jpg,Meat Dishes
Classic Meatloaf,https://www.allrecipes.com/recipe/219171/classic-meatloaf/,main-dish,"The secrets to this meatloaf are fresh, very finely diced vegetables that give it moisture and flavor--and a light touch in mixing together the ingredients. This hearty meatloaf is the perfect meal for cool fall and winter evenings, served with mashed potatoes and simple mushroom gravy.","1  carrot, coarsely chopped ; 1 rib celery, coarsely chopped ; ½  onion, coarsely chopped ; ½  red bell pepper, coarsely chopped ; 4  white mushrooms, coarsely chopped ; 3 cloves garlic, coarsely chopped ; 2 ½ pounds ground chuck ; 1 tablespoon Worcestershire sauce ; 1  egg, beaten ; 1 teaspoon dried Italian herbs ; 2 teaspoons salt ; 1 teaspoon ground black pepper ; ½ teaspoon cayenne pepper ; 1 cup plain bread crumbs ; 1 teaspoon olive oil ; 2 tablespoons brown sugar ; 2 tablespoons ketchup ; 2 tablespoons Dijon mustard ;   hot pepper sauce to taste","Preheat the oven to 325 degrees F. Place the carrot, celery, onion, red bell pepper, mushrooms, and garlic in a food processor, and pulse until very finely chopped, almost to a puree. Place the minced vegetables into a large mixing bowl, and mix in ground chuck, Worcestershire sauce, and egg. Add Italian herbs, salt, black pepper, and cayenne pepper. Mix gently with a wooden spoon to incorporate vegetables and egg into the meat. Pour in bread crumbs. With your hand, gently mix in the crumbs with your fingertips just until combined, about 1 minute. Form the meatloaf into a ball. Pour olive oil into a baking dish and place the ball of meat into the dish. Shape the ball into a loaf, about 4 inches high by 6 inches across. Bake in the preheated oven just until the meatloaf is hot, about 15 minutes. Meanwhile, in a small bowl, mix together brown sugar, ketchup, Dijon mustard, and hot sauce. Stir until the brown sugar has dissolved. Remove the meatloaf from the oven. With the back of a spoon, smooth the glaze onto the top of the meatloaf, then pull a little bit of glaze down the sides of the meatloaf with the back of the spoon. Return meatloaf to oven, and bake until the loaf is no longer pink inside and the glaze has baked onto the loaf, 30 to 40 more minutes. An instant-read thermometer inserted into the thickest part of the loaf should read at least 160 degrees F (70 degrees C). Cooking time will depend on shape and thickness of the meatloaf.",1 hr 15 mins,10.0,1 meatloaf,284.1,23.97811393627293,9.01190859349855,8.5291277759897,3.039105246218216,red,red,amber,red,3.0,3.0,2.0,3.0,11.0,unhealthy,4.54,Meatloaf Recipes,American,75.0,19,Meatloaf,American,recipe_images/recipe_92.jpg,Meat Dishes
Brown Sugar Meatloaf with Ketchup Glaze,https://www.allrecipes.com/recipe/238904/brown-sugar-meatloaf-with-ketchup-glaze/,main-dish,This meatloaf is glazed with brown sugar and ketchup for a moist and flavorful weeknight dinner.,"½ cup ketchup ; ½ cup packed brown sugar ; 1 ½ teaspoons salt ; ½ teaspoon chili powder ; 1 ½ pounds lean ground beef ; 1 ½ cups croutons, crushed ; 1 small onion, chopped ; 2  eggs ; ¼ cup milk ; ¼ teaspoon ground black pepper","Preheat oven to 350 degrees F (175 degrees C). Lightly grease a 9x5-inch loaf pan. Stir ketchup, brown sugar, salt, and chili powder together in a bowl until smooth. Spread a small amount of the ketchup mixture into the bottom of the prepared loaf pan. Mix ground beef, croutons, onion, eggs, milk, and black pepper together in a large bowl; shape into a loaf and put into prepared pan. Spread remaining ketchup mixture over the loaf. Bake in the preheated oven until no longer pink in the center, about 1 hour. An instant-read thermometer inserted into the center should read at least 160 degrees F (70 degrees C).",1 hr 20 mins,8.0,1 9-inch loaf,278.0,36.23874501067483,13.960827995915718,52.27884526130141,5.345957486308364,red,red,red,red,3.0,3.0,3.0,3.0,12.0,unhealthy,4.7,Meatloaf Recipes,American,80.0,10,Meatloaf,American,recipe_images/recipe_101.jpg,Meat Dishes
The Best Spaghetti Casserole,https://www.allrecipes.com/recipe/195045/the-best-spaghetti-casserole/,main-dish,Easy spaghetti dish with a little twist!,"1 (16 ounce) package spaghetti ; 2 pounds ground beef ; ¼ cup chopped onion ; 2 (26.5 ounce) cans meatless spaghetti sauce ; 1 (16 ounce) container fat-free sour cream ; 2 cups shredded mozzarella cheese, divided ; ½ cup Parmesan cheese ;   salt and black pepper to taste","Preheat oven to 350 degrees F (175 degrees C). Grease a deep 9x13 inch baking dish. Bring a large pot of salted water to a boil over high heat. Stir in the spaghetti. Boil the pasta until cooked through but still firm to the bite, 8 to 10 minutes. Drain well. Brown ground beef and onion in a large skillet over high heat; drain fat. Stir in the spaghetti sauce, sour cream, and 1 cup of the mozzarella. Mix in the cooked pasta. Transfer pasta mixture to prepared baking dish. Top with remaining 1 cup of mozzarella and the Parmesan cheese. Cover pan with aluminum foil. Bake in preheated oven until hot and bubbly, about 30 minutes.",1 hr 10 mins,12.0,12 servings,481.1,5.673837767177961,2.3362861394262193,5.473584669512856,0.6893712887121223,amber,red,amber,red,2.0,3.0,2.0,3.0,10.0,unhealthy,4.42,Casserole Recipes,Italian,70.0,8,Casserole and Pies,Italian,recipe_images/recipe_121.jpg,Casserole and Pies
Stuffed Peppers My Way,https://www.allrecipes.com/recipe/21190/stuffed-peppers-my-way/,main-dish,Roasted green bell peppers are stuffed with feta cheese and a mixture of rice and green onions.,"1 cup water ; ½ cup uncooked Arborio rice ; 2  green bell peppers, halved and seeded ; 1 tablespoon olive oil ; 2  green onions, thinly sliced ; 1 teaspoon dried basil ; 1 teaspoon Italian seasoning ; 1 teaspoon salt ; 1 pinch ground black pepper ; 1  tomato, diced ; ½ cup crumbled feta cheese","Preheat oven to 400 degrees F (200 degrees C).  Lightly grease a baking sheet. In a medium saucepan, bring water to a boil. Stir in the rice. Reduce heat, cover, and simmer for 20 minutes. Remove from heat, and set aside. Place the peppers cut-side down on the prepared baking sheet. Roast 25 to 30 minutes in the preheated oven, or until tender and skin starts to brown. While the peppers are roasting, heat oil in a medium skillet over medium-high heat. Cook the onions, basil, Italian seasoning, salt, and pepper in oil for 2 to 3 minutes. Stir in the tomato, and cook for 5 minutes. Spoon in the cooked rice, and stir until heated through. Remove from heat, mix in the feta cheese, and spoon the mixture into the pepper halves. Return to the oven for 5 minutes. Serve immediately.",1 hr,2.0,2 servings,384.8,13.047210300429184,5.75107296137339,5.493562231759657,3.421673819742489,amber,red,amber,red,2.0,3.0,2.0,3.0,10.0,unhealthy,4.61,Stuffed,American,60.0,11,Stuffed Dishes,Mediterranean,recipe_images/recipe_130.jpg,Stuffed Dishes
Dash's Donair,https://www.allrecipes.com/recipe/71963/dashs-donair/,main-dish,"For the true donair fan. This recipe is tried and tested. If you enjoy Halifax donairs, then you'll love this recipe. When making this recipe, use only the finest spices available; they make a huge difference.","1 teaspoon salt ; 1 teaspoon ground oregano ; 1 teaspoon all-purpose flour ; ½ teaspoon ground black pepper ; ½ teaspoon Italian seasoning ; ½ teaspoon garlic powder ; ½ teaspoon onion powder ; ¼ teaspoon cayenne pepper ; 1 pound ground beef ; 1 (12 fluid ounce) can evaporated milk ; ¾ cup white sugar ; 2 teaspoons garlic powder ; 4 teaspoons white vinegar, or as needed","Preheat the oven to 350 degrees F (175 degrees C). In a cup or small bowl, mix together the salt, oregano, flour, black pepper, Italian seasoning, garlic powder, onion powder, and cayenne pepper. Place the ground beef in a large bowl, and use your hands to blend in the spice mixture. If you want the smooth texture of meat that you see in a real donair shop, you must do this in a steel mixing bowl and on a sturdy surface. Pick up the meat, and throw it down with force about 20 times, kneading it after each throw. This also helps the meat hold together better when you slice it. Form the meat into a loaf, and place it on a broiler pan. If you do not have one, a baking sheet will do. Bake for 1 hour and 15 minutes in the preheated oven, turning the loaf over about half way through. This will ensure even cooking. Serve, or allow the meat to chill before slicing and reheating. To make the donair sauce, mix together the evaporated milk, sugar and garlic powder in a medium bowl. Gradually whisk in the white vinegar, adding 1 teaspoon at a time, until thickened to your desired consistency.",1 hr 45 mins,4.0,4 servings,488.8,9.347745061498324,4.338427133805442,21.244875139768915,0.836041744316064,amber,red,red,red,2.0,3.0,3.0,3.0,11.0,unhealthy,4.65,Sandwich Recipes,Canadian,105.0,13,Sandwich,Canadian,recipe_images/recipe_135.jpg,Sandwiches and Tacos
Mini Meatloaves,https://www.allrecipes.com/recipe/15715/mini-meatloaves/,main-dish,Quick and easy to make. A family favorite. The ketchup and brown sugar give these loaves a tangy flavor.,1  egg ; ¾ cup milk ; 1 cup shredded Cheddar cheese ; ½ cup quick cooking oats ; 1 teaspoon salt ; 1 pound ground beef ; ⅔ cup ketchup ; ¼ cup packed brown sugar ; 1 ½ teaspoons prepared mustard,"Preheat oven to 350 degrees F (175 degrees C). In a large bowl, combine the egg, milk, cheese, oats and salt. Add the ground beef, mixing well, and form this mixture into eight miniature meatloaves. Place these in a lightly greased 9x13 inch baking dish. In a separate small bowl, combine the ketchup, brown sugar and mustard. Stir thoroughly and spread over each meatloaf. Bake, uncovered, at 350 degrees F (175 degrees C) for 45 minutes.",1 hr,8.0,8 servings,254.9,17.643455176638756,8.20910761690831,15.3154992852767,2.009393506228303,red,red,amber,red,3.0,3.0,2.0,3.0,11.0,unhealthy,4.61,Meatloaf Recipes,American,60.0,9,Meatloaf,American,recipe_images/recipe_140.jpg,Meat Dishes
Porcupine Meatballs II,https://www.allrecipes.com/recipe/26640/porcupine-meatballs-ii/,main-dish,"Simple and delicious. Beef meatballs with rice, simmered in tomato soup. Great for a fast meal on a busy schedule.",1 (10.75 ounce) can  condensed tomato soup ; ½ cup water ; 1 ½ pounds ground beef ; 1 cup uncooked instant rice ; 1 tablespoon minced onion ; 1 teaspoon salt ; 1 dash ground black pepper,"In a medium mixing bowl, combine the tomato soup and the water. Mix thoroughly and set aside. In a large mixing bowl, combine the  ground beef, instant rice, onion, salt, pepper and 1/2 cup of the soup mixture. Mix thoroughly, and shape into 1 inch balls. Place meatballs in a large skillet over medium heat. Pour in the remaining soup mixture and bring to a boil. Simmer for 15 to 20 minutes or until meatballs are thoroughly browned and rice is cooked.",45 mins,6.0,6 servings,462.0,26.376154116481903,10.121082393533754,5.520590396472957,2.765279064566627,red,red,amber,red,3.0,3.0,2.0,3.0,11.0,unhealthy,4.1,Meatball Recipes,American,45.0,7,Meatballs,American,recipe_images/recipe_143.jpg,Meat Dishes
Tangy Honey Glazed Ham,https://www.allrecipes.com/recipe/24501/tangy-honey-glazed-ham/,main-dish,"I came up with the glaze for this ham using ingredients on hand and it's the best I've ever tasted. If you have any glaze left over, you can add it to the pan drippings with a little flour or cornstarch and make a nice sauce to accompany the meat. Use the bone and ham trimmings to make soup afterwards.","1 (10 pound) fully-cooked, bone-in ham ; 1 ¼ cups packed dark brown sugar ; ⅓ cup pineapple juice ; ⅓ cup honey ; ⅓ large orange, juiced and zested ; 2 tablespoons Dijon mustard ; ¼ teaspoon ground cloves","Preheat oven to 325 degrees F (165 degrees C). Place ham in a roasting pan. In a small saucepan, combine brown sugar, pineapple juice, honey, orange juice, orange zest, Dijon mustard, and ground cloves. Bring to a boil, reduce heat, and simmer for 5 to 10 minutes. Set aside. Bake ham in preheated oven uncovered for 2 hours. Remove ham from oven, and brush with glaze. Bake for an additional 30 to 45 minutes, brushing ham with glaze every 10 minutes.",3 hrs,20.0,1 (10 pound) ham,510.8,298.38909541511777,106.07187112763322,185.3779429987609,53.824039653035946,red,red,red,red,3.0,3.0,3.0,3.0,12.0,unhealthy,4.73,Pork,American,180.0,7,Pork,American,recipe_images/recipe_149.jpg,Meat Dishes
The Best Meatloaf,https://www.allrecipes.com/recipe/25198/the-best-meatloaf/,main-dish,I have used this recipe for 30 years. My husband loves it and he is picky.,"½ cup milk ; 1 cup soft bread crumbs ; 1 ½ pounds ground beef ; 1 ¼ teaspoons salt ;   ground black pepper to taste ; 1  egg, slightly beaten ; 3 tablespoons steak sauce, (e.g. Heinz 57) ; 1  onion, chopped ; ½ cup diced green bell pepper ; ¼ cup steak sauce, or more to taste","Preheat oven to 350 degrees F (175 degrees C). Lightly grease an 8 1/2 x 4 1/2 inch loaf pan. Combine milk and soft bread crumbs in a small bowl and allow to soften, about 5 minutes. In a mixing bowl, combine the ground beef, salt, pepper, egg, 3 tablespoons steak sauce, chopped onion, and green bell pepper. Add bread crumb mixture, and mix with your hands until all ingredients are combined. Pat the the mixture into the prepared loaf pan. Brush the top with additional steak sauce. Bake in the preheated oven for 1 hour or until done. Allow to stand 5 minutes before slicing.",1 hr 20 mins,6.0,6 servings,288.3,38.494623655913976,15.053763440860216,5.376344086021505,4.661290322580645,red,red,amber,red,3.0,3.0,2.0,3.0,11.0,unhealthy,4.55,Meatloaf Recipes,American,80.0,10,Meatloaf,American,recipe_images/recipe_156.jpg,Meat Dishes
Honey Mustard Pork Chops,https://www.allrecipes.com/recipe/223296/honey-mustard-pork-chops/,main-dish,"Quick, easy, and tasty way to prepare pork chops inside or outside. Just skip skillet if using grill.","¼ cup honey ; 2 tablespoons prepared yellow mustard ; 1 tablespoon butter ; 1 ½ pounds center-cut boneless pork chops - 1/2-inch thick ;   garlic powder, or to taste","Mix honey and mustard together in a bowl until thoroughly combined. Heat butter in a skillet over medium-high heat and lay pork chops into the hot butter. Sprinkle chops with half the garlic powder and cook until browned, about 3 minutes. Turn chops over, sprinkle with remaining garlic powder, and pan-fry chops for 3 more minutes. Brush honey mustard sauce over chops, turn them over, and cook for 5 minutes; turn chops onto other side and brush with honey mustard sauce. Cook until chops are no longer pink inside and an instant-read meat thermometer inserted into the thickest part of a chop reads 165 degrees F (75 degrees C), about 5 more minutes.",30 mins,4.0,4 servings,287.3,100.1763668430335,40.917107583774246,124.16225749559082,2.6419753086419755,red,red,red,red,3.0,3.0,3.0,3.0,12.0,unhealthy,4.25,Pork,American,30.0,5,Pork,American,recipe_images/recipe_169.jpg,Meat Dishes
Four-Cheese Truffled Macaroni and Cheese,https://www.allrecipes.com/recipe/239287/four-cheese-truffled-macaroni-and-cheese/,main-dish,"This is one of my favorite things to make once the weather gets a chill in the air. It's great for cheese-lovers (like myself) and works great as leftovers or at dinner parties! Truffle oil has by far been one of the best culinary purchases I have made. One little bottle has lasted me a year, and can be used with so many things, like this recipe. Top with a pinch of truffle salt!","1 (16 ounce) package cavatappi (corkscrew macaroni) ; 6 tablespoons butter ; ½ cup flour ; 5 ½ cups milk, divided ; 2 ½ cups shredded smoked Gouda cheese ; 2 cups shredded sharp Cheddar cheese ; 1 ½ cups shredded Swiss cheese ; 1 ½ cups grated Parmesan cheese, divided ; ½ cup dry bread crumbs ; 1 tablespoon truffle oil","Preheat oven to 350 degrees F (175 degrees C). Butter a 9x13-inch baking dish. Bring a large pot of lightly salted water to a boil. Cook cavatappi in boiling water, stirring occasionally, until cooked through but firm to the bite, about 8 minutes. Drain. Melt butter in a large pot over medium-low heat. Whisk flour into butter until mixture has a thick, paste-like consistency, about 30 seconds. Slowly whisk 2 cups milk into butter-flour mixture until smooth. Stir in remaining milk, increase heat to medium high, and cook, whisking constantly, until mixture is thick and almost boiling, 5 to 10 minutes. Stir Gouda cheese, Cheddar cheese, Swiss cheese, and 1 cup Parmesan cheese into milk mixture until cheese melts and cheese sauce is smooth. Fold cavatappi into cheese sauce; pour mixture into prepared baking dish. Stir remaining Parmesan cheese and bread crumbs together in a small bowl. Sprinkle bread crumbs mixture over cavatappi mixture and drizzle truffle oil over the top. Bake in the preheated oven until golden and bubbling, about 30 minutes. Cool for 10 minutes before serving.",1 hr,12.0,12 servings,565.1,45.11930585683297,27.04266088214028,9.399855386840205,2.3358640636297907,red,red,amber,red,3.0,3.0,2.0,3.0,11.0,unhealthy,4.46,Pasta,American,60.0,10,Pasta and Noodles,American,recipe_images/recipe_170.jpg,Pasta
Stuffed Zucchini,https://www.allrecipes.com/recipe/24162/stuffed-zucchini/,main-dish,This is good served with French bread and a salad.,"3  zucchini ; 1 pound pork sausage ; 1 cup dry bread crumbs ; 1 clove garlic, minced ; 1 (32 ounce) jar spaghetti sauce ; ½ cup grated Parmesan cheese ; ½ cup shredded mozzarella cheese","Preheat oven to 350 degrees F (175 degrees C). Trim stems from zucchini and slice lengthwise. Scoop out seeds and put in a bowl. Mix seeds with sausage, garlic, bread crumbs, and Parmesan cheese. Stuff squash with sausage mixture and place in a 9x13 inch baking pan. Pour spaghetti sauce over the top and cover the pan with foil. Bake in preheated oven until sausage is browned and cooked through, about 45 minutes. Remove foil and cover with mozzarella cheese. Return to the oven and cook until cheese is melted, about 15 minutes more.",1 hr 10 mins,4.0,4 servings,878.4,14.065510597302502,5.178227360308284,5.828516377649325,1.2752890173410405,red,red,amber,red,3.0,3.0,2.0,3.0,11.0,unhealthy,4.57,Stuffed,American,70.0,7,Stuffed Dishes,Italian,recipe_images/recipe_182.jpg,Stuffed Dishes
Mary's Meatloaf,https://www.allrecipes.com/recipe/26619/marys-meatloaf/,main-dish,"This meatloaf recipe is the only one I use now because my family loves it, and it is very easy to make.","1 ½ pounds lean ground beef ; 1 large onion, chopped ;   salt to taste ;   ground black pepper to taste ;   garlic powder to taste ; 6 slices white bread, cut into cubes ; ½ cup milk ; 1  egg ; 3 tablespoons yellow mustard, divided ; ½ cup ketchup, divided ; 3 tablespoons brown sugar","Preheat oven to 350 degrees F (175 degrees C). In a large bowl, thoroughly mix ground beef, onion, salt, pepper and garlic powder. Mix in bread, milk, egg, 2 tablespoons mustard and 1/4 cup ketchup. Press the meat mixture into a 9x5-inch loaf pan. In a small bowl, stir together remaining mustard, ketchup and brown sugar; pour on top of the meat loaf. Bake in the preheated oven until an instant-read thermometer inserted into the center reads 165 degrees F (74 degrees C), about 2 hours.",2 hrs 20 mins,6.0,6 servings,449.6,34.19894366197183,13.468309859154928,19.14612676056338,1.9195642605633805,red,red,amber,red,3.0,3.0,2.0,3.0,11.0,unhealthy,4.57,Meatloaf Recipes,American,140.0,11,Meatloaf,American,recipe_images/recipe_186.jpg,Meat Dishes
Applesauce Pork Chops,https://www.allrecipes.com/recipe/229254/applesauce-pork-chops/,main-dish,Pork chops with applesauce glaze.,"1 tablespoon butter ; ¼ cup chopped onion ; 1  apple - peeled, cored, and sliced ; 2  (1/2-inch thick) pork chops ; ¾ cup applesauce ; 2 tablespoons brown sugar ; ½ teaspoon ground mustard ; ⅛ teaspoon ground cinnamon ; ½ teaspoon salt ;   ground black pepper to taste","Preheat oven to 375 degrees F (190 degrees C). Melt butter in a large skillet over medium heat; cook and stir onion and apple slices in the melted butter until tender, about 5 minutes. Transfer onion and apple to a bowl. Place pork chops in the same skillet; cook over medium heat until pork chops are browned on both sides, about 5 minutes per side. Mix applesauce, brown sugar, mustard, and cinnamon into onion and apple mixture. Place pork chops in a 9x9-inch baking dish; season with salt and black pepper. Spoon applesauce mixture over pork chops; cover dish. Bake in the preheated oven until pork chops are no longer pink in the center, about 30 to 45 minutes. An instant-read thermometer inserted into the center should read at least 145 degrees F (63 degrees C).",1 hr,2.0,2 servings,399.4,7.374516722662119,3.241545812159173,12.317874086204858,0.6829531832992858,amber,red,red,amber,2.0,3.0,3.0,2.0,10.0,unhealthy,4.38,Pork,American,60.0,10,Pork,American,recipe_images/recipe_193.jpg,Meat Dishes
Sloppy Joe Casserole,https://www.allrecipes.com/recipe/236925/sloppy-joe-casserole/,main-dish,This is a great comfort food recipe that I love to make on a cold winter day. It is also a hit at our church's potluck dinners.,"1 pound ground beef ; 1 small onion, chopped ; 1  green bell pepper, chopped ; 1  red bell pepper, chopped ; 1 clove garlic, chopped ; 1 (14.5 ounce) can petite diced tomatoes  ; 1 cup ketchup ; 1 tablespoon brown sugar ; 1 teaspoon yellow mustard ;   salt and ground black pepper to taste ; 2 cups frozen whole-kernel corn ; 1 (16 ounce) package penne pasta ; 1 ½ cups shredded Colby-Jack cheese","Preheat oven to 350 degrees F (175 degrees C). Heat a large skillet over medium-high heat. Cook and stir beef, onion, green bell pepper, red bell pepper, and garlic in the hot skillet until beef is browned and crumbly, 5 to 7 minutes; drain and discard grease. Stir tomatoes, ketchup, brown sugar, mustard, salt, and pepper into ground beef mixture; reduce heat and simmer until heated through, about 10 minutes. Bring a large pot of lightly salted water to a boil. Cook corn in the boiling water until cooked through, about 5 minutes; drain. Bring a large pot of lightly salted water to a boil; add penne and cook, stirring occasionally, until tender yet firm to the bite, about 11 minutes. Drain. Mix corn, pasta, and Colby-Jack cheese into ground beef mixture; pour into a 9x13-inch baking dish. Bake in the preheated oven until heated through and cheese is melted, about 20 minutes.",1 hr 5 mins,8.0,8 servings,512.6,8.090044780334308,4.088054543254039,6.1535978914245,0.7265979048720466,amber,red,amber,amber,2.0,3.0,2.0,2.0,9.0,unhealthy,4.32,Casserole Recipes,American,65.0,13,Casserole and Pies,American,recipe_images/recipe_203.jpg,Casserole and Pies
Brown Sugar and Pineapple Glazed Ham,https://www.allrecipes.com/recipe/214002/brown-sugar-and-pineapple-glazed-ham/,main-dish,This easy but delicious ham glaze has been a family holiday favorite for years!,"1 (6 pound) fully-cooked, bone-in ham ; 1  fresh pineapple ; 2 (6 ounce) cans pineapple juice ; 1 cup brown sugar","Preheat oven to 325 degrees F (165 degrees C). Place the ham, cut side down, into a roasting pan. Cut the skin off the pineapple with a sharp knife and cut out any brown spots of skin left behind. Slice the pineapple into 1/2-inch slices and cut the cores out of the slices. Pin the slices onto the ham with toothpicks. Bake ham in the preheated oven until a meat thermometer inserted into the thickest part of the ham reads 140 degrees F (60 degrees C),  1 1/2 to 2 hours. While the ham is baking, mix the pineapple juice and brown sugar in a microwave-safe ceramic or glass bowl and microwave on medium power until the glaze is boiling and slightly thickened. Work carefully because the glaze will be sticky and very hot. Pour about half the glaze evenly over the ham and pineapple about 1 hour before the end of baking; pour the rest over the ham about 30 minutes before the end of baking.",1 hr 50 mins,20.0,1 6-pound glazed ham,396.3,82.6100932176149,28.608164577306333,47.25168756027,0.5440372870459658,red,red,red,amber,3.0,3.0,3.0,2.0,11.0,unhealthy,4.66,Pork,American,110.0,4,Pork,American,recipe_images/recipe_205.jpg,Meat Dishes
Unstuffed Bell Peppers,https://www.allrecipes.com/recipe/236133/unstuffed-bell-peppers/,main-dish,"A classic family favorite deconstructed. My kids love stuffed green peppers, but don't like to eat the whole peppers, so I came up with this to make it more appealing to my picky eaters.","1 pound ground beef ; 3 cups cooked rice ; 1  red bell pepper, chopped ; 1  orange bell pepper, chopped ; 1  green bell pepper, chopped ; 2 cups tomato sauce ; ½ cup brown sugar ; 8 ounces shredded Cheddar cheese","Preheat oven to 400 degrees F (200 degrees C). Heat a large skillet over medium-high heat. Break ground beef into pieces and add to skillet; cook and stir until about half of the beef is browned, 3 to 5 minutes. Stir red bell pepper, orange bell pepper, and green bell pepper into the beef; continue to cook and stir until the beef is entirely browned, about 5 minutes more. Drain and discard grease. Mix tomato sauce and brown sugar together in a bowl; pour over the beef mixture. Stir rice into the beef mixture and stir; transfer to a 9x13-inch baking dish. Sprinkle Cheddar cheese over the mixture. Bake in preheated oven until the cheese is bubbling, about 30 minutes. Cool dish 5 minutes before serving.",55 mins,6.0,6 servings,496.5,7.032990346875996,3.723347830699056,7.319401718468231,0.5679696616102684,red,red,amber,amber,3.0,3.0,2.0,2.0,10.0,unhealthy,4.36,Casserole Recipes,American,55.0,8,Casserole and Pies,American,recipe_images/recipe_228.jpg,Casserole and Pies
Hawaiian Meatballs,https://www.allrecipes.com/recipe/274276/hawaiian-meatballs/,main-dish,"Hawaiian-style meatballs in a sweet, somewhat tangy sauce.","1 pound ground beef ; ½ teaspoon ground ginger ; ¼ teaspoon garlic powder ; ¼ teaspoon ground black pepper ; 1 (8 ounce) can pineapple chunks, juice reserved ; ⅓ cup water, or as needed ; ¼ cup brown sugar ; 2 tablespoons cornstarch ; ¼ cup white vinegar ; 1 tablespoon soy sauce ; 1  green bell pepper, chopped","Mix together ground beef, ginger, garlic powder, and pepper until well combined. Form into 1 1/2-inch meatballs. Saute meatballs in a large frying pan over medium-high heat until browned, about 10 minutes. Remove meatballs to a plate, reserving the pan drippings. While the meatballs are cooking, pour juice from the canned pineapple into a liquid measuring cup and add enough water to make 1 cup. Mix brown sugar and cornstarch in a small bowl. Add pineapple juice and brown sugar mixtures to the warm pan drippings. Add vinegar and soy sauce and bring to a boil. Cook until sauce thickens, 2 to 3 minutes. Add meatballs, pineapple chunks, and green pepper. Simmer until meatballs are no longer pink inside, about 10 minutes.",50 mins,4.0,4 servings,335.9,8.833271991166729,3.4797738147020447,11.938300933516246,0.373272660354,amber,red,amber,amber,2.0,3.0,2.0,2.0,9.0,unhealthy,4.26,Meatball Recipes,Hawaiian,50.0,11,Meatballs,American,recipe_images/recipe_239.jpg,Meat Dishes
Honey-Garlic Pork Chops,https://www.allrecipes.com/recipe/270049/honey-garlic-pork-chops/,main-dish,"Hands down, these are the best pork chops I have ever had.","5 (1-inch thick) boneless pork chops ; 1 teaspoon salt ; 1 teaspoon ground black pepper ; 1 teaspoon garlic powder ; 1 tablespoon olive oil ; 1 cup honey ; ¼ cup brown sugar ; ¼ cup soy sauce ; 2 teaspoons chopped garlic ; 2 tablespoons butter ; ¼ teaspoon ground ginger ; 1 dash cayenne pepper, or to taste","Preheat the oven to 350 degrees F (175 degrees C). Grease a 9x13-inch baking dish. Season pork chops with salt, pepper, and garlic powder. Heat olive oil in a skillet over medium heat. Brown pork chops 3 to 4 minutes per side. Transfer to the prepared baking dish. Whisk honey, brown sugar, soy sauce, garlic, and butter together in a bowl and pour over the pork chops in the baking dish. Bake in the preheated oven for 25 minutes. Remove from oven and let pork chops sit in the baking dish 5 minutes more to soak up juices. Serve pork chops topped with extra sauce.",45 mins,5.0,5 pork chops,666.0,10.963549025148348,4.1819723085617415,37.69426391636056,1.8571630404068944,amber,red,red,red,2.0,3.0,3.0,3.0,11.0,unhealthy,4.44,Pork,,45.0,12,Pork,Asian,recipe_images/recipe_241.jpg,Meat Dishes
Ham and Pineapple Dinner,https://www.allrecipes.com/recipe/17801/ham-and-pineapple-dinner/,main-dish,A great take on a Hawaiian-style dinner. This one's great for that leftover ham. Cubed ham sauteed with onions and pineapple in a sweet sauce. Kids love it and it's great served over rice or noodles.,"2 tablespoons butter ; 2 ½ cups cooked and cubed ham ; 2  green onions, chopped ; 1 cup pineapple chunks, drained ; 1 ⅓ cups pineapple juice ; 4 teaspoons cider vinegar ; 2 tablespoons brown sugar ; 2 teaspoons prepared mustard ; 2 tablespoons cornstarch","Melt the butter in a large skillet over medium heat. Saute the ham, onions and pineapple chunks in the butter for about 5 minutes. In a separate medium bowl, combine the pineapple juice, vinegar, brown sugar, mustard and cornstarch. Stir this together well and pour over the ham mixture in the skillet. Stir well and allow to heat through and thicken, about 5 minutes.",35 mins,4.0,4 servings,322.9,17.622377622377623,8.251748251748252,34.26573426573427,4.4013986013986015,red,red,red,red,3.0,3.0,3.0,3.0,12.0,unhealthy,4.32,Everyday Cooking,American,35.0,9,Pork,American,recipe_images/recipe_249.jpg,Meat Dishes
Brisket Marinade,https://www.allrecipes.com/recipe/37930/brisket-marinade/,main-dish,"My family has been using this brisket marinade recipe for about 15 years now. So easy, and absolutely to die for! Marinade is good for oven-baked or grilled brisket. You can find liquid smoke at the grocery store, near the bottled marinades.",½ cup red wine ; ¼ cup Worcestershire sauce ; ¼ cup liquid smoke flavoring ; 2 teaspoons onion salt ; 2 teaspoons garlic salt ; 4 teaspoons pepper ; 4 teaspoons celery flakes,"In a medium bowl, combine wine, Worcestershire sauce and liquid smoke. Stir in celery flakes, onion salt, garlic salt, and pepper.",5 mins,6.0,1 cup,114.7,65.78313253012048,9.397590361445785,9.397590361445785,24.215060240963854,red,red,amber,red,3.0,3.0,2.0,3.0,11.0,unhealthy,4.56,Roast Recipes,American,5.0,7,Beef,American,recipe_images/recipe_265.jpg,Meat Dishes
Pittsburgh Chipped Ham Barbecues,https://www.allrecipes.com/recipe/34510/pittsburgh-chipped-ham-barbecues/,main-dish,Barbequed ham sandwiches are a quick solution to dinner. The barbeque sauce is simple and made from scratch on the stove top.,1 cup ketchup ; 1 cup water ; 1 tablespoon brown sugar ; 1 tablespoon cider vinegar ; ¼ cup sweet pickle relish ; 1 tablespoon Worcestershire sauce ; ¼ teaspoon ground cinnamon ; 1 pinch ground black pepper ; 1 pinch garlic salt ; ½ teaspoon liquid smoke flavoring ; 1 pound chipped ham ; 6  hamburger buns,"In a large saucepan, combine the ketchup, water, brown sugar, cider vinegar, sweet pickle relish and Worcestershire sauce. Season with cinnamon, black pepper,  garlic salt and liquid smoke.  Bring to a simmer over low heat and simmer for 20 minutes. Shred the ham and stir into the mixture. Simmer longer if desired, then serve hot on hamburger buns. The mixture can also be frozen.",35 mins,6.0,6 servings,326.5,7.047111243684633,2.1476910456943643,9.798840395980536,3.117843360241615,amber,amber,amber,red,2.0,2.0,2.0,3.0,9.0,unhealthy,4.46,Pork,U.S.,35.0,12,Sandwich,American,recipe_images/recipe_291.jpg,Sandwiches and Tacos
Ham Loaf I,https://www.allrecipes.com/recipe/17973/ham-loaf-i/,main-dish,"This was a favorite recipe of our Mom's for Sunday dinner. We all loved it, and I'm sure you will too. Ground ham is formed into a meatloaf and baked in the oven.",2 pounds ground ham ; 1 ½ pounds ground pork ; 2  eggs ; 1 cup dried bread crumbs ; 1 cup evaporated milk ; ⅛ teaspoon salt ; ⅛ teaspoon ground black pepper ; 1 cup brown sugar ; 1 tablespoon mustard powder ; ¼ cup cider vinegar,"Preheat oven to 350 degrees F (175 degrees C). In a large bowl, combine the ham, pork, eggs, bread crumbs, evaporated milk, salt and ground black pepper. Mix all together well and form into a loaf. Place loaf into a lightly greased 9x13 inch baking dish. Bake at 350 degrees F (175 degrees C) for 90 minutes. While the loaf is baking, combine the brown sugar, mustard powder and vinegar. Mix well and pour over the loaf in the final 15 minutes of baking.",1 hr 40 mins,8.0,8 servings,759.9,29.728996407601553,11.183103788840771,21.46322404193663,0.5383171078479253,red,red,red,amber,3.0,3.0,3.0,2.0,11.0,unhealthy,4.63,Pork,American,100.0,10,Meatloaf,American,recipe_images/recipe_292.jpg,Meat Dishes
Hawaiian Roll Roast Beef and Cheese Sandwiches,https://www.allrecipes.com/recipe/261054/hawaiian-roll-roast-beef-and-cheese-sandwiches/,main-dish,"Easy, make-ahead, bite-sized sandwiches with Hawaiian rolls.","½ cup prepared horseradish ; 1 (12 count) package Hawaiian bread rolls, split ; 12 slices deli roast beef ; 12 slices deli-sliced Swiss cheese ; ½ cup butter ; 1  onion, finely chopped ; 2 tablespoons brown sugar ; 1 tablespoon spicy brown mustard ; 1 ½ teaspoons Worcestershire sauce ; 1 pinch garlic powder, or to taste ; 2 teaspoons poppy seeds","Preheat oven to 350 degrees F (175 degrees C). Grease a 9x13-inch baking dish. Spread horseradish on the bottoms of the Hawaiian bread rolls and cover each with 1 slice roast beef and 1 slice Swiss cheese. Cover with top bread rolls. Melt butter in a saucepan over medium heat. Cook and stir onion, brown sugar, spicy mustard, Worcestershire sauce, and garlic powder until onion is soft and translucent, about 5 minutes. Pour over Hawaiian rolls and sprinkle rolls with poppy seeds. Cover with aluminum foil. Bake in the preheated oven until heated through, about 25 minutes. Uncover and bake until tops are lightly browned, about 10 minutes.",55 mins,12.0,12 sandwiches,445.4,17.160093844263212,15.819461512680148,5.094402860015641,2.1292593006368,amber,red,amber,red,2.0,3.0,2.0,3.0,10.0,unhealthy,4.78,More Meal Ideas,American,55.0,11,Sandwich,American,recipe_images/recipe_312.jpg,Sandwiches and Tacos
Amish Meatloaf,https://www.allrecipes.com/recipe/65250/amish-meatloaf/,main-dish,"A recipe for Amish meatloaf topped with bacon strips and a ketchup glaze that I had while in Amish country in Holmes County, Ohio.","2 pounds ground beef ; 2 ½ cups crushed butter-flavored crackers  ; 1 small onion, chopped ; 2  eggs ; ¾ cup ketchup ; ¼ cup brown sugar ; 2 slices bacon ; 1 cup ketchup ; 2 tablespoons vinegar ; ¾ teaspoon salt, or to taste ; 2 tablespoons prepared yellow mustard ; ½ cup brown sugar","Preheat the oven to 350 degrees F (175 degrees C). In a medium bowl, mix together ground beef, crushed crackers, onion, eggs, 3/4 cup ketchup, and 1/4 cup brown sugar until well blended. Press into a 9x5 inch loaf pan. Lay the two slices of bacon over the top. Bake for 1 hour in the preheated oven, or until cooked through. While the loaf bakes, mix together the remaining 1 cup ketchup, vinegar, salt, mustard and 1/2 cup brown sugar. Spread over the top of the meat loaf for the last 15 minutes of baking.",1 hr 15 mins,8.0,1 - 9x5 inch loaf,464.0,12.387172525133924,4.109488515447274,19.725544874146912,1.7036765245468557,red,red,red,red,3.0,3.0,3.0,3.0,12.0,unhealthy,4.5,Meatloaf Recipes,Amish American,75.0,12,Meatloaf,American,recipe_images/recipe_322.jpg,Meat Dishes
Southern Macaroni and Cheese Pie,https://www.allrecipes.com/recipe/220376/southern-macaroni-and-cheese-pie/,main-dish,"Macaroni and Cheese Pie is a staple of all good Southern family dinners, church dinners and socials.","cooking spray ; 2 cups uncooked elbow macaroni ; ½ cup butter ; 2 (12 ounce) cans evaporated milk ; 1 tablespoon ground black pepper ; 3  eggs ; 1 teaspoon salt ; 4 cups shredded Cheddar cheese ; 1 pinch paprika, or to taste  (Optional)","Preheat the oven to 425 degrees F (220 degrees C). Spray a 9x13-inch casserole dish with cooking spray. Fill a large pot with lightly salted water and bring to a boil. Stir in the macaroni and return to a boil. Cook pasta uncovered, stirring occasionally, until it has cooked through but is still slightly firm, about 8 minutes; drain. Slowly melt butter in a large pot over low heat. Stir in evaporated milk and black pepper; cook until heated through. Whisk eggs in a bowl until smooth; whisk about 1/2 cup of the evaporated milk mixture into the eggs, 1 tablespoon at a time, until thoroughly incorporated. Whisk the egg mixture back into the saucepan with evaporated milk mixture. Continue to heat gently, whisking constantly, until the evaporated milk mixture almost comes to a simmer and the sauce thickens. Gently mix salt and cooked macaroni into the sauce and stir to combine. Spoon 1/4 of the macaroni mixture in a layer into the bottom of the prepared casserole dish and top with 1 cup shredded Cheddar cheese. Repeat layers three more times; top last cheese layer with paprika to taste. Bake in the preheated oven until casserole is bubbling, about 20 minutes.",55 mins,8.0,8 servings,620.5,22.5241703684348,13.796707603867256,5.121505095374967,1.2008100339691663,red,red,amber,red,3.0,3.0,2.0,3.0,11.0,unhealthy,4.49,Pasta,Southern,55.0,9,Casserole and Pies,American,recipe_images/recipe_327.jpg,Casserole and Pies
Roast Pork with Maple and Mustard Glaze,https://www.allrecipes.com/recipe/9253/roast-pork-with-maple-and-mustard-glaze/,main-dish,Roast pork is great for Christmas. Try this recipe. You'll love it.,2 ½ pounds boneless pork loin roast ; 1 cup real maple syrup ; 4 tablespoons prepared Dijon-style mustard ; 2 ½ tablespoons cider vinegar ; 2 ½ tablespoons soy sauce ;   salt to taste ;   ground black pepper to taste,"Preheat the oven to 350 degrees F (175 degrees C). Stir together the maple syrup, mustard, vinegar, soy sauce, salt, and pepper in a small bowl. Place pork roast in a shallow roasting pan. Spread glaze evenly over pork roast. Roast pork in the preheated oven uncovered, until internal temperature measured with a meat thermometer reaches 145 degrees F (63 degrees C), about 1 hour.  Remove from oven, and let rest about 10 minutes before slicing to serve.",1 hr 25 mins,8.0,8 servings,289.8,72.88888888888889,26.666666666666668,208.8888888888889,11.595555555555553,red,red,red,red,3.0,3.0,3.0,3.0,12.0,unhealthy,4.58,Pork,American,85.0,7,Pork,American,recipe_images/recipe_329.jpg,Meat Dishes
Bologna Salad Sandwich Spread I,https://www.allrecipes.com/recipe/21062/bologna-salad-sandwich-spread-i/,main-dish,"A girlfriend's mom made this spread years ago for our Teen Club Luncheon back in Iowa in the 50's. I asked her to tell my Mom  how to make it. I made the recipe for my kids while they were growing up & they still love it. Sweet relish and eggs round out the flavor of bologna in this simple but delicious spread. Serve it on cocktail toast, or use it in sandwiches. The amount of egg, creamy salad dressing and relish should be adjusted to taste.",4  eggs ; 1 (16 ounce) package bologna ; 1 (16 ounce) jar creamy salad dressing ; 1 cup sweet pickle relish,"Place eggs in a medium saucepan and cover with cold water. Bring water to a boil and immediately remove from heat. Cover and let eggs stand in hot water for 10 to 12 minutes. Remove from hot water, cool, peel and chop. Grind the bologna and eggs in a meat grinder with a medium blade. In a large bowl, mix the bologna mixture with desired amount of creamy salad dressing and desired amount of sweet pickle relish. Refrigerate 2 to 3 hours, or until chilled.",2 hrs 40 mins,48.0,6 cups,63.6,19.91012789491877,4.562737642585551,11.614241272035947,2.44210162461113,red,amber,amber,red,3.0,2.0,2.0,3.0,10.0,unhealthy,4.23,Sandwich Recipes,U.S.,160.0,4,Sandwich,American,recipe_images/recipe_332.jpg,Sandwiches and Tacos
Restaurant Style Mac and Cheese,https://www.allrecipes.com/recipe/23026/restaurant-style-mac-and-cheese/,main-dish,Excellent restaurant-style macaroni with cheese that knocked me away!,"1 ½ cups macaroni ; 6 ounces processed cheese, shredded ; ½ cup shredded Cheddar cheese ; 2 tablespoons heavy cream ;   salt to taste","Bring a large pot of lightly salted water to a boil. Add pasta and cook for 8 to 10 minutes or until al dente; drain. Return drained pasta to the pot. Mix in processed cheese, Cheddar cheese, and cream. Stir until cheeses melt. Sprinkle with salt.",25 mins,4.0,4 servings,376.4,33.58507330075521,19.7245668591737,6.752554420257663,2.7667703243003103,red,red,amber,red,3.0,3.0,2.0,3.0,11.0,unhealthy,4.18,Pasta,American,25.0,5,Pasta and Noodles,American,recipe_images/recipe_344.jpg,Pasta
Peanut Noodles,https://www.allrecipes.com/recipe/13974/peanut-noodles/,main-dish,"A really easy recipe that tastes equally good served hot, warm, or cold.  Good for a packed lunch. Fettuccini or spaghetti both work great!","8 ounces spaghetti ; 1 bunch green onions, sliced (white parts only) ; 2 tablespoons sesame oil ; 1 teaspoon minced fresh ginger root ; ⅓ cup peanut butter ; ¼ cup soy sauce ; ¼ cup hot water ; 1 tablespoon cider vinegar ; 1 teaspoon white sugar ; ¼ teaspoon crushed red pepper flakes","Cook pasta in a large pot of boiling water until done. Drain. Meanwhile, combine oil and onions in a small skillet. Saute over low heat until tender. Add ginger; cook and stir for 1 to 2 minutes.  Mix in peanut butter, soy sauce, water, vinegar, sugar, and red pepper flakes. Remove from heat. Toss noodles with sauce, and serve.",25 mins,3.0,2 to 4 servings,568.4,22.65644825661067,4.111049078820484,7.491244988072881,3.086941074963203,red,amber,amber,red,3.0,2.0,2.0,3.0,10.0,unhealthy,4.03,Pasta,,25.0,10,Pasta and Noodles,Asian,recipe_images/recipe_352.jpg,Pasta
Teriyaki Pork Chops,https://www.allrecipes.com/recipe/247091/teriyaki-pork-chops/,main-dish,"Delicious pork chops my boyfriend, his friend, and I discovered one night with homemade French fries! Really tasty.",¾ cup teriyaki sauce ; 2 ¼ teaspoons garlic salt ; 1 ½ teaspoons ground black pepper ; 3  pork chops ; 1 tablespoon extra-virgin olive oil,"Combine teriyaki sauce, garlic salt, and black pepper in a bowl. Place pork chops on a deep plate. Pour 3/4 of the teriyaki mixture on top. Flip pork chops to coat second side. Let marinate in the refrigerator, about 30 minutes. Heat oil in large skillet over medium heat; add pork chops, discarding marinade. Cover and cook until pork chops are browned, about 15 minutes. Flip and continue cooking until pork chops are cooked through, about 10 minutes. Uncover and pour in remaining 1/4 of the teriyaki mixture. Cover and simmer until flavors combine, about 5 minutes.",1 hr 10 mins,3.0,3 servings,225.0,7.28395061728395,1.9135802469135803,6.296296296296296,6.414814814814816,amber,amber,amber,red,2.0,2.0,2.0,3.0,9.0,unhealthy,4.33,Pork,American,70.0,5,Pork,Asian,recipe_images/recipe_364.jpg,Meat Dishes
Seafood Newburg,https://www.allrecipes.com/recipe/15053/seafood-newburg/,main-dish,"A shellfish dish with a rich, elegant sauce. It's excellent served over rice or noodles.","¼ cup butter ; ¼ cup all-purpose flour ; ½ teaspoon salt ; 1 ½ cups milk ; ¼ cup dry sherry ; 1 pinch paprika ; 3 tablespoons ketchup ; 1 dash Worcestershire sauce ; 2 (6 ounce) cans small shrimp, drained","Combine butter, flour and salt in a saucepan. Cook for two minutes. Slowly pour in milk and bring mixture to a boil. Stir sherry into the mixture (to taste), paprika, catsup and Worcestershire sauce. Place seafood in the saucepan and heat thoroughly. Serve hot.",15 mins,4.0,4 servings,302.6,13.958862953547492,8.134966489484631,6.470996071180957,1.7749017795239193,amber,red,amber,red,2.0,3.0,2.0,3.0,10.0,unhealthy,4.15,Seafood Main Dishes,American,15.0,9,Seafood,American,recipe_images/recipe_365.jpg,Seafood
Skinny Meatloaf,https://www.allrecipes.com/recipe/268958/skinny-meatloaf/,main-dish,This is a traditional meatloaf recipe without all of the fat and calories. Delicious!,"cooking spray ; 1 pound extra-lean ground beef ; 2  egg whites ; ½ cup Italian-seasoned bread crumbs ; ⅓ cup finely chopped onion ; ⅓ cup Worcestershire sauce ; ¼ cup ketchup, divided ; 1 ½ tablespoons brown sugar ; 1 teaspoon salt ; ¼ teaspoon ground black pepper","Preheat the oven to 350 degrees F (175 degrees C). Spray a loaf pan lightly with cooking spray. Combine beef, egg whites, bread crumbs, onion, Worcestershire sauce, 2 tablespoons ketchup, brown sugar, salt, and pepper in a bowl. Press into the prepared loaf pan. Bake in the preheated oven, uncovered, until no longer pink in the center, about 45 minutes. Spread remaining ketchup over the top and continue baking until ketchup bubbles and thickens, about 15 minutes more.",1 hr 10 mins,4.0,4 servings,318.0,8.442725779542426,3.1039433013023627,7.325306191073576,1.9461724499165811,amber,amber,amber,red,2.0,2.0,2.0,3.0,9.0,unhealthy,5.0,Meatloaf Recipes,American,70.0,10,Meatloaf,American,recipe_images/recipe_368.jpg,Meat Dishes
Meatloaf that Doesn't Crumble,https://www.allrecipes.com/recipe/79749/meatloaf-that-doesnt-crumble/,main-dish,I have tried and tried meatloaf recipes they all fall apart before you get them out of the pan. This meatloaf is very good and sticks together to be served.  Leftover meatloaf makes wonderful sandwiches with mayonnaise.,"1  green bell pepper, seeded and cubed ; 1 medium onion, roughly chopped ; 3 small stalks celery ; 1 ¼ pounds ground beef ; 1 pound mild pork sausage ; 1 ½ cups cracker crumbs ; 1 (1 ounce) envelope dry onion soup mix ; ¼ teaspoon salt ; ¼ teaspoon ground black pepper ; ½ teaspoon dried sage ; 1 ½ cups milk ; ½ cup ketchup","Preheat the oven to 350 degrees F (175 degrees C). In a food processor or blender, combine the bell pepper, onion and celery. Process until finely chopped, but not liquid. Transfer to a large bowl. Add the ground beef, ground pork, cracker crumbs, onion soup mix, salt, pepper, sage and milk. Mix well using your hands, or if you have a stand mixer, mix using the paddle attachment. Transfer to a 9x5 inch loaf pan and form into a loaf, mounding in the center. Cover with a generous layer of ketchup. Bake for 1 1/2 hours in the preheated oven. Serve hot. Refrigerate leftovers, slice and serve cold in sandwiches.",2 hrs 30 mins,10.0,10 servings,413.0,35.77330611451347,13.350183078966982,7.128738537312465,2.5608373027445643,red,red,amber,red,3.0,3.0,2.0,3.0,11.0,unhealthy,4.57,Meatloaf Recipes,,150.0,12,Meatloaf,American,recipe_images/recipe_382.jpg,Meat Dishes
Heavenly Hot Dog Sauce,https://www.allrecipes.com/recipe/80782/heavenly-hot-dog-sauce/,main-dish,"This is my family's favorite hotdog sauce. It originates from West Virginia. We like it with a bite, but you can adjust it to your taste. We top the hotdogs with ketchup, mustard, the hotdog sauce, and finally some chopped onions...YUM!  This recipe makes enough for freezing and using later.",2 ½ pounds lean ground beef ; 1 cup water ; ½ cup tomato sauce ; ⅓ cup ketchup ; ½ tablespoon salt ; ½ tablespoon pepper ; 1 tablespoon white sugar ; 1 tablespoon chili powder ;   crushed red pepper flakes to taste,"Crumble ground beef into a Dutch oven over medium heat. Stir in water, and mash ground beef thoroughly with a potato masher. Stir in tomato sauce, ketchup, salt, pepper, sugar, and chili powder; bring to a boil. Reduce heat to low; simmer, 60 to 90 minutes, until the sauce reaches a medium consistency that is not too soupy.",1 hr 40 mins,12.0,12 servings,267.8,164.23963133640552,65.5299539170507,25.71428571428572,10.175806451612903,red,red,red,red,3.0,3.0,3.0,3.0,12.0,unhealthy,4.21,,Southern,100.0,9,Sandwich,American,recipe_images/recipe_402.jpg,Sandwiches and Tacos
Cucumber Sandwiches III,https://www.allrecipes.com/recipe/52112/cucumber-sandwiches-iii/,main-dish,Really great appetizer for the summer or anytime. Every time I have served these everyone wants the recipe...and they're so easy! Just be sure to refrigerate the cream cheese mixture overnight!,"1 (8 ounce) package cream cheese, softened ; ½ cup mayonnaise ; 1 (.7 ounce) package dry Italian salad dressing mix ; 2 loaves French bread, cut into 1 inch slices ; 2 medium cucumbers, sliced ; 1 pinch dried dill weed","In a medium bowl, mix together the cream cheese, mayonnaise and Italian dressing mix. Refrigerate for at least 6 hours, or preferably overnight. Spread the cream cheese blend onto slices of French bread. Top with a cucumber slice, and sprinkle with dill. You can make as many or few as you like. the cream cheese mixture keeps for about a week in the refrigerator so you can make them over and over again!",20 mins,35.0,35 servings,123.1,38.54748011733684,14.084656196719228,8.895572334770039,5.49672240519332,red,red,amber,red,3.0,3.0,2.0,3.0,11.0,unhealthy,4.64,Sandwich Recipes,American,20.0,6,Sandwich,American,recipe_images/recipe_408.jpg,Sandwiches and Tacos
Reuben Sandwich,https://www.allrecipes.com/recipe/32161/reuben-sandwich/,main-dish,I make this Reuben for my husband...hope you will enjoy it. Serve with coleslaw or potato salad.,"8 slices rye bread ; ¾ cup thousand island dressing ; 1 (16 ounce) can sauerkraut, drained ; 8 slices Swiss cheese ; 8 slices pastrami ; ¼ cup margarine, softened","Spread each slice of bread with thousand island dressing. Top 4 of the bread slices with sauerkraut, cheese and pastrami. Place remaining bread slices on sandwich. Spread margarine on the outsides of each sandwich. Heat a large skillet over medium high heat. Grill until browned, then turn and grill until heated through, and cheese is melted.",25 mins,4.0,4 sandwiches,792.6,17.957624175060786,5.974296630774575,5.140673845085099,2.124609239319208,red,red,amber,red,3.0,3.0,2.0,3.0,11.0,unhealthy,4.67,Sandwich Recipes,American,25.0,6,Sandwich,American,recipe_images/recipe_415.jpg,Sandwiches and Tacos
Neat Sloppy Joes,https://www.allrecipes.com/recipe/69549/neat-sloppy-joes/,main-dish,"No green pepper in this recipe, so it's a hit with kids. We added this to the menu at a children's camp, and it has been a favorite for several years.  The mixture is thick, so they are 'neat' rather than sloppy. This freezes and reheats well.",2 pounds lean ground beef ; ½ cup chopped onion ; 1 cup chopped celery ; 1 (10.75 ounce) can  condensed tomato soup ; ¼ cup ketchup ; 1 tablespoon white vinegar ; ¼ cup packed brown sugar ; 1 ½ teaspoons Worcestershire sauce ; ½ teaspoon salt ; ¼ teaspoon garlic powder ; 8  hamburger buns,"Place ground beef in a large skillet over medium heat. Cook until evenly browned, stirring to crumble. I like to use a potato masher to even out the lumps. Add onion and celery, cover the pan, and cook until tender and transparent, about 5 minutes. Drain off any grease. Stir the tomato soup (undiluted), ketchup, vinegar, brown sugar and Worcestershire sauce into the beef mixture. Season with salt and garlic powder. Heat to a simmer over low heat, and cook until thoroughly heated, stirring frequently to prevent it from burning on the bottom. Spoon the hot beef mixture onto buns, which may be toasted first, and serve.",50 mins,8.0,8 servings,406.9,7.588052792627773,2.7716839541933784,5.361618140898667,0.8794416874329974,amber,red,amber,red,2.0,3.0,2.0,3.0,10.0,unhealthy,4.5,Sandwich Recipes,American,50.0,11,Sandwich,American,recipe_images/recipe_423.jpg,Sandwiches and Tacos
Healthier Brown Sugar Meatloaf,https://www.allrecipes.com/recipe/222111/healthier-brown-sugar-meatloaf/,main-dish,"This is an easy tasty meatloaf made healthier with less sugar, low-fat milk, added parsley and whole wheat bread crumbs. Enjoy!","3 tablespoons packed brown sugar ; ½ cup ketchup ; 1 ½ pounds lean ground beef ; ¾ cup low-fat (1%) milk ; 2  eggs ; 1 ½ teaspoons salt ; ¼ teaspoon ground black pepper ; 1 small onion, chopped ; ¼ teaspoon ground ginger ; ¾ cup whole wheat bread crumbs ; ¼ cup chopped parsley","Preheat oven to 350 degrees F (175 degrees C). Lightly grease a 9x5-inch loaf pan. Press brown sugar in the bottom of prepared loaf pan and spread ketchup over sugar. Mix ground beef, milk, eggs, salt, ground pepper, onion, ginger, bread crumbs, and parsley thoroughly in a mixing bowl. Shape into a loaf and place on top of ketchup. Bake in preheated oven until no longer pink in the center, about 1 hour. An instant-read thermometer inserted into the center should read at least 160 degrees F (70 degrees C).",1 hr 20 mins,8.0,8 servings,265.1,30.56032231589943,11.69887338655525,23.875251809296422,4.387674401253451,red,red,red,red,3.0,3.0,3.0,3.0,12.0,unhealthy,4.55,Meatloaf Recipes,American,80.0,11,Meatloaf,American,recipe_images/recipe_425.jpg,Meat Dishes
My Favorite Sloppy Joes,https://www.allrecipes.com/recipe/231175/my-favorite-sloppy-joes/,main-dish,This is my go-to sloppy joe recipe. Liquid smoke is the key ingredient here.,"1 pound lean ground beef ; 1 cup ketchup ; ¼ cup dried minced onion ; 3 tablespoons brown sugar, or to taste ; 2 tablespoons spicy brown mustard ; 1 tablespoon Worcestershire sauce, or more to taste ; 1 tablespoon liquid smoke flavoring ; 1 teaspoon minced garlic ; 1 cup beef broth ;   salt and ground black pepper to taste","Cook and stir ground beef in a skillet over medium heat until meat is browned and crumbly, about 10 minutes; drain excess grease. Mix ketchup, dried onion, brown sugar, mustard, Worcestershire sauce, smoke flavoring, and garlic into beef, stirring until brown sugar has dissolved. Stir beef broth into beef mixture and bring to a boil; reduce heat to low and simmer until thick, about 30 minutes. Season with salt and black pepper.",50 mins,6.0,6 servings,247.5,10.786516853932584,3.5955056179775284,15.191011235955054,1.6705617977528089,amber,amber,amber,red,2.0,2.0,2.0,3.0,9.0,unhealthy,4.58,Sandwich Recipes,American,50.0,10,Sandwich,American,recipe_images/recipe_434.jpg,Sandwiches and Tacos
Glazed Meatloaf I,https://www.allrecipes.com/recipe/16293/glazed-meatloaf-i/,main-dish,This is a succulent meatloaf glazed with a sweet and sour sauce that everyone will enjoy!,"½ cup ketchup ; ⅓ cup brown sugar ; ¼ cup lemon juice, divided ; 1 teaspoon mustard powder ; 2 pounds ground beef ; 3 slices bread, broken up into small pieces ; ¼ cup chopped onion ; 1  egg, beaten ; 1 teaspoon beef bouillon granules","Preheat oven to 350 degrees F (175 degrees C). In a small bowl, combine the ketchup, brown sugar, 1 tablespoon lemon juice and mustard powder. In a separate large bowl, combine the ground beef, bread, onion, egg, bouillon, remaining lemon juice and 1/3 of the ketchup mixture from the small bowl. Mix this well and place in a 5x9 inch loaf pan. Bake at 350 degrees F (175 degrees C) for 1 hour, drain any excess fat, coat with remaining ketchup mixture and bake for 10 more minutes.",1 hr 20 mins,6.0,6 servings,589.3,21.97885859857691,8.802084858422885,9.329155808029046,0.6587069192702996,red,red,amber,amber,3.0,3.0,2.0,2.0,10.0,unhealthy,4.63,Meatloaf Recipes,,80.0,9,Meatloaf,American,recipe_images/recipe_440.jpg,Meat Dishes
Smoked Gouda Mac and Cheese,https://www.allrecipes.com/recipe/27074/smoked-gouda-mac-and-cheese/,main-dish,"This is a marvelously smooth mac and cheese with a bit of a bite.  My family loves this.  I got the idea from a recipe made on a popular cooking show, and adapted it to my own recipe and tastes.  Delicious contrast if served with a 'sweet' main dish.","1 (16 ounce) package seashell pasta ; 2 ½ tablespoons butter ; 2 tablespoons all-purpose flour ; 2 ½ cups milk ; ½ teaspoon salt ; ¼ teaspoon ground white pepper ; 4 ounces smoked Gouda cheese, shredded","Preheat oven to 375  degrees F (190 degrees C).  Lightly grease a 10 inch casserole dish. Bring a large pot of lightly salted water to a boil.  Add pasta and cook for 8 to 10 minutes or until al dente; drain. Melt butter in a small saucepan over medium heat.  Stir in the flour and cook until a roux forms.  Stir in the milk, salt and pepper; cook, stirring constantly, until sauce is smooth and thick and coats the back of a spoon.  Remove from heat and stir in cheese. Combine cooked pasta and cheese sauce; transfer to prepared dish. Bake in preheated oven for 15 minutes, or until heated through.",45 mins,8.0,8 servings,328.5,14.053039993178135,8.186236889229983,7.913362326255649,1.0955913703419458,amber,red,amber,amber,2.0,3.0,2.0,2.0,9.0,unhealthy,3.94,Pasta,American,45.0,7,Pasta and Noodles,American,recipe_images/recipe_447.jpg,Pasta
Heather's Grilled Salmon,https://www.allrecipes.com/recipe/218093/heathers-grilled-salmon/,main-dish,An easy delicious way to grill salmon. This also reheats nicely for lunches the next day!,¼ cup brown sugar ; ¼ cup olive oil ; ¼ cup soy sauce ; 2 teaspoons lemon pepper ; 1 teaspoon dried thyme ; 1 teaspoon dried basil ; 1 teaspoon dried parsley ; ½ teaspoon garlic powder ; 4 (6 ounce) salmon fillets,"Whisk together the brown sugar, olive oil, soy sauce, lemon pepper, thyme, basil, parsley, and garlic powder in a bowl, and pour into a resealable plastic bag. Add the salmon fillets, coat with the marinade, squeeze out excess air, and seal the bag. Marinate in the refrigerator for at least 1 hour, turning occasionally. Preheat an outdoor grill for medium heat, and lightly oil the grate. Remove the salmon from the marinade, and shake off excess. Discard the remaining marinade. Grill the salmon on the preheated grill until browned and the fish flakes easily with a fork, about 5 minutes on each side.",1 hr 20 mins,4.0,4 servings,379.8,10.71379262736435,1.5463205853927928,7.621151456578764,1.7264945464586494,amber,amber,amber,red,2.0,2.0,2.0,3.0,9.0,unhealthy,4.83,Seafood Main Dishes,,80.0,9,Seafood,American,recipe_images/recipe_481.jpg,Seafood
Meatloaf...a Little Southwest Style,https://www.allrecipes.com/recipe/208398/meatloafa-little-southwest-style/,main-dish,"Meatloaf with salsa, barbeque sauce, and ketchup. This recipe won the 'Meatloaf' contest at our community hospital; now it's the meatloaf our patients receive!",1 ½ pounds ground beef ; 2  eggs ; ½ cup chopped onion ; ½ cup Italian bread crumbs ; ½ cup salsa ; ¼ cup ketchup ; ¼ cup barbeque sauce ; 1 teaspoon salt ; 1 teaspoon ground black pepper ; ½ teaspoon celery salt,"Preheat an oven to 350 degrees F (175 degrees C). Mix the ground beef, eggs, onion, bread crumbs, salsa, ketchup, barbeque sauce, salt, pepper, and celery salt together in a bowl; transfer to a loaf pan. Bake in the preheated oven until golden brown on top, about 1 hour.",1 hr 10 mins,8.0,1 meatloaf,223.6,39.61066440964875,14.896318239526028,17.604739737621667,6.500211595429538,red,red,amber,red,3.0,3.0,2.0,3.0,11.0,unhealthy,4.57,Meatloaf Recipes,American,70.0,10,Meatloaf,American,recipe_images/recipe_484.jpg,Meat Dishes
Waikiki Meatballs,https://www.allrecipes.com/recipe/25197/waikiki-meatballs/,main-dish,"Beef meatballs flavored with ground ginger, simmered in a sweet pineapple sauce.","1 ½ pounds ground beef ; ⅔ cup crushed saltine cracker crumbs ; ⅓ cup minced onion ; 1  egg ; ¼ cup milk ; 1 ½ teaspoons ground ginger ; ½ teaspoon salt ; 1 tablespoon olive oil ; 2 tablespoons cornstarch ; ½ cup packed brown sugar ; 1 (15 ounce) can pineapple chunks - drained, with juice reserved ; ⅓ cup white vinegar ; 1 tablespoon soy sauce ; ⅓ cup chopped green bell pepper","In a large bowl, combine ground beef, cracker crumbs, onion, egg, milk, ginger and salt. Shape mixture by rounded tablespoonfuls into meatballs. Heat olive oil in a large skillet over medium heat. Place meatballs in skillet and cook until evenly brown, and meat is no longer pink. Drain excess fat. In a small bowl, combine the cornstarch, brown sugar, reserved pineapple juice, vinegar and soy sauce. Mix until smooth, then pour into the skillet with meatballs. Cook, stirring constantly, until mixture thickens and boils, about 5 minutes. Stir in the green pepper and pineapple chunks. Heat through.",45 mins,6.0,6 servings,441.9,20.61985092193017,7.344056492742252,27.681443703413105,1.2141231855629655,red,red,red,amber,3.0,3.0,3.0,2.0,11.0,unhealthy,4.44,Meatball Recipes,American,45.0,14,Meatballs,American,recipe_images/recipe_489.jpg,Meat Dishes
Instant Pot Ham,https://www.allrecipes.com/recipe/267260/instant-pot-ham/,main-dish,"This is one reason I love my Instant Pot. I can pull a frozen ham from the freezer, put it in the Instant Pot with just 3 ingredients and, with almost no effort, have dinner on the table.","1 (2 pound) frozen whole ham ; 1 (16 ounce) can crushed pineapple ; ¼ cup dark brown sugar ; 2 tablespoons maple syrup ; 1 tablespoon cornstarch ; 2 tablespoons water, or as needed","Place ham on a trivet and set it inside a multi-functional pressure cooker (such as Instant Pot). Pour crushed pineapple over ham. Sprinkle brown sugar and drizzle maple syrup on top. Secure the lid with vent closed. Select high pressure according to manufacturer's instructions; set timer for 35 minutes. Allow 10 to 15 minutes for pressure to build. Release pressure using the natural-release method according to manufacturer's instructions, 10 to 40 minutes. Remove ham and trivet. Cut ham into slices and place on a plate. Select Saute setting on the pressure cooker. Mix cornstarch with water until smooth. Stir mixture into the pot, bring to a boil, and stir until thickened. Pour sauce over the ham.",1 hr 10 mins,8.0,1 small ham,356.2,11.630951560669743,4.1342244883897195,9.811892785778268,2.0126782884310614,red,red,amber,red,3.0,3.0,2.0,3.0,11.0,unhealthy,4.67,Pork,American,70.0,6,Pork,American,recipe_images/recipe_495.jpg,Meat Dishes
Siopao (Filipino Steamed Dumplings),https://www.allrecipes.com/recipe/71067/siopao-filipino-steamed-dumplings/,main-dish,"Warning - this recipe is not easy, but well worth the effort. This is a Filipino dish with Chinese roots. A steamed, almost sweet, yeasty bun filled with delicious chicken filling can also be made with shredded pork. You will need a bamboo steamer.","1 tablespoon active dry yeast ; 1 ½ cups lukewarm water ; ¼ cup white sugar ; 4 ½ cups rice flour, divided ; ½ cup solid vegetable shortening, divided ; 1 teaspoon vegetable oil ; 1 large onion, diced ; 1 clove garlic, chopped, or to taste ; 1 ½ pounds shredded cooked chicken meat ; ¼ cup soy sauce ; 2 teaspoons white sugar ; ½ cup diced green onion ; 1 pinch salt and black pepper to taste ; 1 teaspoon cornstarch, if needed  (Optional)","Dissolve yeast in the water; stir in the sugar and beat in 2 1/2 cups of rice flour to make a soft sponge. Set aside in a warm place to double in bulk, about 40 minutes. Mix in 2 more cups of rice flour and 1/4 cup of shortening and place the dough on a greased work surface; knead in the remaining 1/4 cup of shortening to make a smooth dough. Cut the dough into 15 equal-sized pieces; form each piece into a ball. Heat the vegetable oil in a skillet over medium heat; cook and stir the onion and garlic in the hot oil until translucent, about 5 minutes. Stir in the chicken, soy sauce, 2 teaspoons of sugar, green onion, salt, and pepper. If the mixture is juicy, add cornstarch to thicken. Working on a lightly greased work surface, flatten a dough ball into a circle about 4 inches in diameter with the heel of your hand. Place about 1 tablespoon of filling into the center of the dough ball, bring the edges of the dough together at the top, and pinch and twist to seal in the filling. Place each filled dumpling onto waxed paper with the pinched seal at the bottom while you finish the rest of the dumplings. Spray a multi-layered bamboo steamer with cooking spray, place the steamer on top of a large saucepan, and pour in water to several inches below the steamer. Bring the water to a boil. Working in several batches, place 3 or 4 filled buns into each steamer layer without letting the buns touch each other or the edge of the steamer, cover the steamer, and let the buns steam over medium-low heat until puffy and the dough is springy, about 15 minutes per batch. Serve warm.",1 hr 55 mins,15.0,15 pieces,345.8,57.798165137614674,14.965596330275227,23.222477064220183,3.483371559633028,red,red,red,red,3.0,3.0,3.0,3.0,12.0,unhealthy,3.38,Dumpling Recipes,Filipino,115.0,14,Dumplings,Filipino,recipe_images/recipe_523.jpg,Dumplings
Honey Garlic Glazed Salmon,https://www.allrecipes.com/recipe/256870/honey-garlic-glazed-salmon/,main-dish,This is a great sweet and salty way to serve salmon. Easy enough for the beginner and a family favorite!,"2 (4 ounce) salmon fillets ;   salt and ground black pepper to taste ; 3 tablespoons olive oil ; 2 tablespoons honey ; 2 tablespoons water ; 2 tablespoons brown sugar ; 2 teaspoons sriracha sauce  (Optional); 2 teaspoons soy sauce ; 1 large clove garlic, minced","Season salmon fillets on both sides with salt and pepper. Heat olive oil in a large skillet over medium-high heat. Cook salmon fillets until flesh flakes easily with a fork, 5 to 6 minutes per side. Combine honey, water, brown sugar, sriracha sauce, soy sauce, and garlic in a small pot over medium heat; bring to a boil. Cook, stirring frequently, until glaze is thick and smooth, 5 to 7 minutes. Pour glaze over salmon fillets.",30 mins,2.0,2 servings,466.5,14.136813523692735,2.207234825260576,16.0287290882018,0.8617412630288165,red,amber,red,amber,3.0,2.0,3.0,2.0,10.0,unhealthy,4.67,Seafood Main Dishes,American,30.0,9,Seafood,Asian,recipe_images/recipe_533.jpg,Seafood
The Real Reuben,https://www.allrecipes.com/recipe/23909/the-real-reuben/,main-dish,"Dark pumpernickel rye, heaped corned beef, drained sauerkraut and imported Swiss cheese make this sandwich something special.","2 slices dark rye bread ; ¼ pound thinly sliced corned beef ; 3 ounces sauerkraut, drained ; 2 slices Swiss cheese ; ¼ cup thousand island dressing","Place bread on baking sheet or broiling pan. Layer corned beef, sauerkraut and cheese on top of bread slices. Broil on high heat for 3 to 4 minutes, until cheese has melted. Serve hot with Thousand Island dressing.",8 mins,1.0,1 serving,873.6,18.17618826443722,6.13098002786809,5.356866387985756,2.1026474686483976,red,red,amber,red,3.0,3.0,2.0,3.0,11.0,unhealthy,4.5,Sandwich Recipes,U.S.,8.0,5,Sandwich,American,recipe_images/recipe_536.jpg,Sandwiches and Tacos
Savory Buttermilk Meatloaf,https://www.allrecipes.com/recipe/237319/savory-buttermilk-meatloaf/,main-dish,"This meatloaf recipe is very flavorful, and as the proverbial description goes, 'melts in your mouth.' As far as vegetables, I only used onions, but their sweetness, along with the simple brown sugar glaze, were a great counterpoint to the others flavors.","2 tablespoons butter ; 1  yellow onion, diced ; 2 ½ pounds ground chuck ; 1 cup dry bread crumbs ; ¾ cup buttermilk ; ½ cup ketchup ; 2  eggs, beaten ; 1 tablespoon Worcestershire sauce ; 2 ½ teaspoons salt ; 1 teaspoon ground black pepper ; 1 teaspoon hot sauce ; ½ teaspoon dried tarragon ; ½ teaspoon Italian seasoning ; ¼ cup brown sugar ; 1 tablespoon Dijon mustard ; 1 teaspoon cider vinegar","Preheat oven to 350 degrees F (175 degrees C). Line a baking sheet with a silicone baking mat. Melt butter in a skillet over medium-high heat. Saute onion in hot butter until soft and translucent, 6 to 7 minutes. Cool to room temperature. Combine cooled onion, beef chuck, bread crumbs, buttermilk, ketchup, eggs, Worcestershire sauce, salt, black pepper, hot sauce, tarragon, and Italian seasoning in a bowl; mix together with a fork and let sit until breadcrumbs absorb moisture, about 10 minutes. Turn meatloaf mixture out into the center of the prepared baking sheet and form into a 9x5-inch loaf. Bake in the preheated oven for 45 minutes. While meatloaf is baking, whisk brown sugar, mustard, and cider vinegar together in a small bowl. Spread brown sugar glaze over the top of the meatloaf and continue baking until no longer pink in the center, about 30 minutes more. An instant-read thermometer inserted into the center should read at least 160 degrees F (70 degrees C).",2 hrs,6.0,6 servings,559.5,45.148213833291095,18.697745122878132,27.514568026349124,6.13681276919179,red,red,red,red,3.0,3.0,3.0,3.0,12.0,unhealthy,4.55,Meatloaf Recipes,,120.0,16,Meatloaf,American,recipe_images/recipe_549.jpg,Meat Dishes
Garlic-Honey Pork Chops,https://www.allrecipes.com/recipe/279632/garlic-honey-pork-chops/,main-dish,"Simple garlic-honey marinated pork chops that are seared in a pan. A great, delicious, quick recipe to have during the weeknight with your family. Garnish with pickled shallots.","3 tablespoons honey ; 3 tablespoons stone-ground mustard ; 5 cloves garlic, sliced ; 1 teaspoon red chile flakes ; 4 tablespoons extra-virgin olive oil, divided ; ½ cup apple cider vinegar ;   kosher salt and ground black pepper to taste ; 4 (1-inch thick) bone-in pork chops","Combine honey, mustard, garlic, chile flakes, 3 tablespoon olive oil, apple cider vinegar, salt, and pepper in a small bowl; mix until fully combined. Place pork chops into a resealable zip-top bag. Pour in marinade, seal the bag, massage to coat, and marinate in the refrigerator for at least 1 hour. Remove pork chops from the marinade and place on paper towels. Pat chops as dry as possible with the paper towels. Set excess marinade aside. Heat remaining olive oil in a large cast-iron skillet over medium-high or high heat until it shimmers. Working in batches if necessary, sear the pork chops in the hot pan until the first side is a dark golden brown, 2 to 3 minutes. Turn and cook on the other side until golden brown, 2 to 3 minutes more. Turn the heat down to low and continue to cook until an instant-read thermometer inserted into the center reads 145 degrees F (63 degrees C), 6 to 8 minutes total. Transfer to a plate and let rest for 5 minutes. While pork rests, pour leftover marinade into a skillet. Bring to a boil and continue to cook until it reduces and becomes as thick as you like, 5 to 7 minutes. Pour over pork chops.",1 hr 30 mins,4.0,4 servings,432.7,8.716094032549728,1.952983725135624,5.063291139240507,0.318264014466546,red,amber,amber,amber,3.0,2.0,2.0,2.0,9.0,unhealthy,4.0,Pork,American,90.0,8,Pork,American,recipe_images/recipe_564.jpg,Meat Dishes
Pittsburgh Ham Barbecues,https://www.allrecipes.com/recipe/170741/pittsburgh-ham-barbecues/,main-dish,"I grew up on these delicious, sweet, and tangy barbecue sandwiches made from chipped deli ham. This dish is a  staple in Western Pennsylvania, although each family seems to have its own way of making them! It's a terrific last-minute meal. Chipped chopped ham is a pressed ham loaf sold at deli counters in the Pittsburgh area which is always chipped. If you can get Islay's Chipped Ham, that is the original and still the best for these sandwiches. Otherwise, just get any deli ham and have it chipped or shaved paper thin. Enjoy!","½ cup butter ; 1 small onion, finely chopped ; 2 cups ketchup ; ⅓ cup distilled white vinegar ; ½ cup water ; 3 tablespoons brown sugar ; 2 teaspoons prepared yellow mustard ; 2 tablespoons Worcestershire sauce ; 1 ½ pounds chipped chopped ham ; 8  kaiser rolls, split ; 1 cup pickle relish  (Optional)","Preheat an oven to 275 degrees F (135 degrees C). Melt the butter in a large skillet over medium-high heat; cook and stir the onions in the butter until translucent, about 5 minutes. Stir the ketchup, vinegar, water, brown sugar, mustard, and Worcestershire sauce into the skillet with the onions; simmer about 10 minutes. Stir in the ham; cook until heated through and the sauce is bubbling, 5 to 7 minutes more. While the ham simmers, heat the kaiser rolls in the preheated oven until toasted, 5 to 7 minutes. Assemble the sandwiches by dividing the ham mixture among the toasted kaiser rolls, topping the ham with pickle relish. Serve hot.",30 mins,8.0,8 sandwiches,525.5,18.898731978461004,8.407156505124195,20.14938335938857,3.95605350008685,red,red,red,red,3.0,3.0,3.0,3.0,12.0,unhealthy,4.64,Pork,U.S.,30.0,11,Sandwich,American,recipe_images/recipe_567.jpg,Sandwiches and Tacos
Shannon's Smoky Macaroni and Cheese,https://www.allrecipes.com/recipe/161869/shannons-smoky-macaroni-and-cheese/,main-dish,"This recipe is the best Mac & Cheese you'll ever have.  It is literally one of 3 meals everyone in my family will eat. The smoked gouda gives this dish its smoky rich flavor. It's a gourmet grown-up version of the kiddie classic. Take any leftovers and cut into bite-sized squares, bread, and deep fry for a yummy snack.","1 (16 ounce) package elbow macaroni ; 6 tablespoons butter ; ½ cup all-purpose flour ; 5 ½ cups milk, divided ; 2 ½ cups shredded smoked Gouda cheese ; 1 ½ cups shredded Cheddar cheese ; 1 ½ cups shredded Swiss cheese ; 1 cup grated Parmesan cheese ; ½ cup grated Parmesan cheese ; ½ cup dry bread crumbs ; 1 teaspoon ground cayenne pepper ;   olive oil","Preheat oven to 350 degrees F (175 degrees C). Fill a pot with lightly-salted water and bring to a boil. Stir the macaroni into the water and return to a boil. Cook and occasionally stir until the pasta has cooked through, but is still firm to the bite, about 8 minutes; drain. Melt the butter in a large pot over medium heat. Add the flour to the melted butter and whisk continually for 1 to 2 minutes to make a roux. Whisk 2 cups of the milk into the roux until smooth and then add the remaining milk. Raise the heat to medium-high and continue cooking and stirring until thickened, but not boiling. Stir the Gouda, Cheddar, Swiss, and 1 cup Parmesan cheese into the mixture; once the cheeses have melted completely, fold the drained macaroni into the mixture to coat. Pour the macaroni mixture into a 9x13-inch baking dish. Stir 1/2 cup Parmesan cheese,  bread crumbs, and cayenne pepper together in a small bowl; sprinkle over the macaroni. Drizzle the olive oil over the bread crumbs. Bake in the preheated oven until golden and bubbly, about 30 minutes. Allow to rest 10 minutes before cutting.",1 hr 15 mins,10.0,10 servings,651.3,52.63947210557889,30.743851229754053,13.347330533893222,2.669841031793642,red,red,amber,red,3.0,3.0,2.0,3.0,11.0,unhealthy,4.45,Pasta,American,75.0,12,Pasta and Noodles,American,recipe_images/recipe_572.jpg,Pasta
Tantalizingly Tangy Meatloaf,https://www.allrecipes.com/recipe/18069/tantalizingly-tangy-meatloaf/,main-dish,"Meatloaf with a sauce that will keep them coming back for more. The sauce contains pineapple preserves, brown sugar and ketchup. It glazes up real nice over the meatloaf. I've NEVER had leftovers even when I've tripled the recipe!",1 pound ground beef ; ½ cup dry bread crumbs ; 1  egg ;   garlic powder to taste ; 1 dash Worcestershire sauce ; ⅓ cup ketchup ; ¼ cup packed brown sugar ; ¼ cup pineapple preserves,"Preheat oven to 350 degrees F (175 degrees C). In a large bowl, combine the ground beef, bread crumbs, egg, garlic powder and  Worcestershire sauce. Mix well, and place into a 9x5 inch loaf pan. Bake in preheated oven for 30 to 50 minutes. Meanwhile, in a separate medium bowl, stir together the ketchup, brown sugar and pineapple preserves. Pour over the meatloaf about 20 minutes before removing from oven.",45 mins,8.0,8 servings,273.9,21.33274443769669,8.480097167780048,20.935239882956992,0.6969579859769227,red,red,amber,amber,3.0,3.0,2.0,2.0,10.0,unhealthy,4.58,Meatloaf Recipes,American,45.0,8,Meatloaf,American,recipe_images/recipe_601.jpg,Meat Dishes
Grandma's Sloppy Joes,https://www.allrecipes.com/recipe/50074/grandmas-sloppy-joes/,main-dish,My grandma gave me this recipe last year. My co-workers are always asking me to make it for them. The ground cloves add that special flavor,"1 pound ground beef ; 1 cup chopped onion ; 1 cup chopped green bell pepper ; 1 tablespoon brown sugar ; 1 tablespoon vinegar ; 1 cup ketchup ; 2 tablespoons prepared mustard ; ½ teaspoon ground cloves ; 1 teaspoon salt ; 4  hamburger buns, split","In a large skillet over medium heat, combine the ground beef, onion, and green pepper. Cook until beef is browned, and drain off excess grease. Stir in the brown sugar, vinegar, ketchup and mustard, and season with cloves and salt. Simmer for 30 minutes on low. Serve on hamburger buns.",55 mins,4.0,4 servings,428.6,7.339449541284404,2.6277041567561445,9.0610488164005,1.8660097406274776,amber,amber,amber,red,2.0,2.0,2.0,3.0,9.0,unhealthy,4.19,Sandwich Recipes,,55.0,10,Sandwich,American,recipe_images/recipe_620.jpg,Sandwiches and Tacos
Broiled Short Ribs,https://www.allrecipes.com/recipe/22686/broiled-short-ribs/,main-dish,"Short ribs boiled, then broiled and basted with a molasses, mustard and ketchup sauce.",4 pounds boneless beef short ribs ;   salt and pepper to taste ; ⅓ cup molasses ; ⅔ cup ketchup ; ¼ cup fresh lemon juice ; 1 tablespoon dry mustard ; ½ teaspoon chili powder ; ½ teaspoon garlic powder,"Trim fat from rib meat. Sprinkle with salt and pepper to taste. Place in a Dutch oven and cover with water. Simmer for 2 hours. Drain. In a small bowl, combine the molasses, ketchup, lemon juice, dry mustard, chili powder and garlic powder. Mix thoroughly. Place the drained meat on a broiler rack. Brush molasses mixture over ribs. Broil on medium for 10 to 15 minutes, turning and basting with sauce often.",2 hrs 25 mins,8.0,8 servings,360.9,7.776989569375475,3.2369091721184415,5.212684900554373,0.3018312708546806,amber,red,amber,amber,2.0,3.0,2.0,2.0,9.0,unhealthy,4.57,Rib Recipes,American,145.0,8,Beef,American,recipe_images/recipe_621.jpg,Meat Dishes
BBQ Bacon-Wrapped Meatloaf,https://www.allrecipes.com/recipe/230589/bbq-bacon-wrapped-meatloaf/,main-dish,"This meatloaf is very moist and flavorful, and super easy and quick to make.","5 slices bacon ; 1  onion, chopped ; 2 cloves garlic, finely chopped, or more to taste ; 1 pound lean ground beef ; ½ cup barbeque sauce ; ½ cup soft bread crumbs ; 2  eggs, beaten ; 1 tablespoon Worcestershire sauce ; 1 teaspoon Dijon mustard ; 1 teaspoon dried oregano ; ½ teaspoon chili powder  (Optional); 3 tablespoons barbeque sauce","Preheat oven to 375 degrees F (190 degrees C). Grease a 9x11-inch baking dish. Place bacon in a large skillet and cook over medium-high heat until edges just start to curl, 1 to 2 minutes per side. Drain the bacon slices on paper towels. Reserve about 1 tablespoon bacon drippings in the skillet. Cook and stir onion and garlic in the bacon drippings until onion is softened, 6 to 7 minutes. Remove from heat and cool. Mix cooled onion and garlic, ground beef, 1/2 cup barbeque sauce, bread crumbs, eggs, Worcestershire sauce, Dijon mustard, oregano, and chili powder together with your hands in a large bowl. Form beef mixture into a log-shaped meatloaf; place in the prepared baking dish. Wrap partially-cooked bacon slices around the meatloaf, tucking the ends of bacon underneath the loaf. Bake in the preheated oven for 35 minutes. Brush bacon-wrapped meatloaf with 3 tablespoons barbeque sauce. Continue baking until no longer pink in the center, about 10 more minutes. An instant-read thermometer inserted into the center should read at least 160 degrees F (70 degrees C). Let stand for 10 minutes before serving.",1 hr 25 mins,4.0,1 meatloaf,433.7,9.529458283906685,3.5191775405298538,5.733491498616053,0.9347568208778172,red,red,amber,red,3.0,3.0,2.0,3.0,11.0,unhealthy,4.38,Meatloaf Recipes,American,85.0,12,Meatloaf,American,recipe_images/recipe_655.jpg,Meat Dishes
Momma Pritchett's Grilled Pork Chops and Apple-Pear Topping,https://www.allrecipes.com/recipe/218073/momma-pritchetts-grilled-pork-chops-and-apple-pear-topping/,main-dish,"Well, I have yet to really eat good BBQ pork chops.  I was tired of the three or four different baking methods and I decided to try something a bit different.  If you are not into sweet, then this probably isn't the recipe for you.  I would suggest squeezing a bit of lime juice over the meat in order to break up the sweetness. I have never paid attention to what type of pork chops I had either, I just grabbed and baked...but apparently it is all in the cut of the meat! I also froze a few heads of romaine lettuce for about an hour, divided it up into 8 portions, and added Parmesan cheese and dressing of choice....  MMMM!","1 cup light brown sugar ; 1 cup soy sauce ; 1 cup orange juice ; ½ cup spicy brown mustard ; ⅓ cup honey ; 2 tablespoons Worcestershire sauce ; 2 tablespoons ground black pepper ; 1 tablespoon ground cumin ; 8  pork chops, 1/2 to 1 inch thick ; 1  lime, juiced ; ½ cup butter ; 1 tablespoon light brown sugar, or to taste ; 2 tablespoons ground cinnamon ; 4 large green apples - peeled, cored, and cut into eighths ; 4  Bartlett pears - peeled, cored, and cut into eighths","In a large bowl, mix together 1 cup brown sugar, soy sauce, orange juice, brown mustard, honey, Worcestershire sauce, black pepper, and cumin until thoroughly combined and the sugar has dissolved. Place the pork chops into the marinade, and spoon marinade to cover the chops. Let stand at room temperature for 45 minutes to 1 hour. Preheat an outdoor grill for medium-high heat, and lightly oil the grate. Remove the chops from the marinade, and discard marinade. Shake any excess drops of liquid from the chops, and grill until they are browned, no longer pink inside, and show good grill marks, about 8 minutes per side. Squeeze lime juice over the chops as they grill. An instant-read meat thermometer inserted into the thickest part of a chop should read at least 145 degrees F (63 degrees C). Melt butter in a large skillet over high heat, then stir in 1 tablespoon of brown sugar and cinnamon; bring the mixture to a boil, stirring to dissolve the sugar. Stir in the apple and pear slices, and cook, stirring often, until the fruit is coated with the butter mixture and softened but not mushy, about 5 minutes. Transfer the apple and pear slices to a grilling basket. Grill the fruit on the outdoor grill until the slices are browned, about 5 more minutes. Serve grilled fruit with pork chops.",1 hr 45 mins,8.0,8 servings,630.9,6.93733171427063,3.3577952589620397,16.979040177392957,1.741301937595692,red,red,red,red,3.0,3.0,3.0,3.0,12.0,unhealthy,4.7,Pork,American,105.0,15,Pork,American,recipe_images/recipe_676.jpg,Meat Dishes
Yeast Dumplings,https://www.allrecipes.com/recipe/86323/yeast-dumplings/,main-dish,"For everyone who likes a thick, heavier dumpling, not the fluffy, melt-in-your-mouth kind  from a can, this recipe is for YOU!! These are very easy to make, and taste the way you remember your Grandma's dumplings! They're also great in a chicken and dumplings recipe.",½ cup butter ; ½ cup milk ; 1 (.25 ounce) envelope active dry yeast ; ½ cup water ; 3  eggs ; ½ cup sugar ; 1 teaspoon salt ; 4 ½ cups all-purpose flour ; 1 (32 ounce) carton chicken broth,"Place milk and butter in a small saucepan, and simmer over medium heat until butter melts. Remove from the heat and allow to cool. Dissolve the yeast in the warm water placed in a small bowl. Set aside. Combine the eggs, sugar, and salt in a large mixing bowl, and mix until thoroughly blended. Gradually stir in the flour, alternating with milk and yeast mixtures. Gather the dough into a ball. Cover the bowl with a cloth, and let the dough rest 20 minutes. Pour the chicken broth into a large pot. Bring broth to a boil over medium-high heat. Meanwhile, sprinkle flour over a clean board or countertop. Turn the dough out onto the board and knead lightly until smooth and satiny, about 3 minutes. Add a little more flour if the dough is sticky. Roll out the dough to be about 1/2 inch thick. Use a butter knife to cut dough into 2 inch wide strips, and place strips into the boiling broth. Dumplings will initially sink, then rise to the surface when cooked, about 10 minutes. Remove dumplings from the broth with a slotted spoon, and drain on a plate.",50 mins,6.0,6 servings,597.6,10.067048455277485,5.633374265129369,9.806244091151123,1.6339393412516432,amber,red,amber,red,2.0,3.0,2.0,3.0,10.0,unhealthy,4.17,Dumpling Recipes,,50.0,9,Dumplings,International,recipe_images/recipe_723.jpg,Dumplings
Easy Mac and Cheese Muffins,https://www.allrecipes.com/recipe/111361/easy-mac-and-cheese-muffins/,main-dish,"This takes a fun approach to the traditional mac and cheese recipe. Kids can eat it like a muffin and with their hands, making it a new mac and cheese experience!","2 cups uncooked elbow macaroni ; 1 tablespoon butter ; 1  egg, beaten ; 1 cup milk ; 1 ½ cups shredded sharp Cheddar cheese ; 1 ½ cups shredded mozzarella cheese ; ½ cup seasoned dry bread crumbs ; 2 teaspoons olive oil ; ½ teaspoon salt","Preheat the oven to 350 degrees F (175 degrees C). Grease a muffin tin with nonstick cooking spray. In a small bowl, stir together the bread crumbs, olive oil and salt; set aside. Bring a large pot of lightly salted water to a boil. Add the macaroni and cook for about 8 minutes, it should still be a little bit firm. Remove from the heat, drain and return to the pan; stir in the butter and egg until pasta is evenly coated. Reserve 1/2 cup of sharp Cheddar cheese and stir the remaining Cheddar cheese, milk  and mozzarella cheese into the pasta. Spoon into the prepared muffin tin. Sprinkle the reserved cheese and the bread crumb mixture over the tops. Bake for 30 minutes in the preheated oven, or until the topping is nicely browned. Allow the muffins to cool for a few minutes before removing from the pan. This will allow the cheese to set and they will hold their muffin shape.",55 mins,12.0,12 servings,208.5,35.16998827667057,19.69519343493552,7.033997655334115,3.35873388042204,red,red,amber,red,3.0,3.0,2.0,3.0,11.0,unhealthy,4.26,Pasta,American,55.0,9,Pasta and Noodles,American,recipe_images/recipe_732.jpg,Pasta
Rempel Family Meatloaf,https://www.allrecipes.com/recipe/20675/rempel-family-meatloaf/,main-dish,Tired of boring old meat loaf?  Well give this one a try.  My husband won't eat any other meat loaf but mine.,"1 ½ pounds lean ground beef ; ½ cup crushed buttery round crackers ; ¾ cup shredded Cheddar cheese ; 1 (1 ounce) package dry onion soup mix ; 2  eggs, beaten ; ¼ cup ketchup ; 2 tablespoons steak sauce","Preheat oven to 350 degrees F (175 degrees C). Stir the ground beef, crushed crackers, Cheddar cheese, and onion soup mix in a large bowl until well combined.  Whisk the eggs, ketchup, and steak sauce in a separate bowl until smooth.  Mix the eggs into the meat until evenly combined, if the mixture seems too dry, add a little water. Press into a 9x5 inch loaf pan. Bake in preheated oven until the meatloaf reaches 160 degrees F (71 degrees C) and is no longer pink in the center, 45 to 60 minutes.",55 mins,6.0,6 servings,359.7,60.42425541032783,25.455324619670023,7.71373473323334,5.1611313477608745,red,red,amber,red,3.0,3.0,2.0,3.0,11.0,unhealthy,4.56,Meatloaf Recipes,,55.0,7,Meatloaf,American,recipe_images/recipe_744.jpg,Meat Dishes
Stuffing Meatloaf,https://www.allrecipes.com/recipe/245258/stuffing-meatloaf/,main-dish,Flavored stuffing mix makes this meatloaf savory!,"cooking spray ; 1 ½ pounds ground beef ; 1 small onion, chopped ; ¾ cup chicken-flavored bread stuffing mix (such as Kraft Stove Top) ; 1  egg ; 1 cup shredded mozzarella cheese, or to taste","Preheat oven to 375 degrees F (190 degrees C). Grease one 9x5-inch loaf pan with cooking spray. Mix beef, onion, stuffing mix, and egg by hand in a bowl. Press beef mixture into prepared pan. Bake in the preheated oven until no longer pink in the center, 35 to 40 minutes. An instant-read thermometer inserted into the center should read at least 160 degrees F (70 degrees C). Top meatloaf with shredded mozzarella cheese and let rest while cheese melts, about 10 minutes.",55 mins,8.0,1 9x5-inch loaf pan,289.2,51.07070707070708,21.333333333333332,6.787878787878789,3.4731313131313133,red,red,amber,red,3.0,3.0,2.0,3.0,11.0,unhealthy,4.45,Meatloaf Recipes,American,55.0,6,Meatloaf,American,recipe_images/recipe_756.jpg,Meat Dishes
Grilled Peanut Butter and Jelly Sandwich,https://www.allrecipes.com/recipe/49943/grilled-peanut-butter-and-jelly-sandwich/,main-dish,This is peanut butter and jelly with a twist. The kids will thank you for them.,2 teaspoons butter ; 2 slices white bread ; 1 teaspoon peanut butter ; 2 teaspoons any flavor fruit jelly,"Heat griddle or skillet to 350 degrees F (175 degrees C). Spread butter on one side of each slice of bread. Spread peanut butter on unbuttered side of one slice of bread, and jelly on the other. Place one slice, buttered side down on the griddle. Top with other slice, so that peanut butter and jelly are in the middle. Cook for 4 minutes on each side, or until golden brown, and heated through.",13 mins,1.0,1 sandwich,273.3,15.47029702970297,7.5495049504950495,11.262376237623762,1.3217821782178216,amber,red,amber,amber,2.0,3.0,2.0,2.0,9.0,unhealthy,4.56,Sandwich Recipes,American,13.0,4,Sandwich,American,recipe_images/recipe_758.jpg,Sandwiches and Tacos
Best Ever Meat Loaf,https://www.allrecipes.com/recipe/229559/best-ever-meat-loaf/,main-dish,The best meat loaf I have ever found. Try it and you will see.,"2  eggs ; ⅔ cup milk ; 2 teaspoons salt ; ¼ teaspoon ground black pepper ; 3 slices bread, crumbled ; 1 ½ pounds ground beef ; 1  onion, chopped ; 1 cup shredded Cheddar cheese ; ½ cup shredded carrot ; ¼ cup brown sugar ; ¼ cup ketchup ; 1 tablespoon prepared yellow mustard","Preheat oven to 350 degrees F (175 degrees C). Whisk eggs, milk, salt, and ground black pepper in a large bowl. Add crumbled bread and stir until dissolved. Mix ground beef, onion, Cheddar cheese, and carrot into bread mixture; transfer mixture to a 9x5-inch loaf pan. Combine brown sugar, ketchup, and mustard in a small bowl; spread over meat mixture. Bake in the preheated oven until no longer pink in the center, 1 to 1 1/4 hours. An instant-read thermometer inserted into the center should read at least 160 degrees F (70 degrees C).",1 hr 20 mins,6.0,6 servings,409.5,30.464687133031372,13.823184029525247,19.325616507297433,4.1177654755913435,red,red,amber,red,3.0,3.0,2.0,3.0,11.0,unhealthy,4.72,Meatloaf Recipes,American,80.0,12,Meatloaf,American,recipe_images/recipe_766.jpg,Meat Dishes
Honey Glazed Ham,https://www.allrecipes.com/recipe/14745/honey-glazed-ham/,main-dish,"This ham tastes very much like the famous honey baked ham but costs much less, and there's no need to fight the crowds at holiday time. You can even buy the ham presliced to make it easier and more like the original. It is very good.  (I do this while preparing the rest of the meal in the kitchen so that I don't forget to baste!)",1 (5 pound) ready-to-eat ham  ; ¼ cup whole cloves ; ¼ cup dark corn syrup ; 2 cups honey ; ⅔ cup butter,"Preheat oven to 325 degrees F (165 degrees C). Score ham, and stud with the whole cloves. Place ham in foil lined pan. In the top half of a double boiler, heat the corn syrup, honey and butter. Keep glaze warm while baking ham. Brush glaze over ham, and bake for 1 hour and 15 minutes in the preheated oven. Baste ham every 10 to 15 minutes with the honey glaze. During the last 4 to 5 minutes of baking, turn on broiler to caramelize the glaze. Remove from oven, and let sit a few minutes before serving.",1 hr 35 mins,15.0,15 servings,520.8,55.016740468733126,23.91186953234691,75.04050113403176,7.252781077870179,red,red,red,red,3.0,3.0,3.0,3.0,12.0,unhealthy,4.67,Pork,American,95.0,5,Pork,American,recipe_images/recipe_769.jpg,Meat Dishes
Brown Sugar Meatloaf,https://www.allrecipes.com/recipe/25203/brown-sugar-meatloaf/,main-dish,This is an easy tasty meatloaf. It tastes as good as it smells!,"½ cup packed brown sugar ; ½ cup ketchup ; 1 ½ pounds lean ground beef ; ¾ cup milk ; 2  eggs ; 1 ½ teaspoons salt ; ¼ teaspoon ground black pepper ; 1 small onion, chopped ; ¼ teaspoon ground ginger ; ¾ cup finely crushed saltine cracker crumbs","Preheat oven to 350 degrees F (175 degrees C). Lightly grease a 5x9 inch loaf pan. Press the brown sugar in the bottom of the prepared loaf pan and spread the ketchup over the sugar. In a mixing bowl, mix thoroughly all remaining ingredients and shape into a loaf. Place on top of the ketchup. Bake in preheated oven for 1 hour or until juices are clear.",1 hr 30 mins,8.0,8 servings,353.1,49.965043113493365,19.63800201973122,45.73914394469043,4.743571816981279,red,red,red,red,3.0,3.0,3.0,3.0,12.0,unhealthy,4.58,Meatloaf Recipes,American,90.0,10,Meatloaf,American,recipe_images/recipe_771.jpg,Meat Dishes
Bang Bang Shrimp Pasta,https://www.allrecipes.com/recipe/278239/bang-bang-shrimp-pasta/,main-dish,"This shrimp pasta dish is a must-try if you love the flavor of bang bang sauce. It is simple to make and has just the right amount of sweet and heat. Serve with crusty bread, if desired.","1 (16 ounce) package spaghetti, broken in half ; ¾ cup mayonnaise ; ¾ cup Thai sweet chili sauce ; ¼ cup lime juice ; 2 teaspoons Sriracha ; 1 tablespoon butter ; 1 pound uncooked medium shrimp, peeled and deveined ; 1 teaspoon minced garlic ; 3 tablespoons chopped scallions","Bring a large pot of lightly salted water to a boil. Cook spaghetti in the boiling water, stirring occasionally, until tender yet firm to the bite, about 12 minutes. Drain and set aside. Meanwhile, whisk mayonnaise, chili sauce, lime juice, and Sriracha together in a bowl. Melt butter in a large soup pot over medium-high heat. Add shrimp and cook for 5 minutes. Add garlic and cook until fragrant, 1 more minute. Add cooked spaghetti and mayonnaise-chili sauce; toss to combine. Cook until sauce is hot, about 2 minutes. Turn heat off and let sit for 5 minutes to thicken. Divide among serving plates and garnish with chopped scallion.",45 mins,6.0,6 servings,604.6,14.85692263223817,2.832642836496772,7.168320647461219,1.0405626746314671,red,amber,amber,amber,3.0,2.0,2.0,2.0,9.0,unhealthy,4.75,Pasta,Asian,45.0,9,Pasta and Noodles,Asian,recipe_images/recipe_795.jpg,Pasta
Quick Cured Salmon,https://www.allrecipes.com/recipe/237473/quick-cured-salmon/,main-dish,"You're going to love this quick-cured salmon technique. While the process is incredibly simple, the potential variations are endless. Whether you're talking about the brine or post-cure seasonings, this is something that begs for adaptation. Smoked salt, chipotle, or smoked paprika could be used before or after the cure to make things a little loxier, and don't even get me started on the herbs. After the 3-minute cure, you can sprinkle your slices with dill, tarragon, chervil, and/or thyme.","2 ½ cups cold water ; ½ cup kosher salt (such as Diamond Crystal) ; ⅓ cup white sugar ; 1 pound center-cut salmon fillet, pin bones removed","Whisk water, salt, and sugar together in a large bowl until sugar and salt are completely dissolved. Cut salmon along one side of the center connective tissue to the skin but not through. Turn the knife parallel to the cutting board and cut salmon meat from skin. Repeat for remaining side and discard skin and connective tissue. Cut each fillet into 1/4-inch slices. Working in batches of 5, place slices in brine for 3 minutes. Remove cured slices using a slotted spoon to a wire rack and blot gently with paper towels. Arrange salmon in a single layer on a platter, cover with plastic wrap, and refrigerate until chilled, 2 hours to overnight.",2 hrs 15 mins,4.0,4 servings,272.2,9.9340422667923,2.0191142818683536,13.487683402880602,23.134405707363037,amber,amber,amber,red,2.0,2.0,2.0,3.0,9.0,unhealthy,5.0,Seafood Main Dishes,,135.0,4,Seafood,International,recipe_images/recipe_798.jpg,Seafood
Maple-Soy Glazed Salmon,https://www.allrecipes.com/recipe/160929/maple-soy-glazed-salmon/,main-dish,"A fabulous sweet and salty glaze is basted on salmon as it grills on cedar planks.  The quick and easy glaze can be used on chicken and pork as well.  Good quality, grade B, pure maple syrup makes all the difference.",1  untreated cedar plank ; 2 ½ pounds boneless salmon fillet ; 1 teaspoon coarse salt ; ½ teaspoon black pepper ; ¼ cup maple syrup ; 2 tablespoons soy sauce ; 2 tablespoons melted butter ; 2 tablespoons fresh lime juice ; ½ teaspoon lime zest ; 2 tablespoons chopped fresh chives ; 6  lemon wedges,"Soak the cedar plank in water for 2 hours. Preheat an outdoor grill for medium-high heat and lightly oil grate. Place the cedar plank across the grate of the grill as it preheats. Season the salmon fillet with salt and pepper, and place onto the hot cedar plank skin-side down. Close the lid on the grill, and whisk together the maple syrup, soy sauce, butter, lime juice, and lime zest. Baste the salmon with the glaze, and continue cooking until the salmon flakes easily with a fork, about 10 minutes total. Serve the salmon garnished with chopped fresh chives and lemon wedges.",2 hrs 25 mins,6.0,1 side of salmon,380.0,19.261080182199407,5.292458968982721,6.940929795387174,1.604656207071072,red,red,amber,red,3.0,3.0,2.0,3.0,11.0,unhealthy,4.54,Seafood Main Dishes,Canadian American,145.0,11,Seafood,American,recipe_images/recipe_830.jpg,Seafood
Glazed Pecan-Crusted Baked Salmon,https://www.allrecipes.com/recipe/263249/glazed-pecan-crusted-baked-salmon/,main-dish,Delicious and quick pecan-crusted salmon recipe that my wife loves! Great paired with a good Pinot Noir or other red wine.,½ cup fresh bread crumbs ; ½ cup finely chopped pecans ; 3 teaspoons chopped fresh parsley ; ¼ cup olive oil ; ¼ cup soy sauce ; ¼ cup brown sugar ; 2 teaspoons lemon pepper ; 1 teaspoon dried thyme ; 1 teaspoon dried basil ; 1 teaspoon dried parsley ; ½ teaspoon garlic powder ; 6 (4 ounce) fillets salmon,"Preheat the oven to 400 degrees F (200 degrees C). Mix bread crumbs, pecans, and fresh parsley together in a small bowl. Whisk olive oil, soy sauce, brown sugar, lemon pepper, thyme, basil, dried parsley, and garlic powder together in another bowl. Pour the brown sugar glaze generously over each piece of salmon. Cover the top of each fillet with bread crumb mixture. Bake in the preheated oven until salmon flakes easily with a fork, 10 to 15 minutes depending on thickness.",30 mins,6.0,6 fillets,386.3,18.230563002680963,2.374569130601302,7.813098429720412,1.6731137495212562,red,amber,amber,red,3.0,2.0,2.0,3.0,10.0,unhealthy,5.0,Seafood Main Dishes,,30.0,12,Seafood,American,recipe_images/recipe_878.jpg,Seafood
Miso-Glazed Salmon,https://www.allrecipes.com/recipe/217323/miso-glazed-salmon/,main-dish,"Delicious and simple to prepare, this recipe takes nearly an instant to prepare, especially when your young sous-chefs join you in the kitchen.",¼ cup sake ; ¼ cup miso paste ; ¼ cup mirin (Japanese sweet wine) ; 2 tablespoons soy sauce ; 2 tablespoons brown sugar ; 4 (6 ounce) salmon fillets ; 1 tablespoon chopped fresh basil,"Whisk together the sake, miso paste, mirin, soy sauce, and brown sugar in a baking dish. Add the salmon, and allow to rest for 5 minutes before flipping the fillets over in the marinade to coat. Cover and refrigerate for 2 hours. Bring salmon to room temperature, about 15 minutes, then remove salmon from the marinade, and shake off excess. Discard the remaining marinade. Heat a large skillet over medium-high heat. Arrange salmon in the skillet, and cook until the fish flakes easily with a fork, about 4 minutes on each side. Transfer the fish to a plate and garnish with basil.",2 hrs 40 mins,4.0,4 servings,387.8,8.736507936507936,1.7777777777777777,6.704761904761904,1.49015873015873,amber,amber,amber,red,2.0,2.0,2.0,3.0,9.0,unhealthy,4.67,Seafood Main Dishes,Asian Inspired,160.0,7,Seafood,Japanese,recipe_images/recipe_892.jpg,Seafood
Broiled Salmon with Homemade Teriyaki Glaze,https://www.allrecipes.com/recipe/281929/broiled-salmon-with-homemade-teriyaki-glaze/,main-dish,Simple salmon cooked under the oven's broiler with a homemade teriyaki glaze. I really like how well teriyaki flavor pairs with salmon but store-bought teriyaki sauce is so thin and doesn't stay on but runs underneath the fish. I came up with this homemade version that is more of a glaze that stays on the fish.,"1 ¼ cups water, divided ; 2 tablespoons cornstarch ; ¼ cup soy sauce ; ¼ cup brown sugar ; ½ teaspoon sesame oil ; 1 clove garlic, minced ; 1 ½ pounds salmon fillets ; 1 medium green onion, thinly sliced ; 2 teaspoons toasted sesame seeds","Combine 1/4 cup cold water and cornstarch in a small bowl with a lid. Seal and shake until cornstarch has dissolved. Set aside. Combine remaining 1 cup water, soy sauce, brown sugar, sesame oil, and garlic in a saucepan and bring to a boil over medium-high heat. Reduce heat to a simmer and stir in the cornstarch mixture. Simmer until sauce has thickened, about 5 minutes. Remove from heat. Measure out 1/2 cup of teriyaki glaze and set aside. Set an oven rack about 6 inches from the heat source and preheat the oven's broiler to low. Place salmon on a foil-lined baking sheet. Brush on all sides with teriyaki glaze. Broil salmon for 12 minutes. Turn broiler to high. Brush reserved glaze over the top. Broil on high until salmon flakes easily with a fork, about 3 minutes. Serve garnished with green onion and sesame seeds.",35 mins,6.0,6 servings,231.9,34.62102689486552,6.748166259168703,17.897310513447433,4.835941320293398,red,red,amber,red,3.0,3.0,2.0,3.0,11.0,unhealthy,0.0,Seafood Main Dishes,Asian Inspired,35.0,9,Seafood,Japanese,recipe_images/recipe_896.jpg,Seafood
Sara's Soy Marinated and Cream Cheese-Stuffed Salmon,https://www.allrecipes.com/recipe/142632/saras-soy-marinated-and-cream-cheese-stuffed-salmon/,main-dish,A simple soy sauce-based marinade will leave you with tender and tasty baked salmon! Stuff fillets or salmon steaks with a quick cream cheese mixture and top with a teriyaki glaze. Then sit back and enjoy the raves!,"1 cup low sodium soy sauce ; 3 tablespoons honey ; 2 tablespoons whole grain Dijon mustard ; 1 teaspoon ground ginger ; 4 cloves garlic, minced ; ½ teaspoon red pepper flakes, or to taste ; 4 (8 ounce) salmon fillets or steaks ; ¾ cup cream cheese, softened ; 3  green onions, finely chopped ; ½ teaspoon whole grain Dijon mustard ; ½ cup teriyaki sauce ; 1 tablespoon sesame seeds","Stir together the soy sauce, honey, 2 tablespoons mustard, ginger, garlic, and red pepper flakes in a medium bowl. Arrange the salmon fillets in a shallow dish. Pour the marinade over the salmon, turning fillets to coat both sides. Cover, and refrigerate for 20 to 30 minutes. Meanwhile, make the salmon stuffing by combining the cream cheese, green onions, and 1/2 teaspoon mustard in a small bowl. Refrigerate until ready to cook the salmon. Preheat oven to 400 degrees F (200 degrees C). Line a baking dish with foil, and lightly grease foil. Remove salmon from marinade. Cut a slit in the thickest part of each fillet to make a small pocket. Spoon cream cheese mixture into the pocket. Place salmon in prepared baking dish. Cook salmon in preheated oven for 10 to 15 minutes. Remove from oven; spoon teriyaki sauce over fillets and sprinkle with sesame seeds. Reduce heat to 300 degrees F (150 degrees C). Cook until fish is easily flaked with a fork, about 5 minutes more.",55 mins,4.0,4 servings,620.6,8.21252687799126,3.4681279045571203,5.410279531109107,2.7280294097246305,red,red,amber,red,3.0,3.0,2.0,3.0,11.0,unhealthy,4.59,,,55.0,12,Seafood,Asian,recipe_images/recipe_931.jpg,Seafood
Salmon Twist,https://www.allrecipes.com/recipe/236723/salmon-twist/,main-dish,"A simple soy sauce and brown sugar marinade, with hints of lemon and garlic, are the perfect salty-sweet complement to rich salmon fillets. Adding vinegar or fish sauce and white pepper will emerge new flavors to create a Filipino or Thai twist! For more of a twist, use other types of fish, like cod, catfish or tilapia. You can even use it on chicken! Trust the cooking of the fillets and do not be tempted to open or you will lose valuable time and heat.","1 cup water ; ¼ cup soy sauce ; ¼ cup brown sugar ; 2 tablespoons extra-virgin olive oil ; 1  lemon, juiced ; 2 teaspoons cornstarch ; ½ teaspoon garlic powder ; ½ teaspoon ground black pepper ; 3 (4 ounce) salmon fillets","Combine water, soy sauce, brown sugar, olive oil, lemon juice, cornstarch, garlic powder, and black pepper together in a saucepan; cook over medium-high heat until sauce is thickened, 5 to 10 minutes. Preheat oven to 425 degrees F (220 degrees C). Line a baking sheet with aluminum foil. Arrange salmon fillets on the prepared baking sheet. Brush sauce on both sides of each fillet. Fold aluminum foil loosely over fillets and seal edges together creating a packet. Bake in the preheated oven until fish flakes easily with a fork, 12 to 15 minutes. Bring remaining marinade to a boil and serve alongside cooked salmon.",35 mins,3.0,3 servings,353.8,11.785889670977244,2.062530692421018,10.78408904894418,1.863054509739728,amber,amber,amber,red,2.0,2.0,2.0,3.0,9.0,unhealthy,4.6,Seafood Main Dishes,,35.0,9,Seafood,Asian,recipe_images/recipe_950.jpg,Seafood
Salmon with Pecan Honey Glaze,https://www.allrecipes.com/recipe/25872/salmon-with-pecan-honey-glaze/,main-dish,"Beautiful, crispy salmon fillets with a honey-pecan glaze that is easy and delicious!",1 cup pecan halves or pieces ; 1 cup honey ; ¾ cup butter ; ¼ cup vegetable oil ; 4 (4 ounce) fillets salmon ;   salt and pepper to taste,"Preheat oven to 350 degrees F (175 degrees C). Spread pecans in a single layer on a baking sheet. Bake 8 to 10 minutes, or until slightly browned. Stir 2 or 3 times to toast uniformly. In a small saucepan over medium-high heat, combine honey with half of the butter. Stir in the toasted pecans, and cook for 8 to 10 minutes to infuse the flavors. Remove from heat, and keep warm. Melt remaining butter with oil in a large skillet over high heat. Season fish with salt and pepper. Arrange fillets in skillet, and cook until firm to the touch, about 4 to 5 minutes per side. Salmon is done when it flakes easily with a fork. Transfer to serving plate, and spoon glaze over top.",35 mins,4.0,4 servings,1068.6,53.65853658536584,18.710324089542265,47.3103909121283,0.50417641162713,red,red,red,amber,3.0,3.0,3.0,2.0,11.0,unhealthy,4.19,,,35.0,6,Seafood,American,recipe_images/recipe_966.jpg,Seafood
Maple-Mustard Salmon,https://www.allrecipes.com/recipe/274244/maple-mustard-salmon/,main-dish,Best maple-mustard salmon ever.,4 (4 ounce) fillets salmon fillets ; ¼ cup melted butter ; ¼ cup maple syrup ; 4 teaspoons Dijon mustard ; 1 teaspoon soy sauce,"Preheat the oven to 425 degrees F (220 degrees C). Place salmon in the bottom of an 8x8-inch baking dish. Mix melted butter, maple syrup, Dijon mustard, and soy sauce together in a bowl. Pour over salmon, reserving some sauce to pour over baked salmon. Bake in the preheated oven until salmon flakes easily with a fork, about 12 minutes. Remove salmon from the oven and spoon reserved sauce on top.",20 mins,4.0,4 servings,338.8,17.878140032068412,7.616247995724211,9.38001068947087,0.6742383752004276,red,red,amber,amber,3.0,3.0,2.0,2.0,10.0,unhealthy,4.0,,,20.0,5,Seafood,American,recipe_images/recipe_967.jpg,Seafood
Honey Mustard-Soy Salmon,https://www.allrecipes.com/recipe/242229/honey-mustard-soy-salmon/,main-dish,"This fantastic salmon recipe is very easy to make and good for a large crowd, too! Short prep and cooking time.","1 teaspoon vegetable oil, or as needed ; 2 tablespoons honey mustard ; 2 teaspoons soy sauce ; 1 teaspoon lemon juice ; ½ teaspoon dried dill weed ; ¼ teaspoon dried rosemary ; ¼ teaspoon thyme ; 1 (1 pound) (3/4-inch thick) salmon fillet","Grease one side of a sheet of aluminum foil with vegetable oil. Stir honey mustard, soy sauce, lemon juice, dill, rosemary, and thyme together in a bowl. Place salmon fillet onto prepared aluminum foil sheet. Brush honey mustard mixture over salmon. Wrap foil around salmon and seal edges to form a packet; let marinate for 20 to 30 minutes. Preheat an outdoor grill for medium-high heat and lightly oil the grate. Cook salmon in the foil packet until it flakes easily with a fork, 10 to 13 minutes. Open packet and let salmon cook until the moisture atop salmon dries slightly, about 2 minutes more.",45 mins,4.0,1 1-pound fillet,186.7,31.213872832369944,6.936416184971099,8.670520231213873,2.2291907514450866,red,red,amber,red,3.0,3.0,2.0,3.0,11.0,unhealthy,4.33,,,45.0,8,Seafood,Asian,recipe_images/recipe_987.jpg,Seafood
Lee's Salmon Baste,https://www.allrecipes.com/recipe/233432/lees-salmon-baste/,main-dish,This was a 'secret' recipe some guy in Michigan gave my parents. Too good not to share.,"¾ cup Catalina salad dressing ; ½ cup butter, melted ; ½  lemon, juiced ; 1 tablespoon Worcestershire sauce ; 1 tablespoon brown sugar ; 1 ½ teaspoons garlic powder ; 1 ½ teaspoons onion powder ; 1 pinch dried dill weed ; 6 (4 ounce) fillets salmon","Preheat grill for medium heat and lightly oil the grate. Whisk Catalina salad dressing, melted butter, lemon juice, Worcestershire sauce, brown sugar, garlic powder, onion powder, and dill together in a bowl. Brush over the salmon fillets. Cook salmon on the preheated grill, basting regularly with the sauce, until the flesh flakes easily with a fork, about 15 minutes.",25 mins,6.0,6 servings,471.5,26.52910832719233,9.50626381724392,7.221812822402359,0.9508106116433306,red,red,amber,amber,3.0,3.0,2.0,2.0,10.0,unhealthy,5.0,Seafood Main Dishes,U.S.,25.0,9,Seafood,American,recipe_images/recipe_990.jpg,Seafood
Ginger Chili Citrus Salmon,https://www.allrecipes.com/recipe/214390/ginger-chili-citrus-salmon/,main-dish,This marinade is full of bold flavors.  A little spicy.  A little sweet. It really packs a punch.,4 (6 ounce) salmon fillets ; 1 cup cider vinegar ; ½ cup olive oil ; ¼ cup honey ; 2 tablespoons bottled lime juice ; 2 tablespoons bottled lemon juice ; 2 teaspoons grated orange zest ; 2 teaspoons chopped garlic ; ¼ cup white sugar ; 2 teaspoons ground ginger ; 2 teaspoons chili powder ; 2 teaspoons crushed red pepper flakes ; 1 teaspoon salt,"Place salmon in a single layer in a large baking dish. Whisk together vinegar, olive oil, honey, lime juice, lemon juice, orange zest, garlic, white sugar, ground ginger, chili powder, red pepper flakes, and salt in a large bowl. Pour over salmon. Marinate, refrigerated, for 1 to 3 hours. Preheat an outdoor grill for medium heat, and lightly oil the grate. Remove fish from marinade. Discard used marinade. Place on preheated grill. Cook just until it flakes easily with a fork, about 5 minutes per side.",25 mins,4.0,4 servings,652.2,20.43386983904828,3.3123396314438995,14.229064613949149,0.7963610916724981,red,red,red,amber,3.0,3.0,3.0,2.0,11.0,unhealthy,4.49,Seafood Main Dishes,,25.0,13,Seafood,International,recipe_images/recipe_1004.jpg,Seafood
Honey-Garlic Salmon with Stir-Fry Vegetables,https://www.allrecipes.com/recipe/264163/honey-garlic-salmon-with-stir-fry-vegetables/,main-dish,My mother-in-law made this honey-garlic salmon for my husband and me and we loved it. One of the best salmon dishes I have had.,"½ cup honey ; 3 tablespoons reduced-sodium soy sauce, divided ; 1 tablespoon lime juice ; 3 teaspoons minced garlic, divided ; 1 ¼ pounds skin-on salmon fillet, uncut ; 1 tablespoon stir-fry sauce ; 1 (10 ounce) package frozen stir-fry vegetables ;   salt and ground black pepper to taste","Preheat the oven to 450 degrees F (230 degrees C). Place honey in a small microwave-safe bowl. Microwave for 20 to 30 seconds. Add 2 tablespoons soy sauce, lime juice, and 2 teaspoons garlic; whisk to combine. Place salmon skin-side down on large piece of aluminum foil and fold sides up to hold sauce, keeping top of salmon uncovered. Place the foiled salmon in a baking dish. Spoon 1/2 the honey sauce on top. Bake in the preheated oven for about 10 minutes. While salmon bakes, heat stir-fry sauce in a medium skillet over medium-high heat. Add remaining garlic; saute until fragrant, about 1 minute. Add  ; toss to coat. Reduce heat to medium; cook and stir vegetables for 1 more. Add remaining soy sauce; season with salt and pepper. Toss to coat. Saute until vegetables are thoroughly heated through and moderately crunchy, 5 to 10 minutes. Spoon some of the remaining honey sauce over salmon and bake for 5 minutes. Adjust oven to broil and broil salmon until fish flakes easily with a fork, about 1 minute more. Cut salmon into 4 pieces; plate and drizzle remaining sauce on top. Serve with the stir-fry vegetables.",30 mins,4.0,4 servings,411.0,12.652552926525528,2.191780821917808,36.961394769613946,1.801494396014944,amber,amber,red,red,2.0,2.0,3.0,3.0,10.0,unhealthy,0.0,,,30.0,8,Seafood,Asian,recipe_images/recipe_1014.jpg,Seafood
Honey Coconut Salmon,https://www.allrecipes.com/recipe/56708/honey-coconut-salmon/,main-dish,This salmon is my husband's favorite. Don't let the total time fool you -- very easy to make.  This recipe is great served with mashed potatoes. You can taste the sauce before marinating to check the flavor. This gives a nice sweet taste to the salmon.,1 ½ cups butter ; ¾ cup honey ; ¼ cup brown sugar ; ¾ cup flaked coconut ; 4 (4 ounce) fillets salmon,"Melt the butter in a saucepan over medium heat, and mix in the honey, brown, sugar, and coconut. Bring to a boil, and remove from heat. Cool slightly, and transfer to a large bowl. Place the salmon in the bowl, and turn to coat.  Cover, and marinate at least 30 minutes in the refrigerator. Preheat oven to 375  degrees F (190 degrees C). Spread enough of the marinade mixture in a baking dish to coat the bottom.  Arrange the salmon in the dish, and pour some of the marinade over the top, being sure to get some of the coconut on the top. Bake 25 minutes in the preheated oven, basting occasionally with the remaining marinade, until the salmon is flaked easily with a fork. Discard any leftover marinade, or bring to a boil, cook for 5 minutes, and spoon over salmon.",1 hr 20 mins,4.0,4 servings,1124.1,62.90888929957493,36.81389761596747,52.26390685640362,1.1131029384586952,red,red,red,amber,3.0,3.0,3.0,2.0,11.0,unhealthy,4.21,Seafood Main Dishes,,80.0,5,Seafood,International,recipe_images/recipe_1023.jpg,Seafood
Salmon with Mango and Brie,https://www.allrecipes.com/recipe/55053/salmon-with-mango-and-brie/,main-dish,Delicate salmon is topped with a wonderful combination of mango and Brie cheese. The best part is that the Brie bakes with the salmon. Wonderful with a spinach salad and fresh bread.,"2 tablespoons olive oil ; 4 (4 ounce) fillets salmon ; 4 ounces Brie cheese, sliced ; 1 teaspoon butter ; 2  mangos - peeled, seeded, and diced","Preheat oven to 350 degrees F (175 degrees C). Heat the olive oil in a large oven-proof skillet over medium high heat, and sear the salmon about 4 minutes on each side. Top salmon with Brie cheese. Cover skillet, and place in the preheated oven. Bake 15 minutes, or until the salmon is easily flaked with a fork. In a saucepan over medium heat, melt the butter and simmer the mangos 15 minutes, or until soft and smooth. Serve over the cooked salmon.",45 mins,4.0,4 servings,438.5,16.143497757847534,5.209426581433069,8.815952676271348,0.3646598607003148,red,red,amber,amber,3.0,3.0,2.0,2.0,10.0,unhealthy,4.25,,,45.0,5,Seafood,International,recipe_images/recipe_1024.jpg,Seafood
Grilled Hawaiian Salmon with Strawberry Pineapple Salsa,https://www.allrecipes.com/recipe/257181/grilled-hawaiian-salmon-with-strawberry-pineapple-salsa/,main-dish,"My inspiration for this splendid recipe came from a dish on the menu at Longhorn Steakhouse. I've guessed how it's made and decided to add strawberries to the salsa, but I am sure it will be fine with just pineapples. Strawberry preserves serve as the marinade base, mixed with soy, vinegar, and sesame oil.","⅓ cup strawberry preserves ; ¼ cup soy sauce ; ¼ cup apple cider vinegar ; 2 tablespoons toasted sesame oil ; 1 teaspoon garlic powder ; 1 teaspoon onion powder ; ½ teaspoon ground ginger ; ½ teaspoon ground black pepper ; 1 pound skin-on salmon fillets ; 1 cup chopped fresh strawberries ; 1 cup chopped fresh pineapple ; ⅓ cup chopped sweet onion (such as Vidalia) ; ¼ cup chopped fresh parsley, or to taste ; 1 tablespoon vegetable oil","Mix strawberry preserves, soy sauce, apple cider vinegar, sesame oil, garlic powder, onion powder, ginger, and pepper together in a bowl to make marinade. Pour 1/3 cup into a glass measuring cup; reserve. Place salmon fillets in the bowl. Marinate salmon in the refrigerator for 1 hour. Mix strawberries, pineapple, onion, and parsley in a bowl to make salsa. Cover with plastic wrap and refrigerate. Preheat grill for medium heat and lightly oil the grate. Oil a stainless steel grill basket. Place salmon fillets skin-side up in the basket; cook for 6 minutes. Flip and continue cooking skin-side down, about 6 minutes more. Divide salmon fillets among serving plates; drizzle reserved 1/3 cup marinade on top. Spoon salsa on top.",1 hr 42 mins,4.0,4 servings,401.1,10.122989593188269,1.7502365184484392,11.54210028382214,1.1362346263008516,red,amber,amber,red,3.0,2.0,2.0,3.0,10.0,unhealthy,5.0,,,102.0,14,Seafood,American,recipe_images/recipe_1026.jpg,Seafood
Creamy Crab Pesto over Mahi Mahi,https://www.allrecipes.com/recipe/236582/creamy-crab-pesto-over-mahi-mahi/,main-dish,A taste of the ocean! Creamy pesto sauce with lump crab meat over a delicious fillet of mahi mahi. This dish also works well with a parma rosa sauce and catfish!,"¼ cup olive oil, divided ; 2 (4 ounce) fillets mahi mahi ; 1 teaspoon dried oregano ;   salt to taste ; 1 pinch ground white pepper ; 1 ¾ cups milk ; 1 (1.2 ounce) package creamy pesto sauce mix ; 4 ounces fresh crabmeat ; 1 teaspoon lemon juice","Heat a small amount of the olive oil in a non-stick skillet over medium heat. Season mahi mahi with oregano, salt, and white pepper; cook in skillet until the flesh flakes easily with a fork, 7 to 10 minutes per side. While fish cooks, whisk remaining olive oil, milk, and creamy pesto sauce mix together in a saucepan over medium-low heat; cook, stirring regularly, until it begins to thicken, 3 to 5 minutes. Remove saucepan from heat and stir crabmeat into the sauce. Transfer cooked mahi mahi to plates and spoon sauce over the fish.",25 mins,2.0,2 servings,553.2,17.93859873917277,4.048998001127569,6.4066424068474195,1.8348623853211008,red,red,amber,red,3.0,3.0,2.0,3.0,11.0,unhealthy,4.43,,,25.0,9,Seafood,Italian,recipe_images/recipe_1031.jpg,Seafood
Crab Croissants,https://www.allrecipes.com/recipe/38165/crab-croissants/,main-dish,"Blue crab claw meat served on buttery croissants is a favorite picnic dish for my wife, friends and me for summer trips.","12 ounces cooked and flaked blue crabmeat ; ⅔ cup blue cheese salad dressing ; ⅓ cup mayonnaise ; 1 cup seasoned dry bread crumbs ; 1 cup minced onion ; 2 cloves garlic ; 1 large tomato, diced ;   salt and pepper to taste ; ½ cup grated Asiago cheese ; 6  plain croissants, split in half","In a medium bowl, mix together the crabmeat, blue cheese dressing, mayonnaise, bread crumbs, onion, and garlic. Gently fold in tomato, and season with salt and pepper to taste. Asiago cheese can be folded into the mixture, or sprinkled over the top when serving. Spread about 1/2 cup of the mixture on half of each croissant, and top with the other halves.",30 mins,6.0,6 sandwiches,667.2,22.946639956292113,6.993261700965216,6.283008559460936,1.6675924239664908,red,red,amber,red,3.0,3.0,2.0,3.0,11.0,unhealthy,4.36,Seafood Main Dishes,U.S. American,30.0,10,Sandwich,American,recipe_images/recipe_1035.jpg,Sandwiches and Tacos
Orange Salmon with Creole Seasoning,https://www.allrecipes.com/recipe/81579/orange-salmon-with-creole-seasoning/,main-dish,This is a delicious and easy recipe. Great for a romantic dinner on Valentine's Day or any day of the year. Goes great with white rice and snap peas.,"1 tablespoon vegetable oil ; 2  salmon steaks ; 1 tablespoon Creole seasoning, or to taste ; 1  orange, juiced","Heat the oil in a skillet over medium heat. Season salmon with Creole seasoning, place in skillet, and cook 2 to 3 minutes on each side, until golden brown. Reduce heat to low, and pour orange juice around the salmon. Continue cooking 5 minutes, or until fish is easily flaked with a fork.",20 mins,2.0,2 servings,424.9,17.615384615384613,3.230769230769231,6.076923076923077,1.534230769230769,red,amber,amber,red,3.0,2.0,2.0,3.0,10.0,unhealthy,4.62,,,20.0,4,Seafood,American,recipe_images/recipe_1048.jpg,Seafood
Asian Fish Tacos with Sesame-Ginger Slaw,https://www.allrecipes.com/recipe/262514/asian-fish-tacos-with-sesame-ginger-slaw/,main-dish,"I had never made fish tacos before, but with my 30 years of professional food experience I was pretty confident in the outcome. This is a delicious recipe with an Asian flair and the sesame-ginger slaw adds a bit of crunch.","2 cups thinly sliced green cabbage ; ½ cup thinly sliced red bell pepper ; ⅓ cup sliced green onions (1/4-inch pieces) ; 1 tablespoon sesame seeds ; ¼  jalapeno pepper, thinly sliced ; 1 teaspoon dried garlic flakes ; ½ teaspoon salt ; 3 tablespoons honey ; 3 tablespoons lime juice ; 1 tablespoon toasted sesame oil ; 1 teaspoon stone-ground mustard ; 1 teaspoon grated fresh ginger  ; ½ teaspoon dried garlic flakes ; ¼ teaspoon salt ; ⅛ teaspoon wasabi powder ; 3 tablespoons coconut oil ; 1 tablespoon olive oil, or as needed ; ⅓ cup whole wheat flour ; ¼ teaspoon salt ; 1 (12 ounce) cod, cut into 1-inch chunks ; 4 (6 inch) flour tortillas ; ½  lime, or to taste ; ¼ cup roasted cashews","Mix cabbage, red bell pepper, green onions, sesame seeds, jalapeno pepper, 1 teaspoon garlic flakes, and 1/2 teaspoon salt together in a bowl for the slaw. Pour honey, lime juice, sesame oil, mustard, ginger, 1/2 teaspoon garlic flakes, 1/4 teaspoon salt, and wasabi powder into a jar. Shake until honey is dissolved. Pour over the slaw. Heat an 8-inch cast iron skillet over medium-high heat. Coat bottom of the pan with coconut oil and olive oil. Mix flour and 1/4 teaspoon salt together in a dish. Dredge cod pieces in the mixture, coating all sides. Fry cod in the hot oil, turning once, until outsides are golden, about 6 minutes. Transfer onto paper towels to absorb excess oil. Drain the slaw slightly. Place 1/4 of the cod on a tortilla and squeeze some lime juice on top. Add 1/4 of the slaw; top with roasted cashews. Repeat with the remaining tortillas, lime, slaw, and cashews.",51 mins,4.0,4 tacos,467.8,13.46332925693642,6.139278141163008,8.670384041467056,1.1820803087590177,red,red,amber,red,3.0,3.0,2.0,3.0,11.0,unhealthy,0.0,,,51.0,23,Taco,Asian,recipe_images/recipe_1061.jpg,Sandwiches and Tacos
Baked Bourbon and Brown Sugar Salmon Nuggets,https://www.allrecipes.com/recipe/246212/baked-bourbon-and-brown-sugar-salmon-nuggets/,main-dish,"Expensive restaurant dish that's best enjoyed in the comfort (and budget) of your own home. This recipe is a great base to enjoy as-is or play with to suit your creative tastes. This dish packs a flavor punch, so use milder side dishes like a rice pilaf and your favorite green beans to cool down the taste buds between bites and avoid sensation overload. It doesn't have to be expensive, but it does taste expensive! Have fun with it and share your variations in the reviews section to help inspire others.","8 ounces honey roasted peanuts ; 1 tablespoon ground black pepper ; 6 tablespoons butter ; 1 cup packed brown sugar ; ⅔ cup bourbon whiskey (such as Jack Daniel's) ; ⅓ cup soy sauce ; 1 tablespoon crushed garlic ; 1 teaspoon onion powder ; 1 ½ pounds salmon fillet, skinned ; 1  serving cooking spray  (Optional)","Place peanuts in a large resealable bag and pound into fine crumbs with a rolling pin, meat mallet, or flat side of a can. Add pepper; mix well. Melt butter in a nonstick saucepan over medium heat. Add brown sugar, bourbon, soy sauce, garlic, and onion powder. Bring to a boil; cook until sauce thickens and has a syrupy consistency, 20 to 30 minutes. Remove from heat and let cool until it is still hot to the touch but not scalding, about 5 minutes. Cut thinner parts of salmon fillets into strips and place in a small bowl. Coat with a little bit of the sauce. Cut thicker parts of salmon fillets into 1-inch cubes and place in the saucepan; stir to coat with sauce. Let sit until flavors combine, about 10 minutes. Preheat oven to 450 degrees F (230 degrees C). Grease a large glass baking dish with cooking spray. Place strips of salmon on one side of the baking dish and cubes on the other, making sure all pieces are coated with sauce but not overlapping. Sprinkle peanut and black pepper mixture evenly on top. Bake in the preheated oven until strips flake easily with a fork, 5 to 6 minutes. Remove from the dish and continue baking until cubes flake easily with a fork, about 5 minutes more.",1 hr 5 mins,6.0,6 servings,669.6,38.6781475447987,14.801023970211777,58.087037468000936,3.946008843379102,red,red,red,red,3.0,3.0,3.0,3.0,12.0,unhealthy,5.0,Seafood Main Dishes,,65.0,10,Seafood,American,recipe_images/recipe_1071.jpg,Seafood
Carrie's Salmon with Purple Pureed Potatoes and French Green Beans,https://www.allrecipes.com/recipe/255320/carries-salmon-with-purple-pureed-potatoes-and-french-green-beans/,main-dish,"Salmon is marinated in a soy sauce-miso base, baked in a Panasonic CIO, and served alongside pureed purple potatoes and tender green beans for a quick and elegant dinner. This recipe appears on an episode of the Dinner Spinner TV Show on The CW!","⅓ cup low-sodium soy sauce ; ¼ cup vegetable oil ; ¼ cup white miso paste ; ¼ cup brown sugar ; 1 tablespoon dry white wine, or to taste ; 1 pinch red pepper flakes ; 2 (3 ounce) fillets salmon fillets ; 1 pound purple potatoes, cut into small chunks ; ¼ cup 2% milk, or to taste ; 2 tablespoons butter, softened, or to taste ;   salt and ground black pepper to taste ; 1 tablespoon olive oil ; ½ pound French green beans, trimmed ; 1 clove garlic, chopped ; 1 teaspoon butter","Mix soy sauce, 1/4 cup vegetable oil, miso paste, brown sugar, white wine, and red pepper flakes together in a bowl to make marinade. Place salmon fillets in a shallow dish. Add enough marinade to cover, reserving the remaining marinade. Marinate in the refrigerator, about 10 minutes. Preheat oven to 450 degrees F (230 degrees C). Lightly oil a cast iron skillet or grill pan and place in the oven while it preheats. (A countertop induction oven can be used in place of the oven. Preheat on the medium-high grill setting.) Remove salmon from marinade, reserving the marinade, and place skin-side up on the hot cast iron skillet; cook until bottom of salmon is lightly browned, 2 to 3 minutes. Flip salmon and continue cooking until fish flakes easily with a fork, 8 to 10 minutes more. (For the countertop induction oven, add salmon to grill pan, reserving marinade, and cook, skin-side down, for 1 1/2 minutes. Flip salmon and cook until fish flakes easily with a fork, 2 1/2 to 3 minutes.) Pour reserved marinade into a saucepan and heat until boiling; remove from heat. Place potatoes in a large pot and cover with salted cold water; bring to a boil. Reduce heat to medium-low and simmer until tender, about 20 minutes. Drain and return potatoes to the pot. Heat milk and 2 tablespoons butter together in a saucepan; bring to a simmer. Pour milk mixture over potatoes, a few tablespoons at a time, and mash using a potato masher until potatoes are desired chunkiness. Heat olive oil in a large skillet over medium heat. Add green beans and garlic; cook and stir until beans turn bright green and are lightly browned in places, about 5 minutes; stir in 1 teaspoon butter, salt, and pepper. Serve mashed potatoes and green beans alongside salmon. Drizzle reserved cooked marinade over the top.",1 hr 10 mins,2.0,2 servings,987.5,11.396030152407914,3.1403271997103257,6.754666052207117,1.4532407255011686,red,red,red,red,3.0,3.0,3.0,3.0,12.0,unhealthy,5.0,,,70.0,15,Seafood,Asian,recipe_images/recipe_1105.jpg,Seafood
Cajun Shrimp Mac and Cheese,https://www.allrecipes.com/recipe/274394/cajun-shrimp-mac-and-cheese/,main-dish,"This macaroni and cheese gets elevated by the addition of shrimp. It partially cooks in the Instant Pot and is finished in the oven. Please shred cheese yourself; if you use pre-shredded cheese, it will not be creamy.","1 ½ tablespoons butter ; 1  shallot, finely chopped ; 1 clove garlic, minced ; 2 cups pipe rigate pasta ; 1 cup milk ; ¼ cup whipping cream ;   nonstick cooking spray ; 1 (12 fluid ounce) can evaporated milk ; 1 ½ cups cooked medium shrimp ; 1 ½ cups shredded mozzarella cheese ; ½ cup shredded Parmesan cheese ; ⅓ cup shredded Fontina cheese ; 1 teaspoon seafood seasoning (such as Old Bay) ; 1 teaspoon Creole seasoning ; ½ cup panko bread crumbs ; ½ teaspoon seafood seasoning (such as Old Bay) ; ½ teaspoon Creole seasoning ; 1 tablespoon butter, melted","Turn on a multi-functional pressure cooker (such as Instant Pot) and select Saute function. Melt butter in the pot. Add shallot and garlic; saute until fragrant, about 1 minute. Hit Cancel button and allow the cooker to cool. Pour in pasta and stir to coat with shallot-butter sauce. Add milk and whipping cream. Close and lock the lid. Select high pressure according to manufacturer's instructions; set timer for 10 minutes. Allow 10 to 15 minutes for pressure to build. Release pressure using the natural-release method according to manufacturer's instructions, for 10 minutes. Use the quick-release method to release remaining pressure. Unlock and remove the lid. Preheat the oven to 350 degrees F (175 degrees C). Coat an 8x8-inch casserole dish with cooking spray. Add evaporated milk, cooked shrimp, cheeses, seafood seasoning, and Creole seasoning to the pasta mixture; mix to thoroughly combine. Transfer to the prepared casserole dish. Mix panko, seafood seasoning, and Creole seasoning together for the crumb topping. Mix in melted butter. Spread over casserole dish. Bake in the preheated oven until bubbling, about 5 minutes. Switch on the broiler and broil until top of casserole is golden brown, 2 to 4 minutes.",55 mins,6.0,6 servings,508.6,19.00004343859954,11.33747447982277,8.053516354632727,1.62282264019808,red,red,amber,red,3.0,3.0,2.0,3.0,11.0,unhealthy,0.0,Pasta,American,55.0,18,Pasta and Noodles,American,recipe_images/recipe_1113.jpg,Pasta
Salmon with Pomegranate Glaze,https://www.allrecipes.com/recipe/258360/salmon-with-pomegranate-glaze/,main-dish,Grilled salmon fillet served with a pomegranate glaze.,"⅓ cup pomegranate juice ; 1 tablespoon soy sauce, or to taste ; 1 clove garlic, sliced ; 4 (6 ounce) fillets salmon ; 2 tablespoons olive oil ; ½  pomegranate, peeled and seeds separated","Whisk pomegranate juice, soy sauce, and garlic together in a shallow non-reactive bowl until marinade is well mixed. Add salmon and turn to coat. Cover and marinate for 15 minutes. Heat olive oil in a skillet over medium heat; add garlic from the marinade and cook until lightly browned, 1 to 2 minutes. Pour in the marinade and cook until reduced and thickened to a glaze, 4 to 5 minutes. Preheat an outdoor grill for medium-high heat and lightly oil the grate. Cook salmon on the preheated grill until flesh flakes easily with a fork, about 3 minutes per side. Serve salmon topped with glaze and garnished with pomegranate seeds.",36 mins,4.0,4 fillets,395.0,11.380504700643243,2.078179119247897,7.669470559129143,0.3793913904007916,red,amber,amber,amber,3.0,2.0,2.0,2.0,9.0,unhealthy,4.5,Seafood Main Dishes,,36.0,6,Seafood,International,recipe_images/recipe_1122.jpg,Seafood
Hazelnut-Citrus Encrusted Salmon,https://www.allrecipes.com/recipe/232333/hazelnut-citrus-encrusted-salmon/,main-dish,"Hazelnuts, lemon, and rosemary are a delightful complement to salmon in this easy recipe.",cooking spray ; 4 (4 ounce) fillets salmon ; ½ cup low-fat mayonnaise ; 1 tablespoon lemon juice ; 1 tablespoon minced fresh rosemary ; ⅛ teaspoon salt ; ¼ teaspoon ground black pepper ; ½ cup chopped hazelnuts,"Preheat oven to 400 degrees F (200 degrees C). Coat a baking sheet with cooking spray. Place salmon on prepared baking sheet. Whisk mayonnaise and lemon juice together in a bowl until smooth; spread mixture onto salmon. Sprinkle each fillet with rosemary, salt, and black pepper. Top each piece with hazelnuts. Bake in the preheated oven until the fish flakes easily with a fork, about 15 minutes.",30 mins,4.0,4 servings,322.4,16.151796980885173,2.093751460485115,5.010048137589383,0.7591718465205403,red,amber,amber,amber,3.0,2.0,2.0,2.0,9.0,unhealthy,4.33,Ingredients,American,30.0,8,Seafood,International,recipe_images/recipe_1152.jpg,Seafood
Crabmeat-Stuffed Zucchini Boats,https://www.allrecipes.com/recipe/215685/crabmeat-stuffed-zucchini-boats/,main-dish,"This a delicious way to use up all that summer squash! I will often make this recipe on Sunday and then have an easy, nutritious lunch ready for the week.","2 tablespoons butter ; 2 tablespoons extra-virgin olive oil ; 1  onion, chopped ; 3 cloves garlic, minced ; 2 large zucchini, trimmed and halved lengthwise ; 1 cup Italian-seasoned bread crumbs ; 1 ½ tablespoons dried parsley ; ½ teaspoon salt ; ¼ teaspoon freshly ground black pepper ; 1 pound imitation crabmeat ; 2 ½ teaspoons lemon juice ; ½ teaspoon ground mustard ; 2 tablespoons grated Parmesan cheese, or to taste","Preheat oven to 350 degrees F (175 degrees C). Heat butter and olive oil in a large skillet over medium heat. Add onion and garlic; cook and stir until onion is soft but not browned, about 5 minutes. Scoop flesh from the zucchini halves using a spoon, leaving a 1/4-inch layer intact. Chop zucchini flesh and stir into the skillet. Cook until soft, 3 to 5 minutes. Stir in bread crumbs, parsley, salt, and pepper. Reduce heat to low. Flake crabmeat into the skillet, leaving some larger chunks. Add lemon juice and ground mustard. Cook until crabmeat is heated through, 2 to 3 minutes. Remove from heat. Divide crabmeat mixture evenly among the zucchini halves. Sprinkle Parmesan cheese on top. Bake in the preheated oven until zucchini is soft, 20 to 30 minutes.",55 mins,4.0,4 servings,396.8,6.758816137742962,2.267197818356816,5.774937839210758,1.8988851161671525,amber,amber,amber,red,2.0,2.0,2.0,3.0,9.0,unhealthy,4.0,,,55.0,13,Stuffed Dishes,American,recipe_images/recipe_1156.jpg,Stuffed Dishes
Pan-Fried Coconut King Salmon,https://www.allrecipes.com/recipe/264216/pan-fried-coconut-king-salmon/,main-dish,Pan-fried king salmon in a coconut crust.,"3 tablespoons unsalted butter ; 4 tablespoons brown sugar ; 4 tablespoons shredded coconut ; ½ teaspoon sea salt ; ½ pound skinless king salmon fillet, cut into small pieces and brought to room temperature","Melt 1 1/2 tablespoons butter in a small microwave-safe bowl. Set aside. Mix brown sugar, coconut, and salt together in a shallow bowl. Heat remaining butter in a cast iron skillet over medium-high heat. Dip each piece of salmon first into the melted butter and then into the coconut mixture; drop into the hot butter. Sear quickly, about 2 minutes. Flip and sear on the other side, about 2 minutes more. Remove skillet from the heat and cover for a few minutes or until ready to serve; this helps caramelize the coconut crust.",20 mins,2.0,2 servings,537.6,18.937048503611972,10.577915376676986,14.035087719298245,0.6545407636738905,red,red,red,amber,3.0,3.0,3.0,2.0,11.0,unhealthy,1.0,Seafood Main Dishes,American,20.0,5,Seafood,International,recipe_images/recipe_1190.jpg,Seafood
Sweet and Tangy Glazed Salmon,https://www.allrecipes.com/recipe/42159/sweet-and-tangy-glazed-salmon/,main-dish,"This is a great glaze for grilled salmon. Very easy, and everyone loves it.","6 tablespoons butter ; 1 ½ cups brown sugar ; 4 ½ tablespoons lemon juice ; 2 ¼ teaspoons dried dill weed ; ¾ teaspoon ground cayenne pepper ; 1 pound salmon fillets, with skin ;   lemon pepper to taste","Preheat an outdoor grill for high heat. Melt the butter in a saucepan over medium heat, and mix in the brown sugar, lemon juice, dill, and cayenne pepper. Cook and stir until the brown sugar is dissolved. Reduce heat and simmer until ready to brush onto the salmon. Season salmon with lemon pepper, and place directly on the grill grate, skin side down. Brushing frequently with the butter and brown sugar glaze, cook the salmon 20 minutes, or until easily flaked with a fork. Reserve some of the glaze for serving.",45 mins,4.0,4 servings,655.6,20.92228075039276,9.758802328805102,59.513908141576565,0.4783291747527955,red,red,red,amber,3.0,3.0,3.0,2.0,11.0,unhealthy,4.18,Seafood Main Dishes,American,45.0,7,Seafood,American,recipe_images/recipe_1206.jpg,Seafood
Barbeque Roasted Salmon,https://www.allrecipes.com/recipe/240921/barbeque-roasted-salmon/,main-dish,A wonderful and easy way to cook salmon fillets. Serve with lemon slices if desired.,3 (6 ounce) salmon fillets ; ¼ cup lemon juice ;   cooking spray ; ¼ cup brown sugar ; 2 tablespoons chili powder ; 4 teaspoons lemon zest ; 1 tablespoon vegetable oil ; 1 ½ teaspoons ground cumin ; 1 ¼ teaspoons ground cinnamon ; 1 teaspoon salt,"Place salmon in a resealable bag and add lemon juice; marinate in the refrigerator for at least 1 hour. Preheat oven to 400 degrees F (200 degrees C). Line a baking dish with aluminum foil and spray foil with cooking spray. Blend brown sugar, chili powder, lemon zest, oil, cumin, cinnamon, and salt together in a blender until brown sugar mixture is smooth. Remove salmon from bag and discard bag and lemon juice. Spread brown sugar mixture over salmon and place in the prepared baking dish. Bake in the preheated oven until fish flakes easily with a fork, 12 to 15 minutes.",1 hr 30 mins,3.0,3 servings,380.9,7.8156312625250495,1.5030060120240485,9.418837675350703,1.1340180360721444,amber,amber,amber,red,2.0,2.0,2.0,3.0,9.0,unhealthy,4.0,Seafood Main Dishes,American,90.0,10,Seafood,American,recipe_images/recipe_1216.jpg,Seafood
Grilled Salmon in Foil,https://www.allrecipes.com/recipe/279339/grilled-salmon-in-foil/,main-dish,"I live in Alaska and this grilled salmon in foil recipe goes over great at our barbeques. It's so simple to make and with a nice side of steamed asparagus or other vegetable, it looks top-notch when served.","1 ½ cups brown sugar ; 1 teaspoon sea salt ; 1 teaspoon lemon-pepper seasoning ; 1 teaspoon seasoned salt ; 2 (1 pound) fillets salmon fillets, cut in half ;   aluminum foil ; ½ cup olive oil ; 1 teaspoon liquid smoke, or more to taste","Preheat an outdoor grill for medium heat and lightly oil the grate. Mix brown sugar, sea salt, lemon-pepper seasoning, and seasoned salt together in a container. Coat halved fillets with mixture. Place salmon on 2 to 4 aluminum foil sheets; drizzle with olive oil and liquid smoke. Fold the tops of the pieces of foil together, leaving the sides open. Tent the foil for heat circulation. Place foil packets on the preheated grill and cook until salmon is easily flaked with a fork, 15 to 25 minutes, opening foil during the last 5 minutes to lightly brown.",25 mins,8.0,8 servings,465.1,21.22691572914455,3.566121842496285,34.132880492464444,0.972829547866695,red,amber,red,amber,3.0,2.0,3.0,2.0,10.0,unhealthy,4.33,Bbq & Grilling Recipes,U.S. American,25.0,8,Seafood,American,recipe_images/recipe_1220.jpg,Seafood
Pineapple Salmon,https://www.allrecipes.com/recipe/280835/pineapple-salmon/,main-dish,This pineapple salmon is one of my favorites.,1 ½ pounds salmon fillets ; 1  serving cooking spray ; ½ cup water ; 1 (8 ounce) can crushed pineapple ; ¼ cup reduced-sodium teriyaki sauce ; 3 tablespoons pineapple preserves ; 3 tablespoons Asian sweet chili sauce ; 2 teaspoons reduced-sodium teriyaki sauce,"Heat a large saute pan over medium-high heat for 2 minutes. Coat both sides of salmon fillets with cooking spray and add to the hot pan. Cook for 4 minutes. Flip, cover, and cook for 4 minutes more. Whisk water, crushed pineapple, and 1/4 cup teriyaki sauce together in a bowl. Pour sauce over salmon; reduce heat to medium-low, cover, and cook for 2 minutes. Stir pineapple preserves, chili sauce, and remaining 2 teaspoons teriyaki sauce together. Spoon evenly over salmon, cover, and remove from heat. Let stand for 1 to 2 minutes.",30 mins,4.0,4 salmon fillets,389.7,16.62910092662159,3.305785123966942,23.941898322063608,1.0946656649135988,amber,amber,red,amber,2.0,2.0,3.0,2.0,9.0,unhealthy,3.0,Seafood Main Dishes,,30.0,8,Seafood,Asian,recipe_images/recipe_1221.jpg,Seafood
Three Cheese Baked Pasta,https://www.allrecipes.com/recipe/12073/three-cheese-baked-pasta/,main-dish,This hearty dish always gets rave reviews. Everyone who tries it loves it! Make it a part of your meal today!,"1 pound uncooked pasta ; 1 pound ground beef ; 1  onion, chopped ; 6 ½ cups tomato pasta sauce ; 6 ounces provolone cheese, thinly sliced ; 1 ½ cups sour cream ; 6 ounces mozzarella cheese, shredded ; ½ cup grated Parmesan cheese","Bring a large pot of lightly salted water to a boil. Cook pasta in boiling water until al dente. Drain. Meanwhile, cook ground meat and onion in a skillet over medium heat, stirring frequently, until meat is browned. Stir in pasta sauce, reduce heat, and simmer for 15 minutes. Preheat oven to 350 degrees F (175 degrees C). Lightly grease a 9x13 inch baking dish. Layer the ingredients in the prepared baking dish as follows: half of the cooked pasta, all the provolone cheese, all the sour cream, half of the sauce mixture, remaining pasta, mozzarella cheese, and remaining sauce mixture. Top with grated Parmesan cheese. Bake in preheated oven for 30 minutes, or until bubbly.",1 hr 20 mins,12.0,12 servings,462.7,19.270833333333332,9.635416666666666,11.024305555555555,1.9055989583333337,red,red,amber,red,3.0,3.0,2.0,3.0,11.0,unhealthy,4.62,Pasta,,80.0,8,Pasta and Noodles,Italian,recipe_images/recipe_1234.jpg,Pasta
Cauliflower Mac-N-Cheese,https://www.allrecipes.com/recipe/254511/cauliflower-mac-n-cheese/,main-dish,Simple mac-n-cheese.,1 ½ cups elbow macaroni ; ½ cup cauliflower florets ;   cooking spray ; 1 tablespoon olive oil ; 1 tablespoon all-purpose flour ; ½ cup milk ; 1 ½ cups shredded Cheddar cheese ; ½ (8 ounce) package cream cheese ; ½ teaspoon salt ; ⅛ teaspoon ground black pepper,"Bring a large pot of lightly salted water to a boil. Cook elbow macaroni in the boiling water, stirring occasionally until tender yet firm to the bite, 8 minutes. Drain. Place a steamer insert into a saucepan and fill with water to just below the bottom of the steamer. Bring water to a boil. Add cauliflower, cover, and steam until tender, 5 to 6 minutes. Place cauliflower in a blender or food processor; blend until smooth. Coat a large saucepan with non-stick cooking spray; place over medium heat. Add oil and flour; cook, stirring constantly, until a thick paste forms, 1 to 2 minutes. Add milk; cook and stir until mixture thickens, 3 to 4 minutes. Mix cauliflower, Cheddar cheese, cream cheese, salt, and pepper into milk mixture; stir until sauce is smooth. Fold macaroni into sauce.",30 mins,4.0,4 servings,470.7,64.04944167427487,36.182316173888616,6.966781375096566,3.682842896270805,red,red,amber,red,3.0,3.0,2.0,3.0,11.0,unhealthy,4.59,Pasta,American,30.0,10,Pasta and Noodles,American,recipe_images/recipe_1245.jpg,Pasta
Beef and Biscuit,https://www.allrecipes.com/recipe/22671/beef-and-biscuit/,main-dish,"This isn't the leanest dish in the world, but, man, it has to be the best!  Ground beef, onions, cheese, biscuits...MMMM!","1 ¼ pounds lean ground beef ; ½ cup chopped onion ; ¼ cup chopped green chile pepper ; 1 (8 ounce) can tomato sauce ; 2 teaspoons chili powder ; ½ teaspoon garlic salt ; 1 (10 ounce) can refrigerated buttermilk biscuit dough ; 1 ½ cups shredded Monterey Jack cheese, divided ; ½ cup sour cream ; 1  egg, lightly beaten","Preheat oven to 375  degrees F (190 degrees C). In a large skillet, brown the ground beef, onion and green chile pepper; drain. Stir in tomato sauce, chili powder ,and garlic salt. Simmer while preparing the biscuits. Separate biscuit dough into 10 biscuits. Pull each biscuit into 2 layers. Press 10 biscuit halves on the bottom of a 9-inch pie dish to form bottom crust. Reserve the other 10 biscuit halves for the top layer. Remove meat mixture from heat, and stir in 1/2 cup shredded cheese, sour cream, and egg; mix well. Spoon over bottom crust. Arrange remaining biscuit halves to form top crust, and spoon remaining cheese evenly over the top. Bake in  preheated oven for 25 to 30 minutes, or until biscuits are a deep golden brown color.",45 mins,10.0,10 servings,306.0,29.575150614192943,13.4574759408497,5.789844300133011,2.470855175651358,red,red,amber,red,3.0,3.0,2.0,3.0,11.0,unhealthy,4.04,Savory Pie Recipes,,45.0,10,Casserole and Pies,Mexican,recipe_images/recipe_1268.jpg,Casserole and Pies
Honey-Orange Glazed Ham,https://www.allrecipes.com/recipe/130274/honey-orange-glazed-ham/,main-dish,Perfect recipe for a holiday ham.  I use it every year at Thanksgiving and Christmas. Very sweet and easy to make!,2 tablespoons orange juice ; ¼ teaspoon ground cinnamon ; ¼ teaspoon ground cloves ; 1 cup honey ; ¼ teaspoon almond extract  (Optional); 1 (8 pound) fully cooked whole ham,"Preheat an oven to 325 degrees F (165 degrees C). Stir the orange juice, cinnamon, clove, and honey together in a small bowl; set aside. Stir in almond extract if desired. Place the ham in a shallow roasting pan. Bake in the preheated oven 1 hour and 15 minutes. Remove the ham from the oven, and baste with the honey glaze. Return to the oven; continue cooking until the ham reaches an internal temperature of 140 degrees F (60 degrees C), about 45 minutes longer. Baste occasionally as the ham finishes baking.",2 hrs 10 mins,24.0,1 - 8 pound ham,415.6,18.112556601739374,6.468770214906922,7.568461151441097,3.1399410623158195,red,red,amber,red,3.0,3.0,2.0,3.0,11.0,unhealthy,4.81,Pork,American,130.0,6,Pork,American,recipe_images/recipe_1276.jpg,Meat Dishes
Peanut Butter and Honey Sandwich,https://www.allrecipes.com/recipe/199631/peanut-butter-and-honey-sandwich/,main-dish,Extremely tasty and easy.,"2 tablespoons peanut butter ; 1 teaspoon honey ; 1 teaspoon butter, softened ; 2 slices bread","Stir the peanut butter, honey, and butter together in a bowl until smooth; spread on 1 of the bread slices and sandwich with the other slice.",5 mins,1.0,1 sandwich,382.8,22.15909090909091,6.316844919786097,11.330213903743315,1.3007185828877006,red,red,amber,amber,3.0,3.0,2.0,2.0,10.0,unhealthy,4.67,Sandwich Recipes,American,5.0,4,Sandwich,American,recipe_images/recipe_1290.jpg,Sandwiches and Tacos
Skillet Meatloaf,https://www.allrecipes.com/recipe/72845/skillet-meatloaf/,main-dish,A very easy to prepare meatloaf that is always very juicy and flavorful.,"1 (10.75 ounce) can  condensed tomato soup, divided ; 1 ½ pounds ground beef ; ½ cup dry bread crumbs ; 1  egg, lightly beaten ; ¼ cup chopped onion ; 1 teaspoon salt ; 1 teaspoon pepper ; ¼ cup water ; ½ teaspoon prepared yellow mustard ; ½ cup shredded mozzarella cheese","In a large bowl, mix together 1/4 cup of the tomato soup, ground beef, bread crumbs, egg, onion, salt and pepper using your hands. Shape firmly into two loaves. Heat a large deep skillet over medium-high heat. Brown the meatloaves in the hot skillet, then reduce heat to medium and cover with a lid. Simmer for about 25 minutes, or until meat is cooked through. Spoon the fat from the skillet, and stir in the remaining soup, water, and mustard. Top with mozzarella cheese, and let simmer uncovered for 10 minutes, stirring sauce occasionally.",55 mins,6.0,6 servings,310.9,22.47029168167087,8.908340489183127,6.116174067200355,2.894878258219994,red,red,amber,red,3.0,3.0,2.0,3.0,11.0,unhealthy,4.16,Meatloaf Recipes,American,55.0,10,Meatloaf,American,recipe_images/recipe_1324.jpg,Meat Dishes
Grilled Apple and Swiss Cheese Sandwich,https://www.allrecipes.com/recipe/166847/grilled-apple-and-swiss-cheese-sandwich/,main-dish,"My mother taught me this recipe, and it has become one of my favorite quick meals. I find that Granny Smith apples work best, as well as a crunchy seed bread.","2 slices whole wheat bread ; 1 ½ teaspoons olive oil ; ½  Granny Smith apple - peeled, cored and thinly sliced ; ⅓ cup shredded Swiss cheese","Preheat a skillet over medium heat. Lightly brush one side of each slice of bread with the olive oil. Place 1 slice of bread, olive oil side down into the skillet, and arrange the apple slices evenly over the top. Sprinkle the Swiss cheese over the apple, then top with the remaining slice of bread, olive oil-side up. Cook until the bread is golden brown, then flip the sandwich over, and cook until the other side is golden brown and the cheese has melted, 1 to 2 more minutes.",15 mins,1.0,1 sandwich,370.5,25.968109339407743,10.660592255125286,14.624145785876994,1.1548974943052397,red,red,amber,amber,3.0,3.0,2.0,2.0,10.0,unhealthy,4.25,Sandwich Recipes,,15.0,4,Sandwich,American,recipe_images/recipe_1326.jpg,Sandwiches and Tacos
Homemade Macaroni and Cheese,https://www.allrecipes.com/recipe/273332/homemade-macaroni-and-cheese/,main-dish,"Nothing is better than some comforting, homemade macaroni and cheese!","1 (16 ounce) package elbow macaroni ; 4 tablespoons butter ; 4 tablespoons all-purpose flour ; 1 teaspoon salt ; 1 teaspoon dry mustard ; 3 ½ cups milk ; 1 (8 ounce) package sharp white Cheddar cheese (such as Cracker Barrel), shredded ; ½ (8 ounce) package processed cheese (such as Velveeta), cubed  ; 1 cup bread crumbs, or as needed ; 1 pinch paprika, or to taste  (Optional)","Preheat the oven to 350 degrees F (175 degrees C). Bring a large pot of lightly salted water to a boil. Cook elbow macaroni in the boiling water, stirring occasionally, for 6 minutes. Drain and set aside. Melt butter in a saucepan over medium heat. Remove from heat. Stir in flour, salt, and dry mustard and mix well. Return to heat; pour in milk, stirring constantly until mixture is simmering, thick, and smooth. Add white Cheddar cheese and processed cheese; stir occasionally until melted. Pour cooked macaroni into a large baking dish, followed by sauce. Stir to combine. Top with bread crumbs. Sprinkle with paprika. Bake in the preheated oven until bread crumbs are golden brown and sauce is bubbly, 20 to 25 minutes.",50 mins,8.0,8 servings,540.9,18.997137708046218,11.279550514152444,7.1239266405173325,1.7565991731156576,red,red,amber,red,3.0,3.0,2.0,3.0,11.0,unhealthy,4.17,,,50.0,10,Pasta and Noodles,American,recipe_images/recipe_1353.jpg,Pasta
Cottage Cheese Perogies,https://www.allrecipes.com/recipe/72791/cottage-cheese-perogies/,main-dish,"Very easy recipe to make, and a wonderful twist to an ordinary perogy.  These cheese filled perogies taste great just boiled or fried with a little butter.  Eat them with sour cream and you will have a wonderful dinner. You can easily double or triple the recipe and place extras in the freezer.",1 ¾ cups dry-curd cottage cheese ; 2  egg yolks ; ¾ teaspoon salt  (Optional); 2 cups all-purpose flour ; 1 teaspoon salt  (Optional); ½ teaspoon baking powder ; 2 tablespoons vegetable oil ; ¾ cup cold water,"In a medium bowl, mix together the cottage cheese, egg yolks, and 3/4 teaspoon of salt. Set aside. In a separate bowl, mix together the flour, 1 teaspoon of salt, and baking powder. Pour in the vegetable oil and cold water, and mix or knead into a smooth dough. Roll dough out on a lightly floured surface, and cut into 3 inch circles using a glass, can, or cookie cutter. Place a spoonful of the cottage cheese filling onto each circle. Fold in half, and pinch the edges together to seal. Bring a large pot of lightly salted water to a boil. Carefully drop the perogies into the water, and cook for 3 to 4 minutes, or until they float. Remove from water with a slotted spoon, and place on a cooling rack set over a baking sheet to drain excess water.",40 mins,12.0,1 dozen,131.0,9.572081429164935,2.0938928126298295,5.384295803905276,2.7953469048608226,amber,amber,amber,red,2.0,2.0,2.0,3.0,9.0,unhealthy,4.32,Dumpling Recipes,American,40.0,8,Dumplings,Eastern European,recipe_images/recipe_1359.jpg,Dumplings
Good Burger,https://www.allrecipes.com/recipe/30480/good-burger/,main-dish,"These aren't your everyday hamburgers. They taste a little different, but this is the only way I make them. Everyone loves these, and they are fairly simple to make. The brown sugar brings out the flavors of the other spices. Please note that these aren't exact measurements.  I just throw a little of this and a little of that in.","1 pound ground beef chuck ; ½ small yellow onion, finely chopped ; 6 tablespoons brown sugar ; 1 teaspoon Cajun seasoning ; 1 teaspoon garlic powder ; 2 tablespoons steak sauce ; ¼ cup Italian seasoned bread crumbs","Preheat an outdoor grill for high heat, and lightly oil grate. In a medium bowl, mix ground chuck, onion, brown sugar, Cajun seasoning, garlic powder, steak sauce, and Italian seasoned bread crumbs. Form the mixture into four burger patties. On the prepared grill, cook the burgers 3 to 5 minutes on each side, or to desired doneness.",50 mins,4.0,4 burgers,383.4,13.006096607784896,5.127403470376738,12.818508675941848,0.6587462873221822,amber,red,amber,amber,2.0,3.0,2.0,2.0,9.0,unhealthy,4.17,Burger Recipes,,50.0,7,Burger,American,recipe_images/recipe_1366.jpg,Burger
Pecan-Crusted Pork with Pumpkin Butter,https://www.allrecipes.com/recipe/158731/pecan-crusted-pork-with-pumpkin-butter/,main-dish,"This is one of my favorite ways to eat pork. Pork chops are crusted in pecans and breadcrumbs, then topped with a delicious homemade pumpkin butter. (You can always use store bought pumpkin butter if you can find it but homemade is always better).",1 (14 ounce) can pumpkin puree ; ¾ cup apple juice ; ¾ cup sugar ; 1 pinch ground cloves ; 1 teaspoon ground ginger ; 1 teaspoon ground cinnamon ; 1 cup pecans ; ¾ cup bread crumbs ; 4  (1/2 inch thick) boneless pork chops ; ¼ cup oil for frying,"Whisk together pumpkin puree, apple juice, sugar, cloves, ginger, and cinnamon in a saucepan until smooth. Bring to a boil, then reduce heat to medium-low, and simmer until the mixture has reached the consistency of applesauce. About 10 minutes. Meanwhile, pulse pecans and bread crumbs in a food processor until the pecans are finely chopped. Pour into a shallow dish, and press pork chops into the mixture to coat. Heat oil in a skillet over medium-high heat. Add breaded pork chops and cook until golden brown on both sides and cooked through, about 4 minutes per side. Remove and drain on a paper towel-lined plate. Serve the pork chops with a dollop of pumpkin butter.",30 mins,4.0,4 pork chops,682.8,10.237621689521614,1.664398618235109,15.168010049199202,0.3419868104260442,red,amber,red,amber,3.0,2.0,3.0,2.0,10.0,unhealthy,4.54,Pork,,30.0,10,Pork,American,recipe_images/recipe_1375.jpg,Meat Dishes
Philly Cheese Steak Sloppy Joes,https://www.allrecipes.com/recipe/263831/philly-cheese-steak-sloppy-joes/,main-dish,A quick and easy Philly cheese steak made in the style of a Sloppy Joe. Enjoy a salad or sweet potato fries on the side. Yum!,"1 pound lean ground beef ; ½  red bell pepper, thinly sliced ; ½  green bell pepper, thinly sliced ; ½  yellow onion, thinly sliced ; 1 clove garlic, minced ; 1 cup cold water ; 1 tablespoon cornstarch ; 2 teaspoons beef bouillon granules ; 1 teaspoon Worcestershire sauce ;   salt and ground black pepper to taste ; ¾ cup shredded mozzarella cheese ; 4  whole wheat hamburger buns, split","Heat a large skillet over medium-high heat. Cook and stir beef in the hot skillet until browned and crumbly, 5 to 7 minutes. Add bell peppers, onion, and garlic; saute until beginning to tenderize, about 5 minutes more. Stir water, cornstarch, bouillon, and Worcestershire sauce together in a bowl. Add to beef mixture in skillet. Cover with a lid and reduce heat to low. Simmer until sauce thickens and veggies are tender, 7 to 10 minutes. Season with salt and pepper. Add mozzarella cheese; cover until melted, about 2 minutes. Stir to combine. Serve beef mixture on buns, Sloppy Joe-style.",35 mins,4.0,4 Sloppy Joes,747.4,12.97144871342968,4.699800258489014,6.062742333450828,1.91234872517918,red,red,amber,red,3.0,3.0,2.0,3.0,11.0,unhealthy,4.64,Sandwich Recipes,U.S.,35.0,12,Sandwich,American,recipe_images/recipe_1389.jpg,Sandwiches and Tacos
Grilled Peanut Butter Apple Sandwiches,https://www.allrecipes.com/recipe/142184/grilled-peanut-butter-apple-sandwiches/,main-dish,"These sandwiches are a simple, but impressive, combination of flavors perfect for after-school snacking or a quick lunch.  Great with a glass of cold milk!","1  Gala apple, peeled, cored, and thinly sliced ; ½ teaspoon white sugar ; ½ teaspoon ground cinnamon ; 8 tablespoons creamy peanut butter ; 8 slices whole wheat bread ; ¼ cup unsalted butter","Mix cinnamon and sugar together in a small bowl. Spread one tablespoon of peanut butter onto one side of 8 slices of bread. Arrange apple slices on 4 slices of bread. Sprinkle the cinnamon/sugar mixture evenly over the apples. Top with the remaining 4 slices of bread, peanut butter face down. Melt the butter in a large skillet over medium heat. Fry sandwiches until browned,  about 1 to 2 minutes on each side.",15 mins,4.0,4 servings,443.6,33.75194017214618,12.642867221673484,8.014674756596584,1.1858332157471425,red,red,amber,amber,3.0,3.0,2.0,2.0,10.0,unhealthy,4.64,Sandwich Recipes,,15.0,6,Sandwich,American,recipe_images/recipe_1417.jpg,Sandwiches and Tacos
Cafeteria Macaroni and Cheese,https://www.allrecipes.com/recipe/11726/cafeteria-macaroni-and-cheese/,main-dish,This is an old-fashioned comfort food recipe.,"8 ounces macaroni ; 1 ½ cups milk ; 1 ½ teaspoons ground mustard ; 1 teaspoon Worcestershire sauce ; ¾ teaspoon salt ; 1 dash hot pepper sauce ; 1 ½ tablespoons butter ; 3 ½ cups shredded Cheddar cheese, divided ; ½ cup bread crumbs ; 2 tablespoons butter, melted ; ½ teaspoon paprika","Preheat oven to 350 degrees F (175 degrees C).  Grease a 2 quart casserole dish. Bring a large pot of lightly salted water to a boil.  Add macaroni and cook for 8 to 10 minutes or until al dente; drain. Heat the milk in a small saucepan.  Stir in mustard, Worcestershire sauce, salt, and hot sauce.  Set aside. Stir 1 1/2 tablespoons butter and 3 cups cheese into the drained macaroni.  Pour the hot milk mixture over the cheese and macaroni.  Transfer to prepared baking dish.  Sprinkle remaining 1/2 cup cheddar on top.  Combine the bread crumbs with the melted butter, and spread over the top.  Sprinkle with paprika. Bake in preheated oven for 30 minutes, and then place under the broiler for 1 to 2 minutes.",50 mins,6.0,6 servings,543.9,64.66819221967964,39.54233409610984,9.061784897025174,4.376430205949657,red,red,amber,red,3.0,3.0,2.0,3.0,11.0,unhealthy,4.12,Pasta,,50.0,11,Pasta and Noodles,American,recipe_images/recipe_1424.jpg,Pasta
Chicken Parmesan Pasta Casserole,https://www.allrecipes.com/recipe/214614/chicken-parmesan-pasta-casserole/,main-dish,"Perfect for potluck meals, family gatherings, or in a smaller batch, for a winter comfort food meal for the family. Just my take on traditional Chicken Parmesan. I came up with this for my wife's corporate potluck lunch. She wanted Chicken Parmesan, but it was too difficult to feed 20 people the conventional way. Figured a casserole would work just as well. It did!","1 (16 ounce) package uncooked rotini pasta ; 1 pound skinless, boneless chicken breasts, cut into bite-size pieces ; 2 cups vegetable oil for frying ; 2 cups flour ; 4  eggs, beaten ; 2 cups Italian seasoned bread crumbs ; 2 tablespoons garlic powder ; 1 (16 ounce) package shredded mozzarella cheese, divided ; ½ cup grated Parmesan cheese ; 1 ½ (32 ounce) jars marinara sauce ; ½ cup dry red wine (such as Sangiovese) ; ½ cup grated Parmesan cheese","Fill a large pot with lightly salted water and bring to a rolling boil over high heat. Once the water is boiling, stir in the rotini, and return to a boil. Cook uncovered, stirring occasionally, until the pasta has cooked through, but is still firm to the bite, about 8 minutes. Drain well in a colander set in the sink. Heat oil in a deep-fryer or large saucepan to 375 degrees F (190 degrees C), and preheat an oven to 350 degrees F (175 degrees C). Place the flour, egg, and bread crumbs in 3 separate bowls. Mix the garlic powder into the bread crumbs. Working in batches, coat the chicken breast in the flour, then dip them in the egg, and finally coat with the bread crumbs. Carefully fry the coated chicken in the hot oil in small batches until golden brown and no longer pink in the center, 3 to 4 minutes. Drain the fried chicken over paper towels. Combine cooked pasta, fried chicken, 1/2 package of mozzarella cheese, and 1/2 cup grated Parmesan cheese in a large bowl. Stir in the marinara sauce. Pour the red wine into the empty marinara sauce jar; cover and shake the jar, and empty the contents into the bowl of pasta. Stir to combine. Spread pasta mixture in a large casserole dish, and cover with aluminum foil. Bake in the preheated oven for 30 minutes. Remove the aluminum foil and sprinkle with the remaining 1/2 package of mozzarella cheese and 1/2 cup of Parmesan cheese. Return to the oven, and continue baking until the cheese has melted, about 30 minutes. Remove from the oven, and allow to rest for 5 minutes before serving. Serve hot.",1 hr 55 mins,10.0,10 servings,1121.9,25.740784406193512,5.816238308575023,6.287825198459483,1.4645720348974305,red,red,amber,red,3.0,3.0,2.0,3.0,11.0,unhealthy,4.51,Pasta,Italian,115.0,12,Casserole and Pies,Italian,recipe_images/recipe_1425.jpg,Casserole and Pies
Little Meat Loaves,https://www.allrecipes.com/recipe/18798/little-meat-loaves/,main-dish,These individual meat loaves are topped with a sweet and tangy sauce. The sausage in this recipe yields a more complex flavor than your standard meat loaf.,"2  eggs, beaten ; ¾ cup crushed buttery round crackers ; ½ cup milk ; ½ cup grated Parmesan cheese ; ½ cup chopped onion ; 1 teaspoon Worcestershire sauce ; 1 teaspoon dried Italian-style seasoning ; 1 teaspoon garlic salt ; 1 pound lean ground beef ; 1 pound ground sausage ; 1 cup ketchup ; ½ cup packed brown sugar ; 1 tablespoon Worcestershire sauce","Preheat oven to 350 degrees F (175 degrees C). In a large bowl, combine the eggs, cracker crumbs, milk, cheese, onion, Worcestershire sauce, Italian-style seasoning, garlic salt, ground beef and ground sausage. Mix this together well and form into individual loaves. Place the loaves in a 9x13 inch baking dish. In a separate small bowl, combine the ketchup, brown sugar and Worcestershire sauce. Mix this together well and spoon some of this sauce over each loaf. Garnish each loaf with some Parmesan cheese and seasoning to taste. Bake at 350 degrees F (175 degrees C) for 45 to 60 minutes.",1 hr 30 mins,6.0,6 servings,677.8,18.477124708530994,6.368095199807026,14.810645654096646,2.313982471657152,red,red,red,red,3.0,3.0,3.0,3.0,12.0,unhealthy,4.69,Meatloaf Recipes,,90.0,13,Meatloaf,American,recipe_images/recipe_1439.jpg,Meat Dishes
Macaroni and Cheese Southern Style,https://www.allrecipes.com/recipe/230285/macaroni-and-cheese-southern-style/,main-dish,"I got this great dish from my Mother, who in turn got it from my Grandmother. This is a staple in our family throughout the year and especially on holidays. My Mother comes from a small town in Mississippi and all of her sisters make this dish the same way. Enjoy this Southern-styled twist on macaroni and cheese.","1 (7.25 ounce) package macaroni and cheese mix  ; 1 ¼ cups evaporated milk ; 2  eggs ;   salt and ground black pepper to taste ; 8 ounces thinly sliced Cheddar cheese, divided ; ½ cup butter, diced - divided","Preheat oven to 350 degrees F (175 degrees C). Grease a 2 1/2-quart casserole dish. Set cheese packet from mix aside. Bring a pot of lightly salted water to a boil. Cook elbow macaroni in the boiling water, stirring occasionally, until cooked firm to the bite, 5 minutes. Drain and reserve pasta cooking water. Whisk contents of reserved cheese packet with evaporated milk, eggs, salt, and pepper in a bowl. Layer half the cooked macaroni in the prepared casserole dish, followed by half the Cheddar cheese slices in a layer. Dot  with half the butter. Repeat layers, using remaining half of cooked macaroni, remaining Cheddar cheese slices, and remaining butter. Pour evaporated milk mixture over casserole. If evaporated milk mixture does not reach to the top of the casserole, pour in enough pasta cooking water to cover. Bake in the preheated oven until bubbling, about 45 minutes.",1 hr 5 mins,8.0,8 servings,380.5,37.46383475003924,22.822795882207817,9.61715298181084,1.867809002624083,red,red,amber,red,3.0,3.0,2.0,3.0,11.0,unhealthy,4.46,,Southern,65.0,6,Pasta and Noodles,American,recipe_images/recipe_1440.jpg,Pasta
Natasha's Out-Of-This World Instant Pot Meatballs,https://www.allrecipes.com/recipe/274323/natashas-out-of-this-world-instant-pot-meatballs/,main-dish,"These are such amazing Instant Pot meatballs that will melt in your mouth the good way! Serve over noodles, rice, or on a sandwich roll!","1 pound ground beef ; 1 pound ground pork ; 1 small onion, finely chopped ; 1 tablespoon minced garlic ; 1 tablespoon Italian seasoning ;   salt and ground black pepper to taste ; 1 ¼ cups bread crumbs ; ¼ cup milk, or more as needed ; 2 tablespoons mayonnaise ; 3 (30 ounce) jars marinara sauce, or as needed ; 1 cup water","Combine beef, pork, and onions in a large bowl using your hands or a spoon. Halfway through mixing, add garlic, Italian seasoning, salt, and pepper and mix well. Combine bread crumbs, milk, and mayonnaise in a small bowl until you get a thick consistency, adding more milk if needed. Mix into meat mixture until thoroughly combined. Form golf ball-sized meatballs and place on a plate or a pan. Combine marinara sauce and water in a multi-functional pressure cooker (such as Instant Pot). Place meatballs in sauce, making sure meatballs are covered at all times, adding sauce and stirring if needed. Close and lock the lid. Select high pressure according to manufacturer's instructions; set timer for 10 minutes. Allow 10 to 15 minutes for pressure to build. Release pressure carefully using the quick-release method according to manufacturer's instructions, about 5 minutes. Unlock and remove the lid. An instant-read thermometer inserted into the center of a meatball should read at least 165 degrees F (74 degrees C).",40 mins,10.0,10 servings,475.0,5.949456907374053,1.883084984444081,6.467987555264451,0.8295125811909831,red,red,amber,red,3.0,3.0,2.0,3.0,11.0,unhealthy,5.0,,,40.0,11,Meatballs,Italian,recipe_images/recipe_1441.jpg,Meat Dishes
Gorgonzola Pear Pasta,https://www.allrecipes.com/recipe/206356/gorgonzola-pear-pasta/,main-dish,A delicious combination of the unique flavor of gorgonzola cheese and the sweetness of fresh pears. Brush the pear cubes with lemon juice to keep them from browning.,"9 ounces penne pasta ; 2 tablespoons butter ; ½ cup grated Parmesan cheese ; 3 tablespoons crumbled Gorgonzola cheese ; ½ cup heavy whipping cream ; 1 large pear, peeled and cubed ; ½ cup chopped toasted walnuts ;   ground black pepper to taste","Bring a large pot of lightly salted water to a rolling boil. Cook the penne in the boiling water, stirring occasionally, until tender yet firm to the bite, about 11 minutes; drain. Return the drained pasta to the pot; stir the butter, Parmesan cheese, and Gorgonzola cheese into the pasta and place over medium heat; cook until the cheese is completely melted. Pour the cream into the pasta mixture; stir. Remove from heat and fold the pear into the pasta mixture. Top with walnuts. Season with pepper to serve.",25 mins,2.0,2 servings,1828.2,30.93225115545034,13.121406831247889,7.620335926051178,0.8020516289031675,red,red,amber,amber,3.0,3.0,2.0,2.0,10.0,unhealthy,4.56,Pasta,American,25.0,8,Pasta and Noodles,Italian,recipe_images/recipe_1442.jpg,Pasta
Ham and Pear Panini,https://www.allrecipes.com/recipe/191159/ham-and-pear-panini/,main-dish,"This is a twist on an old classic -- ham and cheese. Adding a fresh cut pear gives the sandwich a nice, light sweetness that you won't forget.","4 slices bread ; 1 tablespoon mustard ; 6 slices ham ; 1  pear, peeled and thinly sliced ; 2 dashes ground black pepper ; 1 cup shredded mozzarella cheese ; 1 tablespoon light margarine (such as I Can't Believe It's Not Butter - Light )","Spread 2 slices of bread with the mustard.  Layer each with 3 slices of ham, half of the pear slices, a dash of pepper, and 1/2 cup mozzarella cheese.  Top with remaining bread.  Lightly spread margarine on the outer sides of each sandwich. Heat a skillet or griddle over medium heat.  Grill the sandwiches until the cheese is melted and the bread is golden brown, about 3 minutes per side.  Cut each sandwich in half to serve.",11 mins,2.0,2 sandwiches,357.4,6.630911750365676,3.217942467089225,5.363237445148708,1.0287664553876157,amber,red,amber,red,2.0,3.0,2.0,3.0,10.0,unhealthy,4.4,,,11.0,7,Sandwich,American,recipe_images/recipe_1462.jpg,Sandwiches and Tacos
Traditional Reuben Casserole,https://www.allrecipes.com/recipe/72427/traditional-reuben-casserole/,main-dish,This recipe was given to us by my husband's aunt. It has the same ingredients as a Reuben sandwich. If you love Reubens you should love this!,"1 ½ cups thousand island dressing ; 1 cup sour cream ; 1 tablespoon minced onion ; 6 slices dark rye bread, cubed ; 6 slices light rye bread, cubed ; 1 pound sauerkraut, drained ; 1 ½ pounds corn beef, cut into bite-size pieces ; 2 ½ cups shredded Swiss cheese ; ¼ cup margarine, melted","Preheat oven to 350 degrees F (175 degrees C). Lightly grease a 9x13 inch baking dish. In a bowl, mix the thousand island dressing, sour cream, and onion. Arrange the dark and light rye bread cubes in the bottom of the prepared baking dish, reserving about 1/2 cup each for topping. Layer the bread with sauerkraut and corned beef. Spread the dressing mixture over the corned beef. Sprinkle with Swiss cheese, top with remaining bread cubes, and drizzle with margarine. Cover, and bake 15 minutes in the preheated oven. Uncover, and continue baking 10 minutes, or until bubbly and lightly browned.",40 mins,12.0,12 servings,637.7,62.61362294888443,25.498760476921262,12.749380238460631,5.47160901900602,red,red,amber,red,3.0,3.0,2.0,3.0,11.0,unhealthy,4.46,Beef,American,40.0,9,Casserole and Pies,American,recipe_images/recipe_1464.jpg,Casserole and Pies
My Favorite Stuffed Green Peppers,https://www.allrecipes.com/recipe/231272/my-favorite-stuffed-green-peppers/,main-dish,"Green peppers stuffed with a mixture of ground beef, rice, and onion, seasoned with fresh garlic, cumin, coriander, and cayenne pepper, and held together with tomato sauce are topped with shredded mozzarella cheese and baked.","2 ½ cups water ; 1 cup brown rice ; 1 teaspoon olive oil, or as needed ; 6 large green bell peppers, halved and seeded ; 1 ½ pounds lean ground beef ; 1  onion, diced ; 1 (15 ounce) can tomato sauce ; 2 cloves garlic, minced ; 1 teaspoon ground coriander ; 1 teaspoon ground cumin ; 1 teaspoon ground cayenne pepper ;   salt and ground black pepper to taste ; 2 cups finely shredded mozzarella cheese","Bring 2 1/2 cups water to a boil in a saucepan; add rice and stir. Reduce heat, cover, and simmer until the rice is tender, 20 minutes. Preheat oven to 350 degrees F (175 degrees C). Drizzle olive oil in a 9x13-inch casserole dish. Fill a separate saucepan with water and bring to a boil; add green bell peppers and simmer for 3 minutes. Transfer peppers to a bowl of ice water until peppers are cooled. Arrange peppers in the prepared casserole dish. Heat a large skillet over medium-high heat. Cook and stir beef in the hot skillet until browned and crumbly, 5 to 7 minutes; drain and discard grease. Return skillet to heat; mix onion and cooked rice into ground beef. Pour tomato sauce into ground beef mixture and stir to combine. Mix garlic, coriander, cumin, cayenne pepper, salt, and black pepper into ground beef mixture. Simmer until flavors have combined, 10 minutes. Remove from heat and spoon 2 to 3 tablespoons ground beef mixture into each bell pepper half. Sprinkle mozzarella cheese over each filled pepper. Cover casserole dish with aluminum foil. Bake in the preheated oven for 15 minutes. Remove aluminum foil and continue to bake until cheese is bubbling and melted, about 15 more minutes.",1 hr 5 mins,6.0,6 stuffed peppers,504.1,15.163259888505443,6.562251128218742,5.2243164321741435,1.0730554818157685,red,red,amber,amber,3.0,3.0,2.0,2.0,10.0,unhealthy,4.0,Stuffed,American,65.0,13,Stuffed Dishes,American,recipe_images/recipe_1465.jpg,Stuffed Dishes
Verenika,https://www.allrecipes.com/recipe/17569/verenika/,main-dish,Cheese-filled dumplings served with ham and cream gravy.,2 ½ cups dry cottage cheese ; 2  eggs ; ¼ teaspoon ground black pepper to taste ; 3 ¾ cups all-purpose flour ; ⅓ cup nonfat dry milk powder ; ¾ teaspoon baking powder ; ½ teaspoon salt ; 2  eggs ; ¾ cup water ; 4 teaspoons vegetable oil ; 3 tablespoons butter ; 1 cup cubed ham ; 3 tablespoons all-purpose flour ; ½ teaspoon salt ; ⅛ teaspoon black pepper ; 2 ½ cups warm milk,"In a blender, combine cottage cheese, 2 eggs and ground black pepper to taste. Cover and blend until smooth, or beat with an electric mixer until smooth;  Set aside. In a large bowl, stir together flour, milk powder, baking powder and 1/2 teaspoon salt.  In a small bowl, beat together 2 eggs, water and oil; combine with flour mixture. On a floured surface, knead dough about 10 times or until smooth.  Divide dough in half and roll out each portion to a 1/8 inch thickness. Using a 4 inch round cutter, cut out rounds of dough. Place 1 tablespoon of filling in the center of each circle. Moisten the edge and fold over to form a half moon shape; pinch to seal. Bring a large pot of  water to a boil. Add half of the dumplings and cook for 8 to 10 minutes or until tender; remove with a slotted spoon and drain. Repeat with remaining dumplings. While the dumplings are cooking, prepare the gravy. In a medium saucepan, melt the butter over medium-low heat.  Stir in ham, and cook until ham is light brown.  Add 3 tablespoons flour, 1/2 teaspoon salt, and 1/8 teaspoon ground black pepper. Stir.  Pour in milk all at once, stirring constantly; cook and stir until thick and bubbly.  Serve over the dumplings.",1 hr 30 mins,30.0,30 dumplings,126.6,34.47764767583715,16.417927464684357,14.77613471821592,5.2209009337696255,red,red,amber,red,3.0,3.0,2.0,3.0,11.0,unhealthy,4.31,Dumpling Recipes,World,90.0,16,Dumplings,Eastern European,recipe_images/recipe_1472.jpg,Dumplings
Mom's Best Meatloaf,https://www.allrecipes.com/recipe/16405/moms-best-meatloaf/,main-dish,"Mom made this every Sunday and we looked forward to cold sandwiches the next day, if there was any left!! Homemade breadcrumbs work best.","1 ½ pounds ground beef ; ¼ cup chopped onion ; ¼ cup quick-cooking oats ; ⅛ cup cornmeal ; 1 cup dried bread crumbs ; 1 ½ teaspoons salt ; 1 tablespoon white sugar ; 1  egg, beaten ; ½ cup tomato juice ; ½ cup water ; 1 tablespoon barbecue sauce ; 1 dash liquid smoke flavoring ; 1 tablespoon distilled white vinegar ; ¼ cup ketchup ; 1 tablespoon brown sugar ; 2 teaspoons prepared mustard ; 2 dashes liquid smoke flavoring","Preheat oven to 350 degrees F (175 degrees C). In a large bowl, combine the beef, onion, oatmeal, cornmeal, bread crumbs, salt, sugar, egg, tomato juice, water, barbecue sauce, 1/8 teaspoon liquid smoke and vinegar. Mix together thoroughly and place mixture into a lightly greased 9x5 inch loaf pan. In a separate small bowl, combine the ketchup, brown sugar, mustard and 2 drops liquid smoke and mix thoroughly. Spread over the top of the meatloaf. Bake at 350 degrees F (175 degrees C) for approximately one hour.",1 hr 15 mins,7.0,6 to 8 servings,427.8,64.90678105923115,25.40834845735027,18.70978386404883,4.941346312489689,red,red,amber,red,3.0,3.0,2.0,3.0,11.0,unhealthy,4.3,Meatloaf Recipes,,75.0,17,Meatloaf,American,recipe_images/recipe_1484.jpg,Meat Dishes
Vegetarian Stuffed Peppers,https://www.allrecipes.com/recipe/20994/vegetarian-stuffed-peppers/,main-dish,"This was the first vegetarian recipe I ever made--green peppers stuffed with a mixture of brown rice, nuts, dried cranberries, tofu and cheese.  Substitute soy cheese for the Parmesan to create a vegan delight.",1 ½ cups brown rice ; 6 large green bell peppers ; 3 tablespoons soy sauce ; 3 tablespoons cooking sherry ; 1 teaspoon vegetarian Worcestershire sauce ; 1 ½ cups extra firm tofu ; ½ cup sweetened dried cranberries ; ¼ cup chopped pecans ; ½ cup grated Parmesan cheese ;   salt and pepper to taste ; 2 cups tomato sauce ; 2 tablespoons brown sugar,"Preheat oven to 350 degrees F (175 degrees C).  In a saucepan bring 3 cups water to a boil. Stir in rice. Reduce heat, cover and simmer for 40 minutes. Meanwhile, core and seed green peppers, leaving bottoms intact.  Place peppers in a microwavable dish with about 1/2 inch of water in the bottom.  Microwave on high for 6 minutes. In a small frying pan bring soy sauce, wine and Worcestershire sauce to a simmer.  Add tofu and simmer until the liquid is absorbed.  Combine rice (after it has cooled), tofu, cranberries, nuts, cheese, salt and pepper; mix and pack firmly into peppers.  Return peppers to the dish you first microwaved them in,  and bake in preheated oven for 25 to 30 minutes, or until lightly browned on top. Meanwhile, in a small saucepan over low heat, combine tomato sauce and brown sugar; heat until hot throughout.  Spoon sauce over each serving.",1 hr 20 mins,6.0,6 servings,375.2,8.791840252837236,1.72389024565436,17.497485993391752,2.272733802614567,amber,amber,amber,red,2.0,2.0,2.0,3.0,9.0,unhealthy,4.21,Stuffed,American,80.0,12,Stuffed Dishes,American,recipe_images/recipe_1488.jpg,Stuffed Dishes
Baked Gnocchi,https://www.allrecipes.com/recipe/275850/baked-gnocchi/,main-dish,"This baked gnocchi is simple, fast, and delicious.","4 ounces shelf-stable gnocchi ; ⅓ cup pasta sauce ; ¼ cup shredded mozzarella cheese, or to taste","Bring a large pot of lightly salted water to a boil. Cook gnocchi in the boiling water until they float to the top, about 3 minutes. Drain. Preheat the oven to 350 degrees F (175 degrees C). Spread 1/2 of the pasta sauce on the bottom of a 5-inch round casserole dish. Layer with gnocchi and spread the remaining pasta sauce on top. Sprinkle with mozzarella cheese. Bake in the preheated oven until cheese is melted and bubbling, about 25 minutes.",45 mins,1.0,1 serving,304.0,10.743193524650476,6.033848417954378,5.665930831493745,1.1048565121412803,amber,red,amber,amber,2.0,3.0,2.0,2.0,9.0,unhealthy,5.0,Pasta,Italian,45.0,3,Pasta and Noodles,Italian,recipe_images/recipe_1495.jpg,Pasta
Orange Glazed Ham,https://www.allrecipes.com/recipe/241572/orange-glazed-ham/,main-dish,A spiral cut ham with a spiced orange marmalade glaze makes an impressive Easter or Christmas main dish.,"1 (10 pound) bone-in spiral-cut ham ; 1 cup orange marmalade ; 1 teaspoon McCormick Mustard, Ground ; ½ teaspoon McCormick Garlic Powder ; ¼ teaspoon McCormick Black Pepper, Ground ; ¼ teaspoon McCormick Cloves, Ground","Preheat oven to 325 degrees F. Place the ham on its side in roasting pan. Mix marmalade and spices in small bowl until well blended. Brush 1/2 of the marmalade mixture over ham, gently separating the slices so mixture can reach middle of ham. Cover loosely with foil. Bake 1 hour, basting occasionally with pan drippings. Remove foil. Brush with remaining marmalade mixture. Bake 45 minutes longer. Serve ham with pan drippings.",1 hr 55 mins,24.0,24 servings,397.2,319.1945953106372,113.18055371572396,101.7353291826732,56.6729368128229,red,red,red,red,3.0,3.0,3.0,3.0,12.0,unhealthy,5.0,Pork,,115.0,6,Pork,American,recipe_images/recipe_1505.jpg,Meat Dishes
Cheryl's Spinach Cheesy Pasta Casserole,https://www.allrecipes.com/recipe/54143/cheryls-spinach-cheesy-pasta-casserole/,main-dish,This recipe was given by a friend and it instantly became a favorite! It tastes great as leftovers as well! Enjoy!,"1 (12 ounce) package medium seashell pasta ; 1 (10 ounce) package frozen chopped spinach, thawed  ; 2  eggs ; ¼ cup olive oil ; ½ cup bread crumbs ; 1 ½ (26 ounce) jars tomato basil pasta sauce ; 1 (8 ounce) package shredded Cheddar cheese ; 1 (8 ounce) package shredded mozzarella cheese","Preheat oven to 350 degrees F (175 degrees C). Bring a large pot of lightly salted water to a boil. Cook pasta in boiling water for 8 to 10 minutes, or until al dente; drain. Bring 1/2 cup water to a boil in a saucepan, and cook the spinach 4 to 6 minutes, until tender. Place the cooked pasta in a medium bowl. In a small bowl, whisk together the eggs and oil. Toss the pasta with the cooked spinach, egg mixture, and bread crumbs. Cover the bottom of a 9x13 inch baking dish with 1/3 of the pasta sauce. Pour half of the pasta mixture into the baking dish, and cover with another 1/3 of the pasta sauce. Sprinkle with half of the Cheddar cheese and half of the mozzarella. Layer with remaining pasta mixture, and top with remaining sauce. Sprinkle with the rest of the Cheddar and mozzarella cheeses. Bake 45 minutes in the preheated oven, or until bubbly and lightly browned.",1 hr 15 mins,12.0,12 servings,378.5,17.854190775334764,7.439246156389487,9.720614977682263,1.6569680938998184,red,red,amber,red,3.0,3.0,2.0,3.0,11.0,unhealthy,4.34,Casserole Recipes,,75.0,8,Casserole and Pies,Italian,recipe_images/recipe_1516.jpg,Casserole and Pies
Mac and Cheese in a Cheese Waffle Cone,https://www.allrecipes.com/recipe/244357/mac-and-cheese-in-a-cheese-waffle-cone/,main-dish,This is a fun way to serve the classic mac and cheese. Cheddar cheese is melted and formed into crisp waffle cone and mac and cheese is poured in. I made this for a few kids and they loved it...gotta love cheese though.,"5 ounces Cheddar cheese, finely grated ; 1 (7.25 ounce) package macaroni and cheese mix  ; ¼ cup whole milk ; ¼ cup butter ; 1 ounce sliced pepperoni ; 1 teaspoon salt","Preheat oven to 350 degrees F (175 degrees C). Line a baking sheet with parchment paper. Sprinkle Cheddar cheese onto the prepared baking sheet. Bake in the preheated oven until edges start to brown and cheese is bubbling, 5 to 10 minutes. Remove from oven and cool to room temperature. Cut melted cheese into squares and form into cones. Freeze cones for 5 minutes. Bring a large pot of lightly salted water to a boil. Cook elbow macaroni in the boiling water, stirring occasionally until cooked through but firm to the bite, 8 minutes. Drain and return pasta to pot. Mix milk, butter, pepperoni, salt, and cheese packet into pasta until evenly combined. Fill cheese cones with macaroni and cheese.",40 mins,5.0,5 filled cones,380.8,28.632784538296345,16.930689987862184,5.975537642774889,3.5156079798325592,red,red,amber,red,3.0,3.0,2.0,3.0,11.0,unhealthy,4.23,,American,40.0,6,Pasta and Noodles,American,recipe_images/recipe_1524.jpg,Pasta
Slow Cooker Lasagna II,https://www.allrecipes.com/recipe/112538/slow-cooker-lasagna-ii/,main-dish,Delicious home-made lasagna made with the convenience of a slow cooker.  Very moist and perfect for entertaining!,1 (16 ounce) package lasagna noodles ; 1 pound lean ground beef ; 1 ½ (26 ounce) jars spaghetti sauce ; 2 cups shredded mozzarella cheese ; ½ cup grated Parmesan cheese ; 1 (8 ounce) container ricotta cheese ; 2  eggs ; 2 cups shredded mozzarella cheese,"Fill a large pot with lightly salted water and bring to a rolling boil over high heat. Once the water is boiling, stir in the lasagna noodles, and return to a boil. Cook the pasta uncovered, stirring occasionally, until the pasta is slightly tender but not cooked through, about 7 minutes. Drain well in a colander set in the sink. Cook and stir ground beef in a large skillet over medium-high heat until beef is browned; drain, then stir in sauce. Set aside. Combine 2 cups of mozzarella cheese, Parmesan cheese, ricotta cheese, and eggs in a separate bowl. Pour about 1/2 cup of the sauce mixture in the bottom of a slow cooker and cover with a layer of noodles. Sprinkle about 1/4 of the cheese mixture over the noodles, then ladle about 1/4 of the remaining sauce over the cheese. Repeat layering, ending with a layer of sauce and topping with the remaining 2 cups of mozzarella cheese. Cook on High setting for 2 to 3 hours, or on Low setting for 8 to 9 hours.",2 hrs 30 mins,10.0,10 servings,520.9,12.039742840444186,5.727644652250147,6.896551724137932,1.2583284628872005,amber,red,amber,red,2.0,3.0,2.0,3.0,10.0,unhealthy,4.23,,,150.0,8,Pasta and Noodles,Italian,recipe_images/recipe_1527.jpg,Pasta
Beef Paprika,https://www.allrecipes.com/recipe/14654/beef-paprika/,main-dish,"This is a recipe my Aunt always makes.  It has some weird ingredients, but tastes great. Serve over egg noodles or rice.","¼ cup shortening ; 2 pounds lean beef chuck, trimmed and cut into 1 inch cubes ; 1 cup chopped onion ; 1 clove garlic, minced ; ¾ cup ketchup ; 2 tablespoons Worcestershire sauce ; 1 tablespoon brown sugar ; 2 teaspoons salt ; ½ teaspoon mustard powder ; 2 teaspoons paprika ; 1 ½ cups water ; 2 tablespoons all-purpose flour ; ¼ cup water","Melt shortening in large skillet over medium high heat.  Add meat, onion, and garlic; cook and stir until meat is browned. Stir in ketchup, Worcestershire sauce, brown sugar, salt, paprika, mustard and 1 1/2 cup water.  Reduce heat, cover, and simmer 2 to 2 1/2 hours. Blend flour and 1/4 cup water.  Stir into meat.  Heat to boiling, stirring constantly.  Serve hot.",2 hrs 40 mins,7.0,6 to 8 servings,426.4,17.94224527726151,6.5827068712030865,5.417626009043248,1.58509251296846,red,red,amber,red,3.0,3.0,2.0,3.0,11.0,unhealthy,4.36,,,160.0,13,Beef,Hungarian,recipe_images/recipe_1545.jpg,Meat Dishes
Guy Approved Meatloaf,https://www.allrecipes.com/recipe/16333/guy-approved-meatloaf/,main-dish,"Like most guys, mine has never been a fan of meatloaf, but this recipe guarantees him back for seconds, thanks to some special ingredients.","1 ½ pounds ground beef ; 2  eggs ; 1  onion, chopped ; ½ cup barbecue sauce ; ¾ cup crushed crackers ; 1 cup crushed potato chips ; ¾ teaspoon liquid smoke flavoring ; ¾ teaspoon ground black pepper ; 1 teaspoon salt ; ½ teaspoon garlic powder ; 1 pinch cayenne pepper ; 6 slices bacon","Preheat oven to 375 degrees F (190 degrees C). In a large bowl, combine the beef, eggs, onion, barbecue sauce, cracker crumbs, potato chips, liquid smoke, ground black pepper, salt, garlic powder and cayenne pepper and mix well. On a lightly greased cookie sheet, shape the mixture into a loaf. Lay the bacon slices across the width of the loaf so that the entire surface is covered. Cover the loaf loosely with foil. Bake at 375 degrees F (190 degrees C) for 1 1/2 hours.",1 hr 40 mins,6.0,6 servings,429.8,23.29210275927688,8.038058991436728,5.9372026641294005,2.46964795432921,red,red,amber,red,3.0,3.0,2.0,3.0,11.0,unhealthy,4.33,Meatloaf Recipes,,100.0,12,Meatloaf,American,recipe_images/recipe_1555.jpg,Meat Dishes
Baked Honey Sriracha Salmon,https://www.allrecipes.com/recipe/268250/baked-honey-sriracha-salmon/,main-dish,"Sweet and spicy, honey sriracha salmon baked in foil is tender and flaky and has the most incredible flavors. A nutritious and easy 30-minute meal for salmon lovers!","4 (4 ounce) fillets salmon fillets ; 1 teaspoon salt, or to taste ; ¼ teaspoon ground black pepper, or to taste ; 1  lime, sliced ; 2 tablespoons butter ; ⅓ cup honey ; ⅓ cup sriracha sauce ; 1  lime, juiced ; 2 tablespoons low-sodium soy sauce ; 1 teaspoon minced garlic ; 1 tablespoon chopped fresh cilantro","Preheat the oven to 400 degrees F (200 degrees C). Line a baking sheet with foil, grease lightly, and lay salmon on top. Season salmon with salt and pepper. Slide lime slices under the edges of the salmon. Melt butter in a medium saucepan over medium-high heat. Stir in honey, sriracha sauce, lime juice, soy sauce, and garlic. Bring to a boil. Reduce heat to medium and cook for 3 to 4 minutes more. Pour 2/3 of the sauce over the salmon. Use a spoon or spatula to make sure the sauce covers the salmon, leaving no dry spots. Fold up edges of the foil around the salmon to keep the sauce from spilling out. Bake in the preheated oven for 15 minutes. Broil until the edges of the salmon start to char slightly, 4 to 5 minutes. Watch carefully so the salmon doesn't burn. Top salmon with remaining sauce and garnish with cilantro.",40 mins,4.0,4 servings,279.7,5.476000903159871,2.6239170994307717,13.518877229675931,2.5483368786319507,amber,amber,amber,red,2.0,2.0,2.0,3.0,9.0,unhealthy,4.8,,,40.0,11,Seafood,Asian,recipe_images/recipe_1557.jpg,Seafood
Salmon Fillets with Creamy Dill,https://www.allrecipes.com/recipe/89392/salmon-fillets-with-creamy-dill/,main-dish,"A family recipe for how Alaskans make a delicious salmon dish. Use king, red, or silver salmon. Serve with wild rice!","1 ½ cups mayonnaise ; ½ cup prepared mustard ; 1 teaspoon chopped fresh thyme ; 1 teaspoon dried oregano ; 1 teaspoon chopped fresh basil leaves ; 1 ½ pounds salmon fillets ; 2 teaspoons dried dill, or to taste","Preheat oven to 375 degrees F (190 degrees C). In a bowl, stir together mayonnaise and mustard. Stir in thyme, oregano, and basil. Place salmon fillets on a baking sheet, and spread with the mayonnaise mixture. Sprinkle with dill weed. Bake in preheated oven for 30 to 40 minutes, until the salmon is easily flaked with a fork.",45 mins,4.0,4 servings,860.6,1861.8181818181815,290.90909090909093,29.09090909090909,54.236363636363635,red,red,red,red,3.0,3.0,3.0,3.0,12.0,unhealthy,4.26,Seafood Main Dishes,U.S.,45.0,7,Seafood,International,recipe_images/recipe_1570.jpg,Seafood
Maple Dijon Salmon,https://www.allrecipes.com/recipe/269363/maple-dijon-salmon/,main-dish,This is a quick and easy salmon dish that my entire family loves. Leftovers can be made into an interesting salmon salad.,"½ cup maple syrup ; ¼ cup Dijon mustard ; ½ teaspoon minced fresh thyme ; ¼ teaspoon ground cinnamon ; 2 pounds salmon fillets ;   kosher salt and ground black pepper to taste ; 1 tablespoon canola oil, or as needed","Preheat the oven to 450 degrees F (230 degrees C). Combine maple syrup, Dijon mustard, thyme, and cinnamon in a small bowl. Season salmon with salt and pepper. Heat canola oil in a large oven-proof saute pan over medium heat. Cook salmon until browned, about 3 minutes. Flip and brush surface generously with maple syrup mixture. Cook until bottom is browned, about 3 minutes more. Transfer to the preheated oven and bake until salmon flakes easily with a fork, 5 to 10 minutes more.",25 mins,4.0,4 servings,514.9,10.86223421248802,2.0020588548507328,9.967697277341946,0.5595115544354122,red,amber,amber,amber,3.0,2.0,2.0,2.0,9.0,unhealthy,4.89,Seafood Main Dishes,American,25.0,7,Seafood,American,recipe_images/recipe_1573.jpg,Seafood
Roast Salmon With Balsamic Vinegar,https://www.allrecipes.com/recipe/214841/roast-salmon-with-balsamic-vinegar/,main-dish,"These simple and few ingredients make for quick but elegant entertaining. The final broiling caramelizes the sugar to give the salmon its attractive, mildly sweet glaze.","2 tablespoons packed brown sugar ; 2 tablespoons balsamic vinegar ; 1 tablespoon olive oil ; ¼ teaspoon dried rosemary ; 1 clove garlic, minced ; ¼ teaspoon ground black pepper ; 1 ½ pounds salmon fillets ; ½ teaspoon salt","Whisk together the brown sugar, balsamic vinegar, olive oil, rosemary, garlic, and pepper in a large bowl. Reserve 1 tablespoon of marinade in a small bowl, and set aside. Add the salmon and toss to evenly coat. Cover the bowl with plastic wrap, and marinate in the refrigerator for 30 minutes.  Remove the salmon from the marinade, and shake off excess. Place salmon in an aluminum foil-lined baking dish, and sprinkle with salt. Preheat an oven to 450 degrees F (230 degrees C). Roast in the preheated oven until the fish is easily flaked with a fork, about 10 minutes. Brush salmon with the reserved marinade, and return to the oven. Roast until glazed, about 1 minute.",25 mins,4.0,4 servings,335.6,64.4819865662528,12.375330755139426,25.076328109098313,3.059637695908813,red,red,red,red,3.0,3.0,3.0,3.0,12.0,unhealthy,4.47,Seafood Main Dishes,American,25.0,8,Seafood,Mediterranean,recipe_images/recipe_1580.jpg,Seafood
Hodie's Sloppy Joes,https://www.allrecipes.com/recipe/152710/hodies-sloppy-joes/,main-dish,"This was my Grandma's recipe for Sloppy Joes. It is very easy to make and uses items you probably already have in your pantry. Kids, as well as the adults, will love this All-American favorite. A slice of American cheese adds a nice touch.  For an extra kick, add your favorite hot sauce to taste.",1 pound ground beef ; ½ cup chopped onion ; 1 (8 ounce) can tomato sauce ; ⅓ cup ketchup ; 2 tablespoons brown sugar ; 1 tablespoon apple cider vinegar,"Place the ground beef and chopped onion in a skillet over medium heat; cook and stir until the beef is completely browned and the onions are translucent. Drain the fat from the skillet and return it to medium heat. Stir in the tomato sauce, ketchup, brown sugar, and vinegar. Reduce heat to medium low and simmer 20 minutes.",35 mins,6.0,6 servings,279.7,15.25167785234899,6.191275167785234,7.172818791946307,0.750503355704698,amber,red,amber,amber,2.0,3.0,2.0,2.0,9.0,unhealthy,4.42,Sandwich Recipes,U.S.,35.0,6,Sandwich,American,recipe_images/recipe_1595.jpg,Sandwiches and Tacos
Bolivian Saltenas,https://www.allrecipes.com/recipe/216872/bolivian-saltenas/,main-dish,"This is a Bolivian meat pastry, a cousin to the empanada. This recipe is one handed down from my grandmother. It makes 16 medium-sized saltenas.","1 (.25 ounce) package unflavored gelatin ; 3  potatoes, peeled ; 1 ½ tablespoons olive oil ; 1  onion, chopped ; 1 ½ pounds ground beef ; 1 (10 ounce) package frozen petite peas, thawed ; 1  spring onion, sliced ; ½ cup fresh parsley, chopped ; 4 teaspoons white sugar ; 2 teaspoons paprika ; ¼ teaspoon ground cumin ; 1 ½ teaspoons salt ; ¼ teaspoon black pepper ; 3 tablespoons jalapeno sauce  (Optional); ½ cup cold water ; 3  hard-cooked eggs, peeled and chopped ; 1 (2.25 ounce) can sliced black olives, drained ; 1 cup raisins, soaked in water and drained ; 6 cups all-purpose flour ; ¼ cup white sugar ; 1 teaspoon salt ; 1 cup butter, cubed ; 1 ½ cups hot water ; 2  eggs, beaten ; 2 teaspoons water ; 1 tablespoon paprika","Sprinkle the gelatin over the 1/2 cup cold water in a heat-proof dish; set aside for 10 minutes. Microwave the rehydrated gelatin for 30 seconds or until melted (or melt it over a pot of simmering water). Transfer the melted gelatin to a small bowl and refrigerate until set. Place the potatoes into a saucepan, cover with water, and bring to a boil over medium heat. Reduce heat, and simmer until the potatoes are cooked but still firm, about 10 minutes. Remove from water, allow to cool, and shred into a bowl; set aside. Heat the olive oil in a skillet over medium heat. Stir in the onion; cook and stir until the onion has softened and turned translucent, about 5 minutes. Add the ground beef, and cook until the meat is no longer pink, breaking it up into crumbles as it cooks, about 10 minutes. Drain excess grease. Stir in the shredded potatoes, peas, spring  onion, parsley, 4 teaspoons sugar, 2 teaspoons paprika, cumin, salt and black pepper, and 3 tablespoons jalapeno sauce (optional). Simmer filling until hot, about 3 minutes. Remove from heat and set aside. Preheat an oven to 425 degrees F (220 degrees C). Lightly grease a baking sheet, or line it with parchment paper. Combine the flour, 1/4 cup sugar, and 1 teaspoon of salt. Cut in the butter with a knife or pastry blender until the mixture resembles coarse crumbs. (This can also be done in a food processor: pulse the butter and flour mixture until it looks like cornmeal. Turn mixture into a bowl and proceed.) Slowly add the hot water and knead until smooth, about 3 minutes. Keep the dough covered with plastic wrap or a clean kitchen towel to keep it warm. Divide the dough into 16 pieces and roll them into balls. Keep the other balls of dough covered with a towel while you roll out each round. On a lightly floured surface, roll each ball of dough into a 1/8-inch-thick circle. Whisk the beaten eggs and 2 teaspoons water in a small bowl. Lightly brush egg wash on the edges of the dough circle. Place about 2 tablespoons of the meat filling on one half of the dough round; top it with about a 1/2 teaspoon of hard-boiled egg, 1/4 teaspoon of gelatin, a few sliced black olives, and some raisins. Fold the dough over the filling. Seal and scallop the edges of the dough together. To scallop, start at one edge of the half circle: fold a small piece of dough (the size of your fingernail) over the seam and press gently. Fold another small piece of dough over the seam so that it overlaps the first piece; repeat until you have sealed the half circle. (You may also seal the saltenas by pressing a fork around edges.) Place the saltena on the prepared baking sheet and continue with the remaining dough and filling. Whisk the paprika into the remaining egg wash and brush the saltenas with the egg wash. Bake in the preheated oven until golden brown, 15 to 20 minutes.",2 hrs 40 mins,16.0,16 saltenas,481.9,13.604473392112922,6.701711030597498,7.908019016105048,0.9236633227921,amber,red,amber,amber,2.0,3.0,2.0,2.0,9.0,unhealthy,4.05,Savory Pie Recipes,South American,160.0,26,Casserole and Pies,Bolivian,recipe_images/recipe_1600.jpg,Casserole and Pies
Jill's Sloppy Joes,https://www.allrecipes.com/recipe/142135/jills-sloppy-joes/,main-dish,This is my own recipe. I make these a lot for gatherings. Everyone always seems to enjoy them. The combination of the ingredients make them PERFECT!,"3 pounds ground beef ; 1  onion, chopped ; 1 ½ cups chopped celery ; 1 tablespoon minced garlic ; 2 teaspoons salt ; 1 teaspoon ground black pepper ; 1 teaspoon grill seasoning ; ½ teaspoon cumin ; ½ teaspoon paprika ; 2 tablespoons chili powder ; 2 tablespoons Worcestershire sauce ; 1 (28 ounce) bottle ketchup ; ¼ cup brown sugar ; ¼ cup water","Cook the ground beef, onion, and celery in a large skillet over medium-high until the meat is fully cooked; drain off the excess liquid. Mix in the garlic, salt, pepper, grill seasoning, cumin, paprika, chili powder, Worcestershire sauce, ketchup, brown sugar, and water. Reduce the heat to low and simmer uncovered for 30 minutes. Serve on toast or hamburger buns.",55 mins,12.0,12 servings,297.0,7.004977369185431,2.690317395411795,10.304423231482916,1.665712553404492,amber,amber,amber,red,2.0,2.0,2.0,3.0,9.0,unhealthy,4.47,Sandwich Recipes,,55.0,14,Sandwich,American,recipe_images/recipe_1605.jpg,Sandwiches and Tacos
Easiest Mac-N-Cheese Ever!,https://www.allrecipes.com/recipe/149239/easiest-mac-n-cheese-ever/,main-dish,"I have tried many more-complicated recipes for macaroni and cheese. Not only is this one often requested for family functions, but it is easy to make!  Kids LOVE this recipe. It is so handy for busy moms.",4 ounces elbow macaroni ; 4 ounces cubed processed cheese food ; 2 fluid ounces milk ; ¼ teaspoon ground black pepper,"Bring a large pot of lightly salted water to a boil. Add pasta and cook until al dente, 8 to 10 minutes; drain. Place a saucepan over medium-low heat. Combine the cheese food, milk, and pepper in the saucepan; cook until the cheese has melted, stirring frequently. Stir in the drained macaroni until evenly coated.",20 mins,6.0,6 servings,136.2,10.856894301870378,6.2635928664636795,5.010874293170944,1.2605480643758156,amber,red,amber,amber,2.0,3.0,2.0,2.0,9.0,unhealthy,4.41,Pasta,American,20.0,4,Pasta and Noodles,American,recipe_images/recipe_1607.jpg,Pasta
Terri's Sloppy Joes,https://www.allrecipes.com/recipe/220493/terris-sloppy-joes/,main-dish,"This is an excellent version of sloppy joes. We used to fix this at the concessions at the ballpark, and it was the first to go every time. Everyone always asks for the recipe. Serve on hamburger buns or sandwich rolls.","1 ½ pounds ground beef ; 1 small onion, chopped ; ¾ cup ketchup ; ¼ cup barbeque sauce ; 1 tablespoon vinegar ; 1 tablespoon prepared mustard ; 1 tablespoon white sugar","Cook and stir the ground beef and onion in a large skillet over medium heat until the beef is completely browned and the onion softens, about 10 minutes. Stir the ketchup, barbeque sauce, vinegar, mustard, and white sugar through the ground beef mixture; simmer 15 minutes.",35 mins,6.0,6 servings,260.4,41.01265822784811,15.79746835443038,36.75949367088608,4.145316455696203,red,red,red,red,3.0,3.0,3.0,3.0,12.0,unhealthy,4.67,Sandwich Recipes,U.S. American,35.0,7,Sandwich,American,recipe_images/recipe_1608.jpg,Sandwiches and Tacos
Ruby Drive Sloppy Joes,https://www.allrecipes.com/recipe/189123/ruby-drive-sloppy-joes/,main-dish,I get requests to make this for every neighborhood get together. Thanks to my mother in law for this recipe made with ketchup and salsa! Super easy and delicious!,1 pound ground beef ; 1 ½ cups ketchup ; 1 cup chunky salsa ; 2 tablespoons brown sugar ; 1 tablespoon Worcestershire sauce ; 2 tablespoons white vinegar ; 2 tablespoons Dijon mustard ; 1 teaspoon hot sauce ; 6  potato rolls,"Heat a large skillet over medium-high heat and stir in the ground beef. Cook and stir until the beef is crumbly, evenly browned, and no longer pink. Drain and discard any excess grease. Stir in ketchup, salsa, brown sugar, Worcestershire sauce, white vinegar, Dijon mustard, and hot sauce. Bring to a simmer and cook, stirring occasionally, over low heat 20 to 30 minutes. Serve on potato rolls.",35 mins,6.0,6 sandwiches,382.3,4.827440186322252,1.6197332204107555,6.383654456912979,1.062513233114546,amber,amber,amber,red,2.0,2.0,2.0,3.0,9.0,unhealthy,4.47,Sandwich Recipes,,35.0,9,Sandwich,American,recipe_images/recipe_1617.jpg,Sandwiches and Tacos
Sloppy Joe Bake,https://www.allrecipes.com/recipe/213225/sloppy-joe-bake/,main-dish,Yummy sloppy joe mixture baked between crescent rolls!  Very good!,1 pound lean ground beef ; 1 ½ cups canned sloppy joe sauce ; 1 cup shredded Cheddar cheese ; 2 (8 ounce) cans refrigerated reduced-fat crescent rolls,"Preheat oven to 350 degrees F (175 degrees C). Spray a 9x13-inch baking dish with cooking spray. Cook and stir the ground beef in a skillet over medium heat, breaking it up as it cooks, until the meat is no longer pink, about 10 minutes. Drain off any excess fat, and mix the sloppy joe sauce into the cooked meat. Unroll a can of crescent rolls, and pinch the triangles together to form a single sheet of dough. Lay the dough into the bottom of the prepared baking dish. Spread the meat and sauce mixture in an even layer over the dough, and sprinkle the Cheddar cheese over the meat mixture. Unroll the second can of rolls, pinch the triangles together to make a single sheet of dough as before, and place the dough over the cheese. Bake the casserole in the preheated oven until the top sheet of dough is golden brown, 15 to 20 minutes.",35 mins,8.0,8 servings,393.9,17.30045967404931,6.435436690346845,7.020476389469285,1.7394483911408272,amber,red,amber,red,2.0,3.0,2.0,3.0,10.0,unhealthy,4.04,Casserole Recipes,,35.0,4,Casserole and Pies,American,recipe_images/recipe_1624.jpg,Casserole and Pies
Sloppy Joe Mamas,https://www.allrecipes.com/recipe/236917/sloppy-joe-mamas/,main-dish,"I grew up a Manwich kid, thinking they were the same as sloppy joes. I was dead wrong. This is the real deal. Messy, yummy, kid-friendly perfection especially on a cold night.","1 tablespoon olive oil, or more if needed ; ½  onion, chopped ; 2 cloves garlic ; 2 pounds lean ground beef ; ½ cup Mexican-style hot tomato sauce (such as El Pato Salsa de Chile Fresco) ; ½ cup ketchup ; 3 tablespoons brown sugar ; 3 tablespoons Worcestershire sauce ; 2 tablespoons mustard ; 2 tablespoons cider vinegar ; ½ teaspoon chili powder","Heat olive oil in a large skillet over medium-high heat. Saute onion and garlic in hot oil until browned, 5 to 7 minutes. Add ground beef; cook and stir until the beef is completely browned, 7 to 10 minutes. Drain and discard grease from the skillet. Transfer beef mixture to a slow cooker. Stir Mexican-style hot tomato sauce, ketchup, brown sugar, Worcestershire sauce, mustard, cider vinegar, and chili powder into the beef mixture. Cook on Low for 2 hours (or on High for 1 hour).",2 hrs 30 mins,6.0,6 servings,374.4,9.619422071229527,3.481314654349734,6.000687101576515,0.6300721456655343,amber,red,amber,amber,2.0,3.0,2.0,2.0,9.0,unhealthy,4.72,Sandwich Recipes,American,150.0,11,Sandwich,American,recipe_images/recipe_1633.jpg,Sandwiches and Tacos
Better Peanut Butter Sandwich,https://www.allrecipes.com/recipe/67899/better-peanut-butter-sandwich/,main-dish,"This is a great version of your basic peanut butter sandwich! Applesauce is used in place of jelly. Kids love it, and it has less sugar than regular jelly so it is much better for you.",2 slices bread ; 1 ½ tablespoons peanut butter ; 1 ½ tablespoons applesauce,"Spread peanut butter on one slice of bread, and applesauce on the other slice. Place them together, cut in half, and serve.",2 mins,1.0,1 serving,286.3,24.821428571428573,5.178571428571428,11.964285714285715,2.021875,red,red,amber,red,3.0,3.0,2.0,3.0,11.0,unhealthy,3.93,Sandwich Recipes,,2.0,3,Sandwich,American,recipe_images/recipe_1637.jpg,Sandwiches and Tacos
Tangy Sliced Pork Sandwiches,https://www.allrecipes.com/recipe/14706/tangy-sliced-pork-sandwiches/,main-dish,"Hot pork bun sandwiches, great for small or big kids on a chilly afternoon. Serve with additional sauce on the side, if desired.","¼ cup butter ; ¼ cup Worcestershire sauce ; 2 tablespoons lemon juice ; 2 tablespoons white sugar ; ¼ teaspoon paprika ; ⅛ teaspoon salt ; ⅛ teaspoon cayenne pepper ; ½ pound boneless pork, cooked and cubed ; 4  hamburger buns","Melt butter or margarine in a large saucepan over medium heat. Add the Worcestershire sauce, lemon juice, sugar, paprika, salt and cayenne pepper. Mix together and bring mixture to a boil, stirring often. Add the cooked pork and let simmer just until pork is heated through. Divide into 4 equal portions onto the bottom of each hamburger bun.",20 mins,4.0,4 sandwiches,384.3,17.239610056439197,8.421192009136199,6.51450702593555,1.1632764527714792,red,red,amber,amber,3.0,3.0,2.0,2.0,10.0,unhealthy,4.34,Sandwich Recipes,U.S.,20.0,9,Sandwich,American,recipe_images/recipe_1657.jpg,Sandwiches and Tacos
Best Sloppy Joes,https://www.allrecipes.com/recipe/236924/best-sloppy-joes/,main-dish,"This is a recipe that I got a long time ago, and my boyfriend absolutely loves.",1 pound ground beef ; 1 cup ketchup (such as Heinz) ; ½ (12 ounce) bottle chili sauce (such as Heinz) ; ¼ cup chopped onion ; ¼ cup chopped green bell pepper ; ¼ cup brown sugar ; ½ teaspoon mustard powder ;   hamburger buns,"Heat a large skillet over medium-high heat. Cook and stir beef in the hot skillet until browned and crumbly, 5 to 7 minutes; drain and discard grease. Mix ketchup, chili sauce, onion, green bell pepper, brown sugar, and mustard powder into ground beef; bring to a boil. Reduce heat and simmer until flavors have blended, about 15 minutes; serve on hamburger buns.",35 mins,6.0,6 servings,349.4,11.656999091480886,4.277028443636871,15.4308477182193,1.5374239988818224,amber,amber,amber,red,2.0,2.0,2.0,3.0,9.0,unhealthy,4.14,Sandwich Recipes,American,35.0,8,Sandwich,American,recipe_images/recipe_1661.jpg,Sandwiches and Tacos
Family Favorite Sloppy Joes,https://www.allrecipes.com/recipe/231979/family-favorite-sloppy-joes/,main-dish,"This is a simple recipe that was given to me by my mother. She served it when I was a child, and my family of 6 loves it too. Serve on hamburger buns.","1 pound ground beef ; 1 cup ketchup ; ½ (12 ounce) bottle chili sauce ; ½ cup dark brown sugar ; ¼ cup grated Parmesan cheese, or to taste ; 1 teaspoon sweet pickle relish ; 1 teaspoon minced onion ; 1 teaspoon Worcestershire sauce","Heat a large skillet over medium-high heat. Cook and stir beef in the hot skillet until browned and crumbly, 5 to 7 minutes; drain and discard grease. Mix ketchup, chili sauce, brown sugar, Parmesan cheese, relish, onion, and Worcestershire sauce into ground beef; simmer until heated through and flavors blend, 20 to 25 minutes.",35 mins,6.0,6 servings,264.5,8.427430459928393,3.4701184246763974,22.803635362159184,1.2337510327733403,amber,amber,red,amber,2.0,2.0,3.0,2.0,9.0,unhealthy,4.6,Sandwich Recipes,,35.0,8,Sandwich,American,recipe_images/recipe_1662.jpg,Sandwiches and Tacos
Whimpies,https://www.allrecipes.com/recipe/38530/whimpies/,main-dish,This is my Mom's recipe and she's the best cook in the world. This is a family favorite and freezes well too!,"¼ cup vegetable oil ; 1 cup chopped celery ; 1 cup chopped onion ; 1 cup chopped green bell pepper ; 2 cloves garlic, minced ; 2 pounds ground beef ; 1 cup ketchup ; 1 cup chili sauce ; ½ cup water ; 2 tablespoons chopped fresh parsley ; 1 tablespoon white vinegar ; 2 teaspoons brown sugar ; 1 teaspoon salt ; 1 teaspoon pepper ; 1 teaspoon dry mustard powder ; 1 teaspoon chili powder ; ½ teaspoon paprika ; 2 teaspoons Worcestershire sauce","Heat the oil in a large pot over medium heat. Stir in the celery, onion, green bell pepper, and garlic. Cook and stir until the vegetables have softened, about 5 minutes. Add the ground beef, increase the heat to medium-high, and stir until crumbly and browned, about 10 minutes. Stir in the ketchup, chili sauce, water, parsley, vinegar, brown sugar, salt, pepper, mustard powder, chili powder, paprika, and Worcestershire sauce. Bring to a simmer, then reduce heat to medium-low, cover, and simmer 30 minutes, stirring occasionally.",1 hr 15 mins,8.0,8 servings,352.4,12.414000903932104,3.796514839552051,8.436699643449002,1.774418721438256,amber,red,amber,red,2.0,3.0,2.0,3.0,10.0,unhealthy,4.75,Sandwich Recipes,American,75.0,18,Sandwich,American,recipe_images/recipe_1665.jpg,Sandwiches and Tacos
PBM Sandwich,https://www.allrecipes.com/recipe/164083/pbm-sandwich/,main-dish,"Old fashioned peanut butter and marshmallow fluff sammmies! This unusual, wonderful flavor is great for a kid's snack.",2 tablespoons peanut butter ; 2 slices bread ; 2 ½ tablespoons marshmallow cream (such as Marshmallow Fluff),Spread the peanut butter onto one slice of bread. Spread the marshmallow creme onto the other slice. Place the bread topping-side-up onto a microwave-safe plate. Cook in the microwave on High for 30 seconds. Place the two halves together and serve.,5 mins,1.0,1 sandwich,372.5,20.56818181818182,4.318181818181818,13.863636363636363,1.425568181818182,red,amber,amber,amber,3.0,2.0,2.0,2.0,9.0,unhealthy,4.77,Sandwich Recipes,,5.0,3,Sandwich,American,recipe_images/recipe_1669.jpg,Sandwiches and Tacos
Aaron's Missouri Burger,https://www.allrecipes.com/recipe/145434/aarons-missouri-burger/,main-dish,This lean ground beef burger is seasoned to perfection unlike any other burger. It will keep them asking for the recipe.,1 pound lean ground beef ; 2 teaspoons onion powder ; ¼ cup honey mustard ; 1 teaspoon garlic powder ; 2 teaspoons crushed red pepper ; ½ teaspoon salt ; ¼ cup brown sugar ; 2 tablespoons olive oil ; 4 slices Swiss cheese  (Optional); 4  hamburger buns,"Mix the ground beef, onion powder, honey mustard, garlic powder, crushed red pepper, salt, and brown sugar in a large bowl. Shape into 4 patties. Heat the olive oil in a large skillet over medium heat. Cook the burgers, turning occasionally, to desired temperature, 15 to 20 minutes for well done. Top each patty with a slice of Swiss cheese shortly before removing from the skillet; serve on hamburger buns.",25 mins,4.0,4 burgers,529.1,15.31136390289668,5.235135452093351,12.215316054884484,1.009030139556702,red,red,amber,amber,3.0,3.0,2.0,2.0,10.0,unhealthy,4.19,Burger Recipes,U.S.,25.0,10,Burger,American,recipe_images/recipe_1677.jpg,Burger
Simple Peanut Butter and Tomato Sandwich,https://www.allrecipes.com/recipe/223098/simple-peanut-butter-and-tomato-sandwich/,main-dish,"I have been making these for years! It's a recipe my grandma used to make us when we were kids. This seems like it wouldn't taste any good, but it is AMAZING!","peanut butter ; 2 slices whole wheat bread ; ¼ teaspoon white sugar, or to taste ; 1 tablespoon low-fat creamy salad dressing (such as Miracle Whip Light) ; 1  tomato, thickly sliced ;   salt and ground black pepper to taste",Spread peanut butter on one slice of bread; sprinkle with white sugar. Spread creamy salad dressing on the other slice of bread; top with tomato slices.  Sprinkle tomatoes with salt and pepper. Place the 2 sides together and enjoy!,5 mins,1.0,1 sandwich,399.2,11.074556718649864,2.204657124546037,6.5114291817987615,0.7127964110232856,red,amber,amber,amber,3.0,2.0,2.0,2.0,9.0,unhealthy,4.25,Sandwich Recipes,,5.0,6,Sandwich,American,recipe_images/recipe_1681.jpg,Sandwiches and Tacos
Sweet Grilled Cheese,https://www.allrecipes.com/recipe/100868/sweet-grilled-cheese/,main-dish,This sandwich recipe has been passed down in my family for years and I even sold my husband on it and it's now his favorite. It's your average grilled cheese but with brown sugar added.,2 slices white bread ; 2 slices American cheese ; 2 teaspoons brown sugar ; 2 teaspoons softened butter,"Heat a skillet over medium heat. Spread butter onto one side of a piece of bread and place butter side  down in the skillet. Place one piece of cheese on top of the bread, then sprinkle with brown sugar. Top with the other slice of cheese. Butter the other slice of bread and place on top with the butter side up. Fry on each side until golden brown, 3 to 5 minutes per side.",10 mins,1.0,1 sandwich,452.5,21.045918367346943,12.78061224489796,8.724489795918368,2.3820153061224496,red,red,amber,red,3.0,3.0,2.0,3.0,11.0,unhealthy,4.19,Sandwich Recipes,,10.0,4,Sandwich,American,recipe_images/recipe_1692.jpg,Sandwiches and Tacos
Vegetarian Sandwich Spread,https://www.allrecipes.com/recipe/20081/vegetarian-sandwich-spread/,main-dish,Just like the meat spreads in the deli case. You can teach those veggie dogs new tricks!,"1 (19 ounce) can vegetarian hot dog links ; ¾ cup sweet pickle relish ; 1  onion, chopped ; ½ cup mayonnaise","In a large bowl mash hot dog links using a potato masher or fork.  Blend in relish, onion and mayonnaise.",10 mins,12.0,12 servings,192.2,22.780004218519306,2.868593123813542,8.605779371440626,1.5659143640582158,red,amber,amber,red,3.0,2.0,2.0,3.0,10.0,unhealthy,4.25,,,10.0,4,Sandwich,American,recipe_images/recipe_1696.jpg,Sandwiches and Tacos
Campfire Reubens,https://www.allrecipes.com/recipe/143234/campfire-reubens/,main-dish,"Started by my mom when I was very young, this sandwich has been a tradition for years on family camping trips. My children and grandchild now insist I make them on all our camping trips. Each person assembles their own sandwich just how they like it, with or without sauerkraut, extra cheese, or any way in-between. Use a permanent marker to label the packets. You'll never want another Reuben that isn't made over a campfire!",8 slices pumpernickel bread ; 1 cup Thousand Island dressing ; ¾ pound deli sliced corned beef ; ½ pound sliced Swiss cheese ; 1 cup sauerkraut,"Preheat a grill for low heat. Cut 4 large squares of aluminum foil. Place 2 slices of bread side-by-side on each piece of foil. Spread the bread slices with Thousand Island dressing. Evenly divide the corned beef, Swiss cheese, and sauerkraut among the bread. Top with a second slice of bread to make a sandwich. Wrap the foil snugly around the sandwich to make a sealed packet. Place the packets on the preheated grill. Cook, turning every 10 minutes, until the bread is lightly toasted and cheese melted, about 30 minutes.",45 mins,4.0,4 servings,776.8,21.95286195286195,7.586980920314253,6.4646464646464645,2.9601571268237934,red,red,amber,red,3.0,3.0,2.0,3.0,11.0,unhealthy,4.07,Sandwich Recipes,U.S.,45.0,5,Sandwich,American,recipe_images/recipe_1697.jpg,Sandwiches and Tacos
Pittsburgh Style Chipped Ham Barbeque,https://www.allrecipes.com/recipe/216686/pittsburgh-style-chipped-ham-barbeque/,main-dish,Growing up in Pittsburgh this was a sandwich staple. Anyone who grew up here and remembers Islay's -- this is as close to the original as it gets. Serve on hamburger buns or your favorite hard roll.,2 (12 ounce) bottles chili sauce (such as Heinz) ; 1 cup brown sugar ; 3 pounds chipped chopped ham (such as Isaly's),Stir the chili sauce and brown sugar in a large skillet over medium heat until the sugar has dissolved and the mixture has come to a simmer. Stir in the ham; bring to a boil. Serve hot.,15 mins,12.0,12 servings,318.2,10.443764345830145,3.500382555470543,10.558530986993112,2.056474751338944,amber,red,amber,red,2.0,3.0,2.0,3.0,10.0,unhealthy,4.47,Pork,U.S.,15.0,3,Sandwich,American,recipe_images/recipe_1698.jpg,Sandwiches and Tacos
Awesome Asparagus Sandwich,https://www.allrecipes.com/recipe/125921/awesome-asparagus-sandwich/,main-dish,This is a great vegetarian sandwich that even meat-lovers will like! I came up with this idea after having an asparagus sandwich at a restaurant that my husband and I both loved. It is quick and easy and so yummy!,"1 bunch fresh asparagus, trimmed ; 1  red bell pepper, seeded and quartered ; 1 tablespoon olive oil ; 3  hoagie rolls ; 6 ounces shredded Swiss cheese ; 1  ripe tomato, sliced ; 3 tablespoons mayonnaise ; 2 tablespoons lemon juice ; 1 teaspoon minced garlic","Preheat oven to 350 degrees F (175 degrees C). Toss asparagus and red pepper with olive oil.  Place on a lined baking sheet and bake until tender, about 10 minutes.  Once cool enough to handle, remove skin from the pepper and slice into strips. Cut hoagie rolls in half, place on a baking sheet, and toast lightly in the oven.  Remove rolls from the oven and sprinkle each half with cheese.  Place 4 to 5 asparagus spears and a few strips of pepper on one side.  Place slices of tomato on the other side of the roll.  Place the hoagies back in the oven until the cheese is melted, about 5 minutes. Meanwhile, in a separate bowl, mix the mayonnaise, lemon juice, and garlic together.  Spread the dressing on one side of the roll and close sandwich.",30 mins,3.0,3 servings,795.8,19.689737470167064,7.159904534606206,5.9836345039209,1.2155216501875217,red,red,amber,red,3.0,3.0,2.0,3.0,11.0,unhealthy,4.63,,,30.0,9,Sandwich,American,recipe_images/recipe_1702.jpg,Sandwiches and Tacos
Peanut Butter Cup Grilled Sandwich,https://www.allrecipes.com/recipe/55951/peanut-butter-cup-grilled-sandwich/,main-dish,A grilled peanut butter and chocolate sandwich. We used to make these camping in a pie iron over a campfire. It was one of our favorites. Modified it for home.,2 teaspoons margarine ; 2 slices white bread ; 1 ½ tablespoons peanut butter ; 2 tablespoons semisweet chocolate chips,"Spread 1 teaspoon of margarine onto one side of each slice of bread. Put the margarine sides together. This is to keep from getting margarine on your hands when spreading peanut butter. Spread peanut butter over one slice of bread, and sprinkle chocolate chips onto the peanut butter. Remove the other slice of bread from the back of the peanut butter slice, and place margarine side out over the peanut butter and chocolate chips. Place a skillet over medium heat. Fry sandwich until golden brown on each side, 2 to 3 minutes. Cool slightly before cutting in half.",10 mins,2.0,1 sandwich,222.3,28.958333333333336,8.333333333333332,16.666666666666664,1.4151041666666668,red,red,amber,amber,3.0,3.0,2.0,2.0,10.0,unhealthy,4.36,,,10.0,4,Sandwich,American,recipe_images/recipe_1713.jpg,Sandwiches and Tacos
Cinnamon Apple and Havarti Tea Sandwiches,https://www.allrecipes.com/recipe/219040/cinnamon-apple-and-havarti-tea-sandwiches/,main-dish,"These tasty tea sandwiches are simple but unique and perfect for entertaining. The combination of the tart apples, creamy cheese, and sweet cinnamon raisin bread is surprisingly delicious.","1 (8 ounce) package cream cheese, softened ; 8  slices cinnamon raisin bread ; 4 slices Havarti cheese ; 1 large Granny Smith apple, cored and thinly sliced","Spread a thin layer of cream cheese on 4 slices of bread. Top the cream cheese with a slice of Havarti cheese, then a thin layer of apple slices. Place the remaining slices of bread on top to form 4 sandwiches. Using 2 diagonal cuts, divide each sandwich into 4 triangles.",15 mins,8.0,16 sandwich triangles,250.2,18.045112781954888,10.41890440386681,9.452201933404943,0.8321697099892587,red,red,amber,amber,3.0,3.0,2.0,2.0,10.0,unhealthy,4.5,,,15.0,4,Sandwich,American,recipe_images/recipe_1715.jpg,Sandwiches and Tacos
Hot Pat,https://www.allrecipes.com/recipe/230848/hot-pat/,main-dish,"Try this pastrami sandwich, dubbed the 'Hot Pat,' because of the healthy dose of spicy mustard in the filling and spread on the bread. It's loaded with warm mixture of pastrami, sauerkraut, and cabbage.","1 tablespoon canola oil ; 1 head cabbage, chopped ; 2 tablespoons garlic basil spread (see footnote for recipe link) ; 1 cup sauerkraut ; ½ cup sweet hot mustard ; 1 pound sliced pastrami ; 2 cups shredded Swiss cheese ; 4  Italian-style hoagie buns, split lengthwise and toasted ; ¼ cup spicy brown mustard ; 16 slices Swiss cheese ; ½  onion, diced ; 2  tomatoes, cut into wedges","Heat oil in a large pot or Dutch oven over medium heat; cook and stir cabbage and garlic basil spread until cabbage begins to soften, about 5 minutes. Add sauerkraut, sweet hot mustard, and pastrami; cook and stir until hot, 3 to 4 minutes. Stir in 2 cups shredded Swiss cheese and cook until melted, 2 to 3 minutes. Spread each hoagie bun with 1 tablespoon spicy brown mustard. Top with 4 slices Swiss cheese and evenly distribute the pastrami mixture among the sandwiches. Sprinkle with diced onion and top with tomato wedges.",35 mins,8.0,4 sandwiches,727.8,13.958646523892844,6.900460852206916,6.545580008379131,1.3792049683318135,red,red,amber,red,3.0,3.0,2.0,3.0,11.0,unhealthy,4.8,Sandwich Recipes,,35.0,12,Sandwich,American,recipe_images/recipe_1722.jpg,Sandwiches and Tacos
Cinnamon-Raisin Peanut Butter Sandwich,https://www.allrecipes.com/recipe/88394/cinnamon-raisin-peanut-butter-sandwich/,main-dish,"This variation on the American classic is great for breakfast, lunch, snacks, or even dinner!","½ cup peanut butter ; 2 tablespoons honey ; 1 teaspoon ground cinnamon, or to taste ; 4 tablespoons raisins ; 8 slices whole-grain bread","In a small bowl, mix together peanut butter, honey, and cinnamon. Spread about 2 tablespoons of the peanut butter spread over one side of one slice of bread. Sprinkle 1 tablespoon raisins evenly over peanut butter, and place a slice of bread on top of the raisins to make a sandwich. Repeat with remaining ingredients.",10 mins,4.0,4 sandwiches,391.6,20.943396226415096,4.415094339622642,23.77358490566038,1.041509433962264,red,amber,red,amber,3.0,2.0,3.0,2.0,10.0,unhealthy,4.55,Sandwich Recipes,,10.0,5,Sandwich,American,recipe_images/recipe_1730.jpg,Sandwiches and Tacos
Buffalo Chicken Sausage and Pepper Sandwich,https://www.allrecipes.com/recipe/232077/buffalo-chicken-sausage-and-pepper-sandwich/,main-dish,This is a tasty and very easy sandwich to make. It is sort of a cross between a peppers and onion sandwich with sausage and a buffalo chicken cheese steak. You can make it as hot or mild as you like. I use this sandwich as dinner with soup and salad. A very satisfying meal. The amount of blue cheese depends on how messy or not you like your sandwich to be.,"2 teaspoons vegetable oil ; 4  Buffalo wing-flavored chicken sausages (such as al fresco), sliced on a bias ; 1  onion, sliced ; 1  red bell pepper, sliced ; 1  green bell pepper, sliced ; ¼ cup blue cheese salad dressing, or more to taste ; 3 tablespoons hot pepper sauce ; 2 cups baby spinach leaves ; 4  hoagie rolls, split lengthwise and toasted","Heat oil in a skillet and tilt skillet to coat surface. Cook sausage slices in the heated skillet until nicely browned, 2 to 3 minutes per side. Add onion, red bell pepper, and green bell pepper to the sausages; cook and stir until tender, about 5 minutes. Transfer sausage mixture to a bowl. Stir blue cheese dressing and hot sauce into the sausage mixture, assuring the sausage slices are coated in sauce. Make a bed of spinach in each hoagie roll. Top spinach with the sausage mixture.",25 mins,4.0,4 sandwiches,707.4,14.848143982002252,3.5635545556805397,6.425196850393701,3.004454443194601,red,red,amber,red,3.0,3.0,2.0,3.0,11.0,unhealthy,5.0,,,25.0,9,Sandwich,American,recipe_images/recipe_1732.jpg,Sandwiches and Tacos
Grilled Hawaiians,https://www.allrecipes.com/recipe/53513/grilled-hawaiians/,main-dish,Grilled cheese only better!  Ham and pineapple add a tropical touch.,"3 tablespoons butter or margarine, softened ; 8 slices bread ; 4 slices Swiss cheese ; 8 slices thinly sliced cooked ham ; 1 (8 ounce) can crushed pineapple, drained","Heat a large skillet over medium-high heat. Spread butter onto one side of each slice of bread. Place up to 4 of the slices of bread, butter side down in the skillet. Top each piece with one slice of cheese, two slices of ham, and about 2 tablespoons of the crushed pineapple. Place remaining slices of bread on top with the butter side up. When the bottom of the sandwich is golden brown, flip sandwiches, and cook until browned on the other side, about 1 minute. Repeat steps with remaining ingredients if all four sandwiches do not fit in your skillet.",15 mins,4.0,4 sandwiches,490.2,13.841331082710392,7.041234627441523,5.112129250060284,1.428623101036894,red,red,amber,red,3.0,3.0,2.0,3.0,11.0,unhealthy,4.24,Pork,,15.0,5,Sandwich,American,recipe_images/recipe_1748.jpg,Sandwiches and Tacos
Nonie's Best BBQ,https://www.allrecipes.com/recipe/162936/nonies-best-bbq/,main-dish,BBQ is different in every home you go to.  I have never found another recipe that compares to my grandmother's.  It is a sweet-tasting recipe and goes great with a salad or french fries!,"1 (14 ounce) bottle ketchup ; ½ cup water ; ¼ cup white sugar ; 1 tablespoon brown sugar ; 1 tablespoon red wine vinegar ; 1 tablespoon prepared yellow mustard ; 1 teaspoon salt ; ¼ teaspoon ground black pepper ; ¼ teaspoon paprika ; 2 pounds ground beef ; 2 teaspoons minced onion ; 12  hamburger buns, split","Whisk together the ketchup, water, white sugar, brown sugar, vinegar, mustard, salt, pepper, and paprika in a large saucepan. Bring to a simmer over medium-high heat; reduce heat to medium-low and simmer 15 minutes. Meanwhile, heat a large skillet over medium-high heat; cook and stir the ground beef and onion in the hot skillet until the beef is crumbly, evenly browned, and no longer pink; drain and discard any excess grease. Stir the beef into the simmering barbeque sauce. Simmer together for 10 minutes. Spoon into the buns to serve.",40 mins,12.0,12 servings,314.0,6.925827565295582,2.4692080884966856,7.708747203111605,1.2985926684929217,amber,amber,amber,red,2.0,2.0,2.0,3.0,9.0,unhealthy,4.66,Sandwich Recipes,American,40.0,12,Burger,American,recipe_images/recipe_1749.jpg,Burger
Eggplant and Pepper Parmesan Sandwiches,https://www.allrecipes.com/recipe/17977/eggplant-and-pepper-parmesan-sandwiches/,main-dish,"Smoky grilled veggies, rich tapenade, and tangy goat cheese make these sandwiches hearty and satisfying. A friend of mine made these and I loved them. By the next week, I was craving one of these delicious sandwiches.","1  eggplant, seeded and cut lengthwise into 1/4 inch slices ; 1  red bell pepper, sliced into thin strips ;   salt and pepper to taste ; 1  French baguette ; 2 ounces soft goat cheese ; ¼ cup tapenade (olive spread) ; ¼ cup grated Parmesan cheese","Preheat the oven broiler. Place the eggplant and red bell pepper on a medium baking sheet, and season with salt and pepper. Broil 5 to 10 minutes, until tender and slightly browned. Cut baguette in half lengthwise. Spread bottom half with goat cheese, followed by tapenade. Layer with eggplant and red pepper, then sprinkle with Parmesan cheese. Cover with top half of baguette. Cut into 4 pieces. Serve hot or cold.",25 mins,4.0,4 sandwiches,460.5,20.79047103410937,8.662696264212236,16.24255549539794,5.5127233351380625,red,red,amber,red,3.0,3.0,2.0,3.0,11.0,unhealthy,4.56,,,25.0,7,Sandwich,Italian,recipe_images/recipe_1759.jpg,Sandwiches and Tacos
Applesauce Sandwich,https://www.allrecipes.com/recipe/46675/applesauce-sandwich/,main-dish,"This recipe is made just like a grilled cheese, except with applesauce. The applesauce kind of soaks into the bread as it cooks. This is a great snack that my Mom used to make for me as a child. My children love this as a 'late night' snack.",1 tablespoon butter ; 2 slices bread ; 3 tablespoons applesauce,"Heat a skillet over low heat. Spread butter on one side of each slice of bread. Place bread slices, buttered side down, in skillet. Divide applesauce onto both slices of bread, and spread to the edges. Cook until lightly browned, about 5 minutes. Fold slices together, and cool 5 minutes. Cut into quarters.",10 mins,1.0,1 serving,254.5,11.458333333333332,6.684027777777778,5.902777777777778,0.9184027777777776,amber,red,amber,amber,2.0,3.0,2.0,2.0,9.0,unhealthy,3.91,,,10.0,3,Sandwich,American,recipe_images/recipe_1766.jpg,Sandwiches and Tacos
Ham and Pineapple Fried Sandwiches,https://www.allrecipes.com/recipe/139271/ham-and-pineapple-fried-sandwiches/,main-dish,This kid-friendly sandwich is yummy and easy to make for lunch and snacks. Sort of in between a grilled cheese and a Monte Cristo.,"4 slices cooked ham ; 4 slices sourdough bread ; 2 tablespoons cream cheese, softened ; ¼ cup drained crushed pineapple ; 2 slices provolone or Swiss cheese ; 2  eggs ; ½ cup milk ; 2 tablespoons white sugar ; 1 teaspoon butter ; 1 tablespoon vegetable oil","Spread cream cheese on two slices of bread. Layer 2 slices of ham, 2 tablespoons of pineapple, and one slice of cheese over the cream cheese.  Then top each sandwich with one more slice of bread.  Cut off crusts. In a shallow bowl, whisk together eggs, milk and sugar.  Briefly dip both sides of sandwiches in egg mixture. Heat butter and oil in a large skillet over medium heat.  Place sandwiches in skillet, and fry on each side until golden brown and cheese is melted, about 5 minutes per side.  Drain on paper towels and cool for 3 minutes before serving.",25 mins,2.0,2 sandwiches,541.1,11.145028252256932,5.026953302591414,8.378255504319023,0.7072806390855361,red,red,amber,red,3.0,3.0,2.0,3.0,11.0,unhealthy,3.0,Pork,,25.0,10,Sandwich,American,recipe_images/recipe_1768.jpg,Sandwiches and Tacos
Vincente's Macaroni and Cheese,https://www.allrecipes.com/recipe/217826/vincentes-macaroni-and-cheese/,main-dish,Non box-like comfort food!,"1 (8 ounce) box elbow macaroni ; 1 tablespoon butter ; 1 small onion, chopped ; 2 tablespoons all-purpose flour ; 1 teaspoon dry mustard ; ¼ teaspoon salt ; 1 cup milk ; 1 ½ cups grated sharp Cheddar cheese ; 1 pinch ground black pepper","Fill a large pot with lightly salted water and bring to a rolling boil over high heat. Once the water is boiling, stir in the macaroni, and return to a boil. Cook the pasta uncovered, stirring occasionally, until the pasta has cooked through, but is still firm to the bite, about 8 minutes. Drain well in a colander set in the sink. Melt the butter in a skillet over medium heat. Stir in the onion; cook and stir until the onion has softened and turned translucent, about 5 minutes. Reduce heat to low, then stir in the flour, mustard, and salt until thoroughly combined. Gradually stir in the milk, then increase heat to medium-high and simmer until thickened, stirring constantly, about 3 minutes. Stir in the Cheddar cheese and black pepper until cheese is melted and the sauce is smooth, about 3 minutes. Stir in the macaroni until well-coated and heated through.",35 mins,4.0,4 servings,463.4,19.127849355797817,11.595639246778989,5.2527254707631315,1.1355302279484638,red,red,amber,amber,3.0,3.0,2.0,2.0,10.0,unhealthy,4.05,,,35.0,9,Pasta and Noodles,American,recipe_images/recipe_1771.jpg,Pasta
Comforting Sloppy Joes,https://www.allrecipes.com/recipe/278531/comforting-sloppy-joes/,main-dish,"Growing up in a small Michigan town with a large Polish population, these sloppy joes seemed to be at every wedding, graduation, and funeral. Slightly sweet with a little tang, just like potato chips, you can't eat just one!","1 drizzle olive oil ; 1 small sweet onion, diced ; 3 pounds lean ground beef ; 1 ¼ cups ketchup ; ¼ cup prepared yellow mustard ; ¼ cup white vinegar ; ¼ cup brown sugar ; 1 tablespoon Worcestershire sauce ; 1 teaspoon garlic powder ; 1 teaspoon onion powder ;   salt and ground black pepper to taste ; 10  hamburger buns, split","Heat oil in a large pan, skillet, or Dutch oven over medium-high heat. Saute onion in the hot oil until softened, about 5 minutes. Add beef; cook and stir until browned and crumbly, 5 to 7 minutes. Drain off any excess fat. Stir ketchup, mustard, vinegar, brown sugar, Worcestershire sauce, garlic powder, onion powder, salt, and pepper into the pan; mix until thoroughly combined. Let simmer over low heat, 15 to 20 minutes. Adjust salt and pepper to your liking. Serve on hamburger buns.",35 mins,10.0,10 sandwiches,450.0,9.599294745692154,3.477295545633382,6.268927180860182,0.9350741578169768,amber,red,amber,red,2.0,3.0,2.0,3.0,10.0,unhealthy,3.75,Sandwich Recipes,U.S. American,35.0,12,Sandwich,American,recipe_images/recipe_1802.jpg,Sandwiches and Tacos
Sloppy Juan,https://www.allrecipes.com/recipe/230849/sloppy-juan/,main-dish,"Give your sloppy joe sandwich a Mexican twist with chorizo, cilantro, chili powder, and cumin.","1 ½ cups mayonnaise ; ½ cup sour cream ; ¼ cup chopped fresh cilantro ; ¼ cup diced green onions ; 1 ½ tablespoons chipotle chili powder ; 1 tablespoon garlic basil spread (see footnote for recipe link) ; 1 tablespoon lime juice ; 1 teaspoon ground cumin ;   salt and freshly ground black pepper to taste ; 1 tablespoon olive oil ; 1 pound ground chorizo ; 1 pound ground beef ; 1 teaspoon ground coriander ; 1 head cabbage, chopped ; 1  green bell pepper, diced ; 1  yellow bell pepper, diced ; 1  orange bell pepper, diced ; 1  jalapeno pepper, seeded and minced  (Optional); 1 cup water, or as needed ; ¼ cup brown sugar ; 2 tablespoons chili powder ; ¼ cup chopped fresh cilantro ; 1  lime, juiced ; 4  Italian-style hoagie buns, split lengthwise and toasted ; 1 tablespoon olive oil ; 8  eggs","Combine mayonnaise, sour cream, 1/4 cup cilantro, green onions, chipotle chili powder, 1 tablespoon lime juice, garlic basil spread, and cumin in a small bowl. Stir until combined; season with salt and black pepper. Cover and refrigerate for at least 1 hour. Heat 1 tablespoon olive oil in a large pot or Dutch oven over medium heat; cook and stir chorizo, ground beef, and coriander until meat is browned, about 15 minutes. Drain and discard fat. Season with salt and black pepper. Stir cabbage, green bell pepper, yellow bell pepper, orange bell pepper, jalapeno, and water into chorizo mixture; cook and stir until peppers soften, about 10 minutes. Add brown sugar and chili powder; cook and stir until water is evaporated and sauce is thick, about 10 minutes. Sprinkle 1/4 cup cilantro and juice of 1 lime over the chorizo mixture and remove from heat. Spread each hoagie bun with 1 tablespoon chipotle mayo. Evenly distribute the chorizo mixture among the 4 sandwiches. Heat 1 tablespoon olive oil in a nonstick skillet over medium heat; fry eggs, 2 to 4 at a time if necessary, until whites are set but yolks are still soft, about 2 minutes per side. Place two eggs atop each sandwich.",2 hrs,8.0,4 sandwiches,1077.0,31.807921198440383,8.454750666940283,6.730966550379643,1.5589985635132362,red,red,amber,red,3.0,3.0,2.0,3.0,11.0,unhealthy,4.88,Sandwich Recipes,American Mexican,120.0,26,Sandwich,Mexican,recipe_images/recipe_1804.jpg,Sandwiches and Tacos
Loosemeat Sandwiches I,https://www.allrecipes.com/recipe/14682/loosemeat-sandwiches-i/,main-dish,"I don't know if this is similar to the loosemeat sandwiches served at 'Roseanne's diner', but it's worth a try.","2 tablespoons vegetable oil ; 1 clove garlic, minced ; 1  onion, chopped ; 1 pound lean ground beef ; ½ cup tomato juice ; 2 tablespoons brown sugar ; 1 teaspoon Worcestershire sauce ; 2 teaspoons seasoning salt ; 1 teaspoon browning sauce ; ⅛ teaspoon ground cayenne pepper ; 4  hamburger buns","In a large skillet over medium heat, saute garlic in oil until it begins to brown. Add onion and saute until soft. Add beef and saute, stirring constantly with a fork to crumble as finely as possible. When meat is browned, add the tomato juice, brown sugar, Worcestershire sauce, seasoned salt, browning sauce and cayenne pepper. Stir together and let simmer uncovered, stirring occasionally, until the liquids have evaporated (about 15 to 20 minutes). Spoon mixture onto hamburger buns and serve.",30 mins,4.0,4 servings,527.3,13.807937465571962,4.742543871153897,5.0363297746767035,0.8981454764840123,red,red,amber,red,3.0,3.0,2.0,3.0,11.0,unhealthy,4.14,,,30.0,11,Sandwich,American,recipe_images/recipe_1811.jpg,Sandwiches and Tacos
Microwave Meatball Sandwich in Ten Minutes,https://www.allrecipes.com/recipe/162752/microwave-meatball-sandwich-in-ten-minutes/,main-dish,"Working girl here who likes quick and delicious.  This meatball sub is made from frozen meatballs and purchased spaghetti sauce and provolone cheese, in the microwave. Total prep and cook time will be less than 10 minutes per sandwich if preparing several sandwiches, and will depend on microwave wattage.","10 slices provolone cheese ; 1 (14 ounce) package frozen cooked meatballs ; 1 (28 ounce) jar spaghetti sauce ; 5  hoagie rolls, split lengthwise","Place the meatballs into a glass baking dish and heat in the microwave until hot, about 45 seconds per 6 meatballs. Remove from the microwave, add the spaghetti sauce, cover and return to the microwave. Heat until bubbly, 2 to 3 minutes depending on your microwave. Spoon the meatballs and sauce onto the rolls and top each one with two slices of provolone cheese. Return to the microwave and heat until cheese melts, about 15 seconds.",10 mins,5.0,5 sandwiches,891.6,10.577090718893473,4.64927064566746,5.5500668332655305,1.4482478061254138,red,red,amber,red,3.0,3.0,2.0,3.0,11.0,unhealthy,4.55,,,10.0,4,Sandwich,Italian,recipe_images/recipe_1813.jpg,Sandwiches and Tacos
Grandma's Pork and Bean Sandwiches,https://www.allrecipes.com/recipe/57882/grandmas-pork-and-bean-sandwiches/,main-dish,This is a baked version of an American favorite.  My grandma used to make these for us.  It's more like a half sandwich since the ingredients are actually baked on top of a slice of bread.,"4 slices white bread ; 4 slices processed cheese ; 6 slices bacon, cut in half ; 1 (15 ounce) can baked beans with pork","Preheat the oven's broiler. Place bread slices on a broiling pan that has been lined with aluminum foil. Spoon about 1/2 cup of beans onto each piece of bread. Cover each pile of beans with a slice of cheese. Place three half-slices of bacon onto each sandwich so that they are not hanging over the edge. Broil for 5 minutes in the preheated oven, or until the bacon is cooked and cheese is melted. Watch them carefully! I suggest leaving the oven door cracked near the 5 minute mark to allow some of the oven heat to escape.",10 mins,4.0,4 servings,354.3,7.488528602018967,3.328234934230651,6.02018966044662,1.4739675741817069,amber,red,amber,red,2.0,3.0,2.0,3.0,10.0,unhealthy,4.0,,,10.0,4,Sandwich,American,recipe_images/recipe_1819.jpg,Sandwiches and Tacos
Chocolate and Brie Grilled Cheese,https://www.allrecipes.com/recipe/263724/chocolate-and-brie-grilled-cheese/,main-dish,"This sweet take on grilled cheese oozes with a decadent pairing of melted dark chocolate and gooey Brie, dessert's favorite cheese.","2 tablespoons butter, softened ; 4 slices Nature's Own Perfectly Crafted White Bread ; 3 ounces Brie cheese, sliced ; 2 ounces dark chocolate, coarsely chopped","Spread butter on one side of each slice of bread. Arrange Brie on the unbuttered side of two of the bread slices. Top with chocolate, then the remaining two bread slices, buttered-side up. Preheat a large skillet or griddle over medium heat. Place the sandwiches in the skillet. Cook sandwiches over medium heat for 5 to 6 minutes or until bread is golden and cheese is melted, turning once halfway through cooking.",20 mins,2.0,2 sandwiches,594.4,25.163919900762004,11.483253588516744,9.711146553251815,1.366294524189261,red,red,amber,red,3.0,3.0,2.0,3.0,11.0,unhealthy,0.0,,,20.0,4,Sandwich,American,recipe_images/recipe_1823.jpg,Sandwiches and Tacos
Grilled Leftover Ham and Pineapple Sandwiches,https://www.allrecipes.com/recipe/164058/grilled-leftover-ham-and-pineapple-sandwiches/,main-dish,These sandwiches are a great way to mix up the regular lunch routine. Especially if you have leftover ham that needs to be used.,"4 tablespoons cream cheese, softened ; 8 slices white bread ; 1 (8 ounce) can pineapple rings, drained ; 4 slices leftover baked ham ; 2 tablespoons butter","Spread cream cheese onto 4 slices of bread. Top the cream cheese with a slice of pineapple and a slice of ham. Cover with the remaining slices of bread. Heat the butter in a large skillet over medium heat. Fry sandwiches in butter until golden brown on both sides, about 4 minutes total.",10 mins,4.0,4 servings,347.3,10.90573012939002,5.606900800985829,7.51694393099199,1.2216574245224894,amber,red,amber,red,2.0,3.0,2.0,3.0,10.0,unhealthy,4.25,,,10.0,5,Sandwich,American,recipe_images/recipe_1824.jpg,Sandwiches and Tacos
Bar-B-Q,https://www.allrecipes.com/recipe/23340/bar-b-q/,main-dish,"Simple, tasty, quick...if your family likes sloppy joes, this one is for you!",3 pounds lean ground beef ; 1 (10.75 ounce) can  condensed tomato soup ; 1 (10.5 ounce) can condensed French onion soup ; ½ cup ketchup ; ½ cup packed brown sugar ; 10  hamburger buns,"In a large skillet over medium heat, brown the ground beef; drain fat. Pour in tomato and French onion soups. Fill each can a quarter full with water to rinse the cans out. Pour into meat mixture. Add ketchup and brown sugar. Mix thoroughly. Let simmer for 30 minutes. Serve on hamburger buns.",45 mins,10.0,10 servings,480.0,8.554702848417628,3.183145245922838,7.719127221362883,0.8393556120342784,red,red,amber,red,3.0,3.0,2.0,3.0,11.0,unhealthy,4.45,Sandwich Recipes,,45.0,6,Sandwich,American,recipe_images/recipe_1835.jpg,Sandwiches and Tacos
Giardino Grinder,https://www.allrecipes.com/recipe/230846/giardino-grinder/,main-dish,"Vegetarian food never tasted so good! Piled high with eggplant, mushrooms, onion, and zucchini, then topped with mozzarella cheese, this Italian-style grinder is a meaty meatless meal.","1 tablespoon olive oil ; 1  onion, sliced ; 2  eggplants, peeled and sliced into rings ; 2  zucchini, peeled and sliced ; 1 cup sliced mushrooms ;   salt ; 2 tablespoons Marsala wine ; 3  ciabatta sandwich rolls, sliced horizontally ;   1/4 cup garlic basil spread (see footnote for recipe link) ;   1/4 cup garlic roasted tomato spread (see footnote for recipe link) ;   1/4 cup artichoke aioli (see footnote for recipe link) ; 1 pound shredded mozzarella cheese","Preheat oven to 500 degrees F (260 degrees C). Heat olive oil in a large pot or Dutch oven over medium heat. Cook and stir onion until it begins to soften and turn translucent, about 5 minutes. Add eggplant and cook until they have absorbed some of the oil, about 1 minute. Stir zucchini into eggplant mixture and cook until softened, 1 to 2 minutes. Mix in mushrooms and salt; cook and stir until mushrooms are softened, 3 to 4 minutes. Pour Marsala wine into eggplant mixture and bring to a boil, scraping up any browned bits from the bottom of the pan. Cook until wine has reduced slightly, 2 to 3 minutes. Spread each ciabatta roll with 1 tablespoon garlic basil spread, 1 tablespoon garlic roasted tomato sauce, and 1 tablespoon artichoke aioli. Top with 1/4 pound mozzarella cheese. Evenly distribute the eggplant mixture among the 4 sandwiches. Place sandwiches on a baking sheet and bake in the preheated oven until the cheese is melted and the bread is toasted, 3 to 4 minutes.",45 mins,8.0,4 sandwiches,672.1,13.345108429005986,5.88754783632617,5.338043371602394,2.6943381414973997,amber,red,amber,red,2.0,3.0,2.0,3.0,10.0,unhealthy,5.0,Sandwich Recipes,American Italian,45.0,12,Sandwich,Italian,recipe_images/recipe_1853.jpg,Sandwiches and Tacos
Trail Mix Sandwiches,https://www.allrecipes.com/recipe/76041/trail-mix-sandwiches/,main-dish,"Going on an adventure? These unique sandwiches pack a lot of nutrients and travel extremely well. They do require an adventurous spirit because they are quite different than they average fare. For a sweeter taste use a trail mix that includes dried fruit. I would not recommend one with chocolate pieces, though! Plain, unchopped sunflower seeds work great, too.","1 (8 ounce) package cream cheese, room temperature ; 1 tablespoon lemon juice ; 1 teaspoon finely grated lemon zest ; 1  carrot, peeled and grated ; ½ cup raisins ; ⅓ cup coarsely chopped trail mix ; 8 slices whole wheat bread","Place cream cheese in a bowl. Add lemon juice and zest, raisins, shredded carrot, and chopped trail mix; stir until well blended and creamy. Spread between 2 slices of bread, and wrap up for the trail.",20 mins,4.0,4 servings,452.3,17.647058823529417,9.41641478725878,9.207161125319692,0.8303882817949316,red,red,amber,amber,3.0,3.0,2.0,2.0,10.0,unhealthy,4.08,Sandwich Recipes,,20.0,7,Sandwich,American,recipe_images/recipe_1857.jpg,Sandwiches and Tacos
Veggie and Cilantro Hummus Sandwiches,https://www.allrecipes.com/recipe/165551/veggie-and-cilantro-hummus-sandwiches/,main-dish,I recreated this deliciously refreshing vegetable sandwich from my favorite bakery. The cool crispness is perfect anytime of the year!,"1 cup canned garbanzo beans (chickpeas), drained,  rinsed ; ⅛ cup tahini ; 1 clove garlic, minced ; 1 teaspoon salt ; ½ teaspoon garlic powder ; 1 pinch paprika ; 1 ½ teaspoons olive oil ; 1 tablespoon water ; 2 tablespoons fresh lemon juice ; ⅓ cup chopped fresh cilantro ; ¼ cup water ; 4 teaspoons red wine vinegar ; 2 teaspoons extra-virgin olive oil ; 2 tablespoons white sugar ; 1 pinch salt ; ½ teaspoon sesame oil ; ½  cucumber, thinly sliced ; 1 large tomato, sliced ; 1 small red onion, thinly sliced ; 4 slices bread ; ¼ cup crumbled feta cheese ; ⅔ cup shredded lettuce","To prepare the cilantro hummus, place the garbanzo beans, tahini, garlic, 1 teaspoon salt, garlic powder, and paprika into a blender. Add 1 1/2 teaspoons of olive oil, 1 tablespoon of water, lemon juice, and the cilantro. Puree until smooth, and set aside. Whisk together 1/4 cup of water, vinegar, 2 teaspoons extra-virgin olive oil, sugar, 1 pinch of salt, and sesame oil in a bowl until the sugar has dissolved. Add the cucumber, tomato, and red onion. Toss to coat the vegetables in the dressing. Spread two slices of bread with the cilantro hummus, and sprinkle with crumbled feta cheese. Top with shredded lettuce and the vegetable mixture. Pour on additional dressing to taste, and top with the remaining slice of bread.",45 mins,2.0,2 sandwiches,601.2,7.589727958546064,1.7678884401432595,6.461937057075364,1.602072696791892,red,amber,amber,red,3.0,2.0,2.0,3.0,10.0,unhealthy,4.46,Sandwich Recipes,,45.0,22,Sandwich,Mediterranean,recipe_images/recipe_1858.jpg,Sandwiches and Tacos
PBJ 'Sushi' Kid's Bento Box,https://www.allrecipes.com/recipe/259212/pbj-sushi-kids-bento-box/,main-dish,"A fun, easy take on a classic kid's meal - bento box style!","1 (8 inch) flour tortilla ;   peanut butter ; 1 tablespoon grape jelly, or to taste ; 1  banana, sliced ; 1 ½ tablespoons chocolate syrup, or to taste","Spread peanut butter over half of the tortilla; cover the other half with jelly. Roll up the tortilla, starting on the jelly side, and seal. Slice into sushi roll-sized pieces. Serve in a bento box, with banana and chocolate syrup ('ginger' and 'soy sauce') placed in separate compartments.",15 mins,1.0,1 bento box,493.7,6.775956284153006,1.530054644808743,21.639344262295083,0.4599726775956284,amber,amber,red,amber,2.0,2.0,3.0,2.0,9.0,unhealthy,5.0,Sandwich Recipes,American,15.0,5,Sandwich,American,recipe_images/recipe_1864.jpg,Sandwiches and Tacos
Avocado and Orange Sandwich,https://www.allrecipes.com/recipe/161822/avocado-and-orange-sandwich/,main-dish,"My hubby and his co-workers needed a tasty and healthy alternative to lunch. The flavors come together wonderfully in this veggie sandwich. It is a true California flavor explosion! This is a great sandwich to eat during Lent when you can't eat meat, or for a vegetarian meal anytime. You may toast the bread if you like, or add lettuce, cheese, or bacon.","8 (1 ounce) slices whole-wheat bread ; 1 large navel orange, peeled and cut into 1/4-inch thick slices ; 2 large avocados - peeled, pitted, and sliced ; 1 (5 ounce) package alfalfa sprouts ; 2 teaspoons balsamic vinaigrette","Arrange four of the bread slices on a flat surface; top each slice with two slices of orange, even amounts of avocado slices, and even amounts of sprouts. Sprinkle each sandwich with 1/2 teaspoon of balsamic vinaigrette. Top each with remaining bread slices and serve.",10 mins,4.0,4 sandwiches,407.1,15.552456730374868,2.296776310392913,5.577885325239931,0.5069313427938643,red,amber,amber,amber,3.0,2.0,2.0,2.0,9.0,unhealthy,4.47,,,10.0,5,Sandwich,International,recipe_images/recipe_1871.jpg,Sandwiches and Tacos
Apple Bacon Wraps,https://www.allrecipes.com/recipe/257351/apple-bacon-wraps/,main-dish,"Apple, bacon, and deli meat wrapped in a tortilla. This recipe is the invention of the resourcefulness of my husband and a family favorite.","6 slices bacon, cut in half ; 4 (10 inch) flour tortillas ; ¼ cup honey ; ½ cup shredded Cheddar cheese  (Optional); 8 slices deli ham ; 1  Granny Smith apple, cut into thin bite-size pieces","Place bacon in a large skillet and cook over medium-high heat, turning occasionally, until evenly browned, about 10 minutes. Drain bacon slices on paper towels. Place a tortilla on a work surface and drizzle 1 tablespoon honey down the middle of the tortilla; top with 3 bacon pieces. Layer 2 tablespoons Cheddar cheese over bacon and top with 2 slices ham and 1/4 of the sliced apples. Roll tortilla around filling. Repeat to create 3 more wraps.",20 mins,4.0,4 wraps,568.8,17.440132122213043,6.540049545829893,14.797687861271674,2.6090834021469855,red,red,amber,red,3.0,3.0,2.0,3.0,11.0,unhealthy,5.0,,,20.0,6,Sandwich,American,recipe_images/recipe_1877.jpg,Sandwiches and Tacos
Quick Pizza Sandwiches,https://www.allrecipes.com/recipe/22696/quick-pizza-sandwiches/,main-dish,"Easy pizza sandwiches that are perfect for an appetizer tray, or as a meal for one.",1 (8 ounce) package refrigerated crescent rolls ; 4 slices mozzarella cheese ; 4 teaspoons tomato paste ; ½ teaspoon dried oregano,"Preheat oven to 350 degrees F (175 degrees C). Unwind the roll dough, and separate into 4 rectangles. Pinch together perforations to seal. Place 2 rectangles on a 9x13 inch baking sheet. Moisten edges of rectangles with water. Place 2 slices mozzarella on each rectangle. Top each with 2 teaspoons tomato paste. Sprinkle each with 1/4 teaspoon oregano. Cover each with remaining dough. Press the edges firmly with a fork to seal. Bake in the preheated oven 10 to 12 minutes, or until golden brown.",20 mins,4.0,4 servings,296.4,18.250530002765235,6.415337819153839,5.530463637201585,1.8225642916397824,red,red,amber,red,3.0,3.0,2.0,3.0,11.0,unhealthy,4.0,,,20.0,4,Sandwich,Italian,recipe_images/recipe_1878.jpg,Sandwiches and Tacos
Spaghetti Sandwiches,https://www.allrecipes.com/recipe/244256/spaghetti-sandwiches/,main-dish,"A new twist on old favorites, spaghetti sandwiches take spaghetti and places it between two pieces of toasted garlic bread buns to get you a new food sensation.","1 ½ pounds ground beef ; 8 ounces spaghetti ; 2 (16 ounce) jars spaghetti sauce, or as needed ; 8  slices prepared garlic bread ; 1 cup chopped tomatoes ; 1 pinch dried oregano, or to taste","Preheat oven to 350 degrees F (175 degrees C). Heat a large skillet over medium-high heat. Cook and stir beef in the hot skillet until browned and crumbly, 5 to 7 minutes; drain and discard grease. Bring a large pot of lightly salted water to a boil. Cook spaghetti in the boiling water, stirring occasionally until cooked through but firm to the bite, about 12 minutes. Drain. Heat spaghetti sauce in a saucepan over medium heat; stir in ground beef and cook until sauce reaches a low simmer, about 5 minutes. Place garlic bread on a baking sheet and cook in the preheated oven until golden brown, 15 to 25 minutes. Spread spaghetti sauce onto the plain side of each piece of garlic bread; top with tomatoes and oregano. Mix remaining sauce with spaghetti and scoop spaghetti onto 1/2 of the bread slices. Place the bread slices without spaghetti on top of spaghetti layer, forming a sandwich. Pour any remaining sauce over sandwiches.",55 mins,4.0,4 servings,1089.9,13.094836314546068,4.292946338170773,7.100911238609517,1.083563955450557,red,red,amber,red,3.0,3.0,2.0,3.0,11.0,unhealthy,4.0,,,55.0,6,Sandwich,American,recipe_images/recipe_1888.jpg,Sandwiches and Tacos
"Grilled Cheese, Apple, and Thyme Sandwich",https://www.allrecipes.com/recipe/275249/grilled-cheese-apple-and-thyme-sandwich/,main-dish,"The cinnamon-raisin bread adds a touch of sweetness to the creamy Gruyere cheese, the apples add a little crunch and pop of tartness, and the thyme gives it freshness with just a tease of its flavor, just enough to make this sandwich special.","3 teaspoons butter, softened ; 4 slices cinnamon-raisin bread ; ½  Granny Smith apple - peeled, cored, and thinly sliced ; ⅔ cup shredded Gruyere cheese ; 6 sprigs fresh thyme, leaves removed","Spread butter on 1 side of each slice of bread; flip, so that buttered sides are facing down. Top 2 slices of bread with apple slices, 1/3 cup Gruyere cheese, and a sprinkle of thyme leaves. Place the other 2 slices of bread on top, buttered sides facing up. Heat a large skillet over medium-low heat. Add sandwiches to the hot pan and cook until bread has toasted and cheese has slightly melted, 4 to 5 minutes. Flip carefully using a spatula, pressing down lightly. Cook sandwiches until golden brown and cheese has melted, 3 to 4 minutes more, watching and adjusting heat if necessary to keep bread from burning before cheese has melted. Transfer sandwiches to a plate, slice in 1/2 diagonally, and serve immediately.",20 mins,2.0,2 sandwiches,496.5,27.74761280659053,14.15465268676278,17.637146601759973,1.1486612993821383,red,red,amber,amber,3.0,3.0,2.0,2.0,10.0,unhealthy,4.5,Sandwich Recipes,,20.0,5,Sandwich,American,recipe_images/recipe_1895.jpg,Sandwiches and Tacos
Turkey and Brie Croissant with Cranberry-Orange Aioli,https://www.allrecipes.com/recipe/276055/turkey-and-brie-croissant-with-cranberry-orange-aioli/,main-dish,"Perfectly warm Brie cheese complements this tangy, flaky croissant sandwich.","2 tablespoons mayonnaise ; ½ small orange, juiced ; ⅛ cup dried cranberries, roughly chopped ; 8 slices Granny Smith apple  ; 2 large croissants, split ; ¼ pound sliced deli turkey meat ; 4 slices Brie cheese","Mix mayonnaise, orange juice, and dried cranberries together in a small bowl for aioli. Set aside. Warm a nonstick skillet or panini pan over medium heat. Place 4 apple slices onto the bottom half of each croissant. Top with turkey, followed by Brie cheese, divided equally. Spread aioli mixture on the inside of each croissant top half, and top each sandwich. Place assembled sandwiches into the heated pan and lightly toast until desired color is reached and cheese is slightly melted, 2 to 3 minutes per side. Serve warm.",15 mins,2.0,2 sandwiches,652.3,13.340798208429977,6.334479724866032,5.182756138526753,1.2791330080780612,red,red,amber,red,3.0,3.0,2.0,3.0,11.0,unhealthy,0.0,,,15.0,7,Sandwich,American,recipe_images/recipe_1899.jpg,Sandwiches and Tacos
Doreen's Big Game Sandwiches,https://www.allrecipes.com/recipe/56760/doreens-big-game-sandwiches/,main-dish,"Great sandwich in a bun - perfect for Big Game Sunday or a great fall/winter meal! Condiments to serve with: ketchup, mustards, sweet pickle relish, or barbeque sauces.","1 ½ pounds ground beef ; 1 cup chopped onion ; 2 cups shredded cabbage ; ¼ cup chopped fresh parsley ; ½ teaspoon salt ; ½ teaspoon pepper ; 2 teaspoons finely chopped fresh garlic ; 1 pinch crushed red pepper ; ½ cup ketchup ; 2 cups shredded sharp Cheddar cheese ; 2 (1 pound) loaves frozen bread dough, thawed ; 1  egg ; 1 tablespoon milk ;   coarse salt and cracked black pepper","Preheat the oven to 350 degrees F (175 degrees C). In a skillet over medium-high heat, brown ground beef, and drain excess fat. Reduce heat to medium, and stir in onions, cabbage, parsley, garlic, red pepper, salt and black pepper. Cook until cabbage has wilted. Remove from heat, and stir in Cheddar cheese and ketchup. Divide each loaf of thawed bread dough into four equal pieces. On a lightly floured surface, roll each piece into a 6 inch circle. Place about 1/2 cup of the beef mixture onto the center of each one. Carefully pinch together the edges to seal. Place buns seam side down on a lightly greased or nonstick cookie sheet. Whisk together egg and milk with a fork. Brush the tops of the buns with the egg mixture and sprinkle with coarse salt and cracked black pepper. Bake for 25 to 30 minutes in the preheated oven, until nicely browned. Serve hot with condiments of choice.",1 hr 30 mins,8.0,8 sandwiches,645.8,13.98867022495825,5.972690657847343,5.029634238187235,1.6720914240806837,red,red,amber,red,3.0,3.0,2.0,3.0,11.0,unhealthy,4.31,,,90.0,14,Sandwich,American,recipe_images/recipe_1901.jpg,Sandwiches and Tacos
Chicken Sausage Heroes,https://www.allrecipes.com/recipe/69004/chicken-sausage-heroes/,main-dish,"These wonderful homemade heroes are very popular with everyone. To save yourself hassel, you can always make up the sausage the day before for quick assembling. Feel free to substitute pork for the chicken. If desired, slip opened loaf under broiler for 3-5 minutes until cheese is melted.","1 pound ground chicken ; ¼ cup grated Parmesan cheese ; ½ cup dry bread crumbs ; ½ cup oil-packed sun-dried tomatoes, drained and diced ; ½ cup chopped Italian flat leaf parsley ; 1 teaspoon fennel seeds ; ¼ teaspoon freshly ground black pepper ; 1 ¼ teaspoons salt, divided ; 2 tablespoons olive oil, divided ; 1 large sweet onion, sliced ; 3 cloves garlic, slivered ; 1  green bell pepper, cut into strips ; 1 tablespoon red bell pepper, cut into strips ; 2 tablespoons red wine vinegar ; 1 (1 pound) loaf Italian bread, cut in half lengthwise ; 4 (1 ounce) slices provolone cheese","In a bowl, mix the ground chicken, Parmesan cheese, bread crumbs, sun-dried tomatoes, parsley, fennel seeds, pepper, and 3/4 teaspoon salt. Form into 8 links. Heat 1 tablespoon olive oil in a skillet, and cook the sausage links 10 minutes, or until the chicken is no longer pink and juices run clear. Heat remaining 1 tablespoon olive oil in a separate skillet over medium heat, and saute the onion and garlic about 5 minutes, until tender. Stir in the green bell pepper and red bell pepper. Cook and stir about 5 minutes, until tender. Sprinkle with vinegar and season with remaining 1/2 teaspoon salt. Place sausages on the bottom of the loaf of bread, cover with the vegetables, and layer with provolone cheese. Form a long sandwich by replacing the top of the loaf, and cut into slices to serve.",45 mins,8.0,8 servings,514.2,7.244413192241067,2.250158643044574,8.83598881780918,1.6435762429896927,amber,amber,amber,red,2.0,2.0,2.0,3.0,9.0,unhealthy,4.25,,,45.0,16,Sandwich,Italian,recipe_images/recipe_1906.jpg,Sandwiches and Tacos
Peanut Butter and Chocolate Panini,https://www.allrecipes.com/recipe/228877/peanut-butter-and-chocolate-panini/,main-dish,This panini can be grilled in a pan or put in a panini grill. Press the sandwiches with a heavy object of cooking in a pan. It is very versatile and great for a quick snack or a dessert that will leave everyone wanting more!,1 teaspoon butter ; ½ cup crunchy peanut butter ; 8 slices firm bread ; ½ cup semi-sweet chocolate chips,"Preheat a panini press according to manufacturer's instructions to medium-low heat. Coat inside surfaces with butter. Spread 1 to 2 tablespoons peanut butter onto half the bread slices; cover peanut butter with 1 to 2 tablespoons chocolate chips. Top each with a second slice of bread, creating 4 sandwiches. Grill each sandwich in the panini press until bread is toasted and chocolate is melted, 2 to 4 minutes.",25 mins,4.0,4 sandwiches,432.5,36.02009088734752,10.475962688352068,23.391533126046397,1.8178665391054771,red,red,red,red,3.0,3.0,3.0,3.0,12.0,unhealthy,4.0,,,25.0,4,Sandwich,American,recipe_images/recipe_1914.jpg,Sandwiches and Tacos
Grilled Smores Sandwich,https://www.allrecipes.com/recipe/240001/grilled-smores-sandwich/,main-dish,"My daughter and I love peanut butter, chocolate, and marshmallow. When you combine that with butter, whole grain bread, and a well-seasoned cast iron pan, you have a wonderful (somewhat nutritious) treat!","2 tablespoons salted butter, softened, divided ; 1 tablespoon olive oil, divided ; 4 slices 12-grain bread ; 2 tablespoons peanut butter ; 2 tablespoons marshmallow creme, or to taste ; 2 tablespoons chocolate-hazelnut spread (such as Nutella)","Spread 1 tablespoon butter and 1 1/2 teaspoons olive oil onto 1 side of each bread slice. Heat a cast iron skillet or non-stick skillet over medium heat and add the remaining 1 tablespoon butter and 1 1/2 teaspoons olive oil. Spread peanut butter, marshmallow creme, and chocolate-hazelnut spread into the other side of each bread slice and put slices together with butter-oil side on the outside, creating a sandwich. Place sandwiches in the hot skillet, cover the skillet, and cook until sandwiches are lightly golden brown, about 30 seconds per side.",15 mins,2.0,2 servings,494.2,27.00284668564457,8.865392435949573,13.094753965026436,0.8027653517690118,red,red,amber,amber,3.0,3.0,2.0,2.0,10.0,unhealthy,4.0,,,15.0,6,Sandwich,American,recipe_images/recipe_1916.jpg,Sandwiches and Tacos
Arepas,https://www.allrecipes.com/recipe/262050/arepas/,main-dish,"Arepas are small grilled corn cakes and are native to Venezuela and Colombia. They can be eaten plain or stuffed with meats, cheeses, beans and vegetables. Sugar can be added to create a sweet cake which can be used for dessert.","2 ½ cups milk ; 1 ½ cups arepas flour (such as P.A.N.) ; ½ cup grated Monterey Jack cheese ; 1 teaspoon kosher salt ; ½ teaspoon freshly ground black pepper ; ¼ cup unsalted butter, cut into pieces ; 1 tablespoon honey ;   vegetable oil ; 1 (6 ounce) package cooked chicken, shredded, or to taste ; ½ (8 ounce) package Monterey Jack cheese, sliced, or to taste ; ½  avocado, sliced, or to taste","Bring milk to a simmer in a pot. Remove from heat and stir in butter. Combine arepas flour, grated Monterey Jack cheese, kosher salt, and black pepper in a large bowl. Add the hot milk mixture and honey; stir until combined. Let mixture sit until milk is absorbed enough for a soft dough to form, 1 to 2 minutes. Dough will continue to stiffen. Form dough into 12 balls about 2 inches in diameter. Flatten between palms into 3 1/2- to 4-inch arepa patties about 1/3-inch thick. Heat oil in a large nonstick skillet over medium heat. Fry 3 to 4 arepas at a time until lightly golden brown, about 3 minutes per side. Slice each arepa in half crosswise and stuff a portion of chicken, sliced Monterey Jack cheese, and avocado between the halves.",27 mins,12.0,12 arepas,221.8,44.260323399706,21.167980756381127,12.508352265134304,2.133636242148871,red,red,amber,red,3.0,3.0,2.0,3.0,11.0,unhealthy,5.0,Sandwich Recipes,Venezuelan South American,27.0,11,Sandwich,Venezuelan,recipe_images/recipe_1918.jpg,Sandwiches and Tacos
Creamy Peanut Towers,https://www.allrecipes.com/recipe/20660/creamy-peanut-towers/,main-dish,"These are perfect for potlucks, get togethers, or as snacks for the kids. Everyone loves them! You may want to quadruple the recipe. Use toothpicks to keep the creamy towers from tumbling.",2 slices white bread ; 2 tablespoons butter ; 4 tablespoons peanut butter ; 1 teaspoon white sugar ; 1 slice whole wheat bread,"Butter a slice of white bread. Spread peanut butter on the bread over the layer of butter. Sprinkle sugar over the top of the peanut butter layer. Place a slice of wheat bread on top of the white bread and repeat the layering of butter, peanut butter and sugar. Top the wheat bread with a slice of white bread. Cut the layered slices into 9 pieces. Insert toothpicks into the pieces and serve.",5 mins,9.0,9 servings,87.7,32.398006276536826,11.962340779028985,5.482739523721617,1.2971663282259551,red,red,amber,amber,3.0,3.0,2.0,2.0,10.0,unhealthy,4.06,Sandwich Recipes,,5.0,5,Sandwich,American,recipe_images/recipe_1933.jpg,Sandwiches and Tacos
Baked Turkey and Cranberry Sliders,https://www.allrecipes.com/recipe/274277/baked-turkey-and-cranberry-sliders/,main-dish,These are a take on the popular baked ham and Swiss sliders with a holiday twist. They also taste great with leftover roasted turkey and French fried onions.,"cooking spray ; ½ stick butter, melted ; 1 ½ tablespoons Dijon mustard, or more to taste ; 1 tablespoon dried minced onion ; 1 ½ teaspoons Worcestershire sauce ; 1 (12 count) package Hawaiian bread rolls, split ; 1 tablespoon mayonnaise, or to taste ; ½ (14 ounce) can jellied cranberry sauce ; ½ pound cooked honey-roasted turkey, shaved ; 6 slices Havarti cheese, cut into halves ; 1 cup arugula  (Optional)","Preheat the oven to 350 degrees F (175 degrees C). Spray a 9x13-inch pan with cooking spray. Whisk melted butter with Dijon mustard, dried onion, and Worcestershire in a small bowl. Place the bottom halves of the rolls into the prepared pan. Spread mayonnaise and additional Dijon mustard to taste along the rolls. Spread cranberry sauce. Add turkey and 1/2 slice of cheese to each. Top with arugula and top halves of the rolls. Spread melted butter mixture evenly over tops. Cover the pan tightly with aluminum foil. Bake in the preheated oven for 15 minutes. Remove from the oven, uncover, and continue to bake until cheese is melted, 10 to 15 minutes.",40 mins,12.0,12 sliders,434.0,18.607204116638083,17.125214408233276,10.53859348198971,1.8063807890222985,red,red,amber,red,3.0,3.0,2.0,3.0,11.0,unhealthy,0.0,Sandwich Recipes,American,40.0,11,Sandwich,American,recipe_images/recipe_1937.jpg,Sandwiches and Tacos
Giant King Cake Burger,https://www.allrecipes.com/recipe/236808/giant-king-cake-burger/,main-dish,Celebrate Mardi Gras in extravagant style with this recipe for a giant Mardi Gras king cake burger!,"3 pounds ground beef ; 1  yellow onion, chopped ; 2 tablespoons steak sauce ; 2 tablespoons Worcestershire sauce ;   salt and ground black pepper to taste ; 2 tablespoons vegetable oil, or as needed ; 1 pound Cheddar cheese, thinly sliced ; 1 pound cooked bacon strips ; 1  Mardi Gras King Cake (see footnote), sliced in half horizontally, icing reserved ; 2 tablespoons purple decorating sugar ; 2 tablespoons yellow decorating sugar ; 2 tablespoons green decorating sugar","Line a 10-inch round cake pan with plastic wrap. Mix ground beef, onion, steak sauce, Worcestershire sauce, salt, and pepper together in a bowl. Press beef mixture firmly into prepared cake pan to form a giant beef patty. Cover pan with plastic wrap and refrigerate until firm, about 2 hours. Preheat an outdoor grill for medium-high heat and lightly oil the grate. Lightly oil a pizza peel. Remove plastic wrap from top of beef patty and invert pan on top of pizza peel to release patty from the pan. Remove remaining plastic wrap. Use a grill spatula and a slight shaking motion to gently slide the patty from the pizza peel onto the preheated grill. Cook beef patty on the preheated grill until browned on one side, 7 to 10 minutes. Use the grill spatula and pizza peel to carefully flip the patty. Place cheese and bacon slices on top of the burger and cook until burger is firm and no longer pink in the center, about 10 minutes more. An instant-read thermometer inserted into the center should read at least 160 degrees F (70 degrees C). Place the bottom half of the king cake on a serving platter. Place the burger on top of the bottom king cake 'bun' and place the top half of the king cake on the burger. Spread reserved icing over the top 'bun' and sprinkle purple, yellow, and green decorating sugars over the top.",2 hrs 40 mins,12.0,12 servings,737.4,22.369741412582016,8.753377074488613,7.502894635275956,1.552682362022385,red,red,amber,red,3.0,3.0,2.0,3.0,11.0,unhealthy,3.67,,,160.0,12,Burger,American,recipe_images/recipe_1950.jpg,Burger
Savory Runzas,https://www.allrecipes.com/recipe/279499/savory-runzas/,main-dish,"Similar and so much like the original runzas. The prep time is long, but well worth the wait. You may add a slice of your favorite cheese if you want to.","4 ½ cups all-purpose flour, divided ; ½ cup white sugar ; 2 packages active dry yeast ; 1 teaspoon salt ; ¾ cup milk ; ½ cup water ; ½ cup shortening ; 2 large eggs, at room temperature ; ½ pound ground beef ; 1  onion, chopped ; 2 tablespoons salted butter ; 2 cups chopped cabbage ; ½ teaspoon salt ; ⅛ teaspoon ground black pepper","Place 1 3/4 cups flour into a bowl. Stir in sugar, yeast, and salt. Combine milk, water, and shortening in a microwave-safe bowl. Heat on high until warm (120 to 130 degrees F/50 to 55 degrees C), 2 to 3 minutes. Pour heated milk into the flour mixture. Add eggs and beat at low speed for 30 seconds. Switch to high speed and beat for 3 minutes. Stir in the remaining flour. Knead until smooth, about 3 minutes. Cover the bowl with waxed paper and a towel; let rest for 20 minutes. Cook ground beef and onion in a nonstick skillet over medium-high heat until beef is browned, 5 to 7 minutes. At the same time, melt butter in a separate skillet over medium heat. Add cabbage and cook until wilted, about 5 minutes. Add cabbage to beef mixture with salt and pepper. Remove from the heat. Preheat the oven to 350 degrees F (175 degrees C). Grease a large baking sheet. Roll dough on a lightly floured surface until very thin. Cut into 6 squares or rectangles, whichever you prefer. Place 3 tablespoons beef filling in the center of each shape. Bring corners together, pinch edges to seal, and place right-side up onto the prepared baking sheet. Let rise until an indentation remains when lightly pressed with a finger, 40 to 60 minutes. Bake in the preheated oven until dough is done and golden brown, about 20 minutes.",2 hrs,6.0,6 runzas,731.1,23.952651734942556,8.03726852235614,16.07453704471228,1.344849881463552,red,red,amber,amber,3.0,3.0,2.0,2.0,10.0,unhealthy,0.0,Sandwich Recipes,,120.0,14,Stuffed Dishes,American,recipe_images/recipe_1954.jpg,Stuffed Dishes
"Keto and Gluten-Free Spinach, Feta, and Tomato Wraps for Two",https://www.allrecipes.com/recipe/263875/keto-and-gluten-free-spinach-feta-and-tomato-wraps-for-two/,main-dish,"These fabulous homemade keto and gluten-free wraps are filled with spinach, Feta cheese, and sun-dried tomatoes; ideal for a quick and easy vegetarian brunch or lunch.","3  eggs ; ½ cup almond milk ; ¼ cup coconut flour ; 1 pinch sea salt ;   cooking spray ; 2 cups baby spinach ; ½ cup feta cheese, crumbled ; 3  chopped sun-dried tomatoes ; 1 teaspoon olive oil","Whisk eggs and almond milk together in a bowl until well combined. Combine coconut flour and salt in a separate bowl. Stir in egg mixture; whisk until a smooth and soft batter forms, about 2 minutes. Let stand for 5 minutes. Heat an 8-inch skillet over medium-high heat; grease with cooking spray. Pour 1/2 of the batter in and immediately rotate the skillet to spread batter out in a thin layer. Cook until the top of the wrap is no longer wet and the bottom has turned light brown, about 3 minutes. Run a spatula around the edge of the skillet to loosen wrap; flip wrap and cook until the other side has turned light brown, about 1 minute more. Repeat with remaining batter. Place spinach, feta cheese, and sun-dried tomatoes in the center of the wraps; drizzle with olive oil. Roll from one end to the other to make the wraps.",25 mins,2.0,2 servings,415.5,7.698350353495679,3.7706205813040063,6.630007855459545,1.5003142183817753,red,red,amber,red,3.0,3.0,2.0,3.0,11.0,unhealthy,0.0,,,25.0,9,Sandwich,Mediterranean,recipe_images/recipe_1961.jpg,Sandwiches and Tacos
Chunky Monkey Grilled Cheese,https://www.allrecipes.com/recipe/255369/chunky-monkey-grilled-cheese/,main-dish,"A fun and easy break from the usual that kids will love. This recipe makes 1 sandwich, but it's easy enough to make 2, 3, or 4.","2 slices raisin bread ;   peanut butter ; ½  banana, sliced ; 2 tablespoons chocolate chips, or to taste ; ¼ cup ricotta cheese ; 1 tablespoon white sugar ; 1 dash ground cinnamon  (Optional)","Toast raisin bread in a toaster oven until lightly brown, 2 to 3 minutes. Spread peanut butter onto toasted bread. Top 1 slice with banana; top other slice with chocolate chips. Cover banana and chocolate chips with ricotta cheese. Sprinkle sugar and cinnamon on top. Toast in the toaster oven just until cheese is melted, 3 to 5 minutes. Sandwich slices together.",20 mins,1.0,1 sandwich,708.7,21.11764705882353,8.294117647058822,31.529411764705884,0.5279411764705882,red,red,red,amber,3.0,3.0,3.0,2.0,11.0,unhealthy,3.0,Sandwich Recipes,American,20.0,7,Sandwich,American,recipe_images/recipe_1963.jpg,Sandwiches and Tacos
Bento Box Turkey Roll-Ups with Caprese Salad,https://www.allrecipes.com/recipe/279389/bento-box-turkey-roll-ups-with-caprese-salad/,main-dish,"Instead of a wrap, try bite-sized roll-ups. They are perfect for bento box lunches!","8 ounces mozzarella cheese pearls ; 1 ½ cups cherry tomatoes, halved ; ¼ cup finely sliced fresh basil leaves ; ¼ cup olive oil ; ¼ cup balsamic vinegar ; 1 teaspoon minced garlic ;   salt and ground black pepper to taste ; ¼ cup balsamic vinegar ; ¼ cup mayonnaise ; 1 tablespoon honey ; 1 teaspoon minced garlic ; ½ teaspoon onion powder ;   salt and ground black pepper to taste ; 1 (12 inch) flour tortilla ; ¼ cup baby spinach leaves ; 4 slices thinly sliced cooked deli turkey ; 2 slices Muenster cheese ; 4  fresh raspberries, roughly chopped, or more to taste ; ¼ cup sugar snap peas ; 1 ounce lightly salted almonds","Combine mozzarella pearls, tomatoes, and basil in a bowl; set aside. Whisk olive oil, balsamic vinegar, and garlic together in another bowl. Pour over tomato mixture and stir gently to coat. Season with salt and pepper. Chill for 1 hour. In the meantime, whisk balsamic vinegar, mayonnaise, honey, garlic, onion powder, salt, and pepper together for dressing in a small bowl until smooth. Transfer to a jar or other container and refrigerate until ready to use. Drizzle tortilla with some of the creamy balsamic vinaigrette, layer with baby spinach, sliced turkey, and Muenster cheese. Sprinkle with chopped raspberries. Drizzle with more balsamic vinaigrette if desired. Roll tortilla and fillings gently and tightly starting with 1 edge into a long tube. Cut into approximately 1-inch slices, securing with toothpicks if needed. Add prepared roll-ups and caprese salad to bento boxes. Add sugar snap peas and almonds, using a small container if needed. Add extra balsamic dressing for dipping, if desired.",1 hr 20 mins,1.0,1 bento box,2348.5,20.557779324747653,6.513226592412112,5.769230769230769,1.275887573964497,red,red,red,red,3.0,3.0,3.0,3.0,12.0,unhealthy,0.0,Sandwich Recipes,American,80.0,20,Sandwich,Italian,recipe_images/recipe_1976.jpg,Sandwiches and Tacos
Fruity Peanut Butter Sandwich,https://www.allrecipes.com/recipe/88388/fruity-peanut-butter-sandwich/,main-dish,"Sandwiching a serving of fruit in the classic PB&J made with whole grain bread will make eating healthy, easy, and delicious for the whole family.",2 tablespoons chunky or creamy peanut butter ; 1 tablespoon raisins ; ¼ cup chopped apple ; 1 tablespoon unsalted dry roasted peanuts ; 2 tablespoons strawberry jam ; 2 slices whole-grain bread,"Spread peanut butter on one side of a slice of bread, and sprinkle with chopped apple, raisins, and peanuts. Spread jam over the remaining slice of bread, and place on top of fruit and nuts to make a sandwich.",10 mins,1.0,1 serving,529.8,11.9751166407465,1.9180922757905652,20.632452047693103,0.4904095386210471,red,amber,red,amber,3.0,2.0,3.0,2.0,10.0,unhealthy,4.63,Sandwich Recipes,,10.0,6,Sandwich,American,recipe_images/recipe_1981.jpg,Sandwiches and Tacos
Manchego and Mushroom Sandwiches with Arugula Salad,https://www.allrecipes.com/recipe/269191/manchego-and-mushroom-sandwiches-with-arugula-salad/,main-dish,"A light, but filling, panini meal--one of my family's favorites. Relatively simple, with plenty of room for anyone to improve it based on their own style of cooking.","2 cloves garlic, minced, divided ; 1 (8 ounce) package cremini mushrooms, wiped clean, trimmed, and sliced ; 2  shallots, halved and thinly sliced ; 3 ½ tablespoons olive oil, or more as needed, divided ; ¼ teaspoon salt, or more to taste, divided ;   ground black pepper to taste ; 4 slices sourdough bread ; 1 ½ tablespoons fig jam ; 2 ounces mozzarella cheese, shredded ; 2 ounces Manchego cheese, shredded  ; 1 tablespoon sherry vinegar ; 3  sweet bell peppers, seeded and finely chopped ; 1 cup arugula ; ½ cup baby spinach leaves","Preheat the oven to 450 degrees F (230 degrees C). Place 1/4 teaspoon garlic in a large bowl. Toss remaining garlic, mushrooms, shallots, 1 tablespoon olive oil, 1/4 teaspoon salt, and pepper together on a rimmed baking sheet, arranging in a single layer. Bake in the preheated oven until lightly browned and tender, 12 to 15 minutes. Meanwhile, arrange bread slices in a single layer on a separate baking sheet. Drizzle with 1 tablespoon olive oil; flip. Spread fig jam over 2 slices. Sprinkle Manchego cheese and mozzarella cheese over remaining 2 slices. Transfer bread to the preheated oven and toast until golden and cheese is melted, 6 to 7 minutes. Remove from the oven and set aside. While bread toasts, add sherry vinegar to bowl of reserved garlic. Add 1/2 of the bell peppers, remaining olive oil, remaining salt, and pepper; whisk to combine. Add arugula and spinach, tossing to coat. Top cheesy sides of bread with remaining bell peppers, mushrooms, shallots, and a small handful of the salad mixture. Top these with remaining bread slices, jam-side down. Halve paninis; serve with remaining salad mixture.",45 mins,2.0,2 servings,678.3,10.439174968429915,3.171039708152098,5.02315139609934,0.8714746737757822,red,red,amber,red,3.0,3.0,2.0,3.0,11.0,unhealthy,0.0,,,45.0,14,Sandwich,Spanish,recipe_images/recipe_1988.jpg,Sandwiches and Tacos
Barbeque Chicken Sloppy Joes,https://www.allrecipes.com/recipe/282658/barbeque-chicken-sloppy-joes/,main-dish,Spicy-flavored Sloppy Joes made with shredded chicken breast. Taste great with a side of coleslaw.,1 ½ cups barbeque sauce ; 5 tablespoons orange juice ; ¼ cup orange blossom honey ; 1 teaspoon grated orange zest ; 1 teaspoon cooking sherry ; ½ teaspoon cayenne pepper ; ¼ teaspoon ground cloves ; 2 pounds shredded rotisserie chicken ; 1 (16 ounce) package whole wheat hamburger buns,"Combine barbecue sauce, orange juice, honey, orange zest, sherry, cayenne, and cloves in a large saucepan over medium-low heat. Stir until warm, 3 to 5 minutes. Add chicken; cook, stirring occasionally, until heated through, about 15 minutes. Serve on hamburger buns.",30 mins,8.0,8 sandwiches,446.7,5.9967585089141,1.5667206915180982,13.668287412209615,1.179767693138844,amber,amber,amber,red,2.0,2.0,2.0,3.0,9.0,unhealthy,0.0,Sandwich Recipes,,30.0,9,Sandwich,American,recipe_images/recipe_1991.jpg,Sandwiches and Tacos
"Grilled Eggplant, Onion, and Red Pepper Sandwich",https://www.allrecipes.com/recipe/272876/grilled-eggplant-onion-and-red-pepper-sandwich/,main-dish,"This quick and easy grilled eggplant sandwich is a healthy substitute for a burger, and it tastes great! I cooked the eggplant and other veggies in a grill press to save time, but you could also use a grill pan or barbecue grill to prepare them.","cooking spray ; 1  purple eggplant, peeled and cut into 1/2-inch slices ; 2 tablespoons grated Parmesan cheese ; ¼ teaspoon ground black pepper ; ¼ teaspoon dried oregano ; 1  sweet onion, cut in 1/4-inch slices ; 1  sweet red bell pepper, broadly sliced ; 2  sandwich rolls ; 2 slices provolone cheese","Preheat a panini press. Spray 1 side of each eggplant slice with cooking spray. Turn slices over and sprinkle with Parmesan cheese, black pepper, and oregano, then spray with cooking spray. Place eggplant slices in the panini press and close the lid. Add 2 slices of onion and 4 pieces of red bell pepper to the panini press and close the lid. Cook veggies for about 5 minutes. Meanwhile, toast sandwich rolls and place on individual serving plates. Place 1 slice of provolone on the bottom half of each roll, then add grilled eggplant, onion, and bell pepper slices. Cover each with top half of the roll and enjoy.",10 mins,2.0,2 sandwiches,360.7,7.326118216907592,3.8749716188602137,7.386664648452282,0.8727768107167183,amber,red,amber,amber,2.0,3.0,2.0,2.0,9.0,unhealthy,0.0,,,10.0,9,Sandwich,Italian,recipe_images/recipe_2000.jpg,Sandwiches and Tacos
Homemade Deviled Ham Sandwiches,https://www.allrecipes.com/recipe/221036/homemade-deviled-ham-sandwiches/,main-dish,"You will never again buy a ham spread product after tasting this recipe. Use your mini chopper or food processor to whip up a large or small batch. Easily modified for personal tastes, but try it once as written - it is delicious - AND - it's low-fat too! Make delicious sandwiches on your choice of bread with a thin coat of mayo, sliced bread and butter pickles, and a generous layer of Deviled Ham. Men and kids love these.","½ pound cooked ham, cut into chunks ; ¼  onion, sliced ; 3 tablespoons low-fat creamy salad dressing (such as Miracle Whip Light) ; 2 teaspoons honey ; 1 teaspoon prepared mustard ; 1 teaspoon Worcestershire sauce ; 1 teaspoon dry mustard powder ; 1 dash hot pepper sauce (such as Tabasco), or to taste ; ½ teaspoon paprika ; ⅛ teaspoon salt ; ⅛ teaspoon ground white pepper","Place ham and onion into a food processor and process until very finely chopped. Transfer ham mixture to a bowl. Thoroughly mix in salad dressing, honey, prepared mustard, Worcestershire sauce, dry mustard powder, hot pepper sauce, paprika, salt, and white pepper. Refrigerate ham spread covered until ready to use.",15 mins,6.0,6 servings,127.7,15.767613965313265,4.8933974375110125,6.162056032421275,2.82684320487326,amber,amber,amber,red,2.0,2.0,2.0,3.0,9.0,unhealthy,4.6,Pork,,15.0,11,Sandwich,American,recipe_images/recipe_2005.jpg,Sandwiches and Tacos
Sloppy Joe Hand Pies,https://www.allrecipes.com/recipe/282656/sloppy-joe-hand-pies/,main-dish,Who doesn't love Sloppy Joes? And with this hand pie recipe you can take them on the run and eat them without the mess!,"1 ½ pounds ground beef ; ½ medium onion, diced ; 1 medium red bell pepper, diced ; 2 cloves garlic, minced ; 2 cups beef broth ; ¾ cup ketchup ; 1 teaspoon prepared yellow mustard ; 2 tablespoons brown sugar ; 1 teaspoon salt ; ½ teaspoon ground white pepper ; 2 dashes Worcestershire sauce ; 1 pinch cayenne pepper, or to taste ; 1 large egg ; 1 tablespoon water ; 1 (14.1 ounce) package refrigerated pie dough for a double-crust pie ; 6 slices Cheddar cheese","Heat a large skillet over medium heat. Cook and stir ground beef and onion in the hot skillet until browned and crumbly, 7 to 8 minutes. Add bell pepper and garlic; cook and stir until tender, 2 to 3 more minutes. Add 1 cup beef broth, ketchup, mustard, brown sugar, salt, pepper, Worcestershire sauce, and cayenne pepper; bring to a simmer. Add remaining 1 cup broth and reduce heat to low. Simmer until mixture becomes very thick, 30 to 45 minutes. Taste and adjust for salt, pepper, and cayenne as needed. Preheat the oven to 350 degrees F (175 degrees C). Line a baking sheet with parchment paper. Whisk egg and water together in a small bowl. Roll out both pie crusts on a lightly floured surface and cut out six 5-inch circles. Place a slice of Cheddar cheese in the center of each circle and top with Sloppy Joe mixture. Fold dough and seal the edges using a fork. Brush the outsides with egg wash and place hand pies on the prepared baking sheet. Bake in the preheated oven until golden brown, 20 to 25 minutes.",1 hr 30 mins,6.0,6 hand pies,742.4,21.691540077120536,8.178777406127415,5.645134405316205,1.747769171787663,red,red,amber,red,3.0,3.0,2.0,3.0,11.0,unhealthy,0.0,Savory Pie Recipes,,90.0,16,Casserole and Pies,American,recipe_images/recipe_2014.jpg,Casserole and Pies
Eyeball Sandwich,https://www.allrecipes.com/recipe/229138/eyeball-sandwich/,main-dish,"Great for Halloween or whenever, this peanut butter sandwich with a twist is fun and delicious. Sliced green olives look like eyeballs and taste like mmmmm...","2 tablespoons peanut butter ; 2 slices bread ; 8  green olives, sliced",Spread peanut butter on one slice of bread; top with green olives. Place second piece of bread atop the filling to make a sandwich.,10 mins,1.0,1 sandwich,360.4,22.916666666666664,4.375,5.416666666666667,3.2255208333333334,red,amber,amber,red,3.0,2.0,2.0,3.0,10.0,unhealthy,4.75,,,10.0,3,Sandwich,American,recipe_images/recipe_2019.jpg,Sandwiches and Tacos
Healthier Sloppy Joes II,https://www.allrecipes.com/recipe/222119/healthier-sloppy-joes-ii/,main-dish,This healthier version of sloppy joes includes more veggies and real garlic. Be sure to serve on whole wheat buns!,"1 pound lean ground beef ; ¼ cup chopped onion ; ¼ cup chopped green bell pepper ; 2  carrots, finely chopped ; 2 cloves garlic, minced ; 1 teaspoon prepared yellow mustard ; ¾ cup ketchup ; 1 tablespoon brown sugar ;   salt and ground black pepper to taste","Heat skillet over medium-high heat; cook and stir beef, onion, green bell pepper, carrots, and garlic until beef is browned, about 10 minutes. Drain off liquids. Stir in mustard, ketchup, and brown sugar and mix thoroughly. Reduce heat to low and simmer until sauce has thickened, about 30 minutes. Season with salt and pepper.",40 mins,6.0,6 servings,251.8,12.47122278497665,4.972702756034994,8.208906136946656,0.8118134578701572,amber,red,amber,amber,2.0,3.0,2.0,2.0,9.0,unhealthy,4.58,Sandwich Recipes,American,40.0,9,Sandwich,American,recipe_images/recipe_2037.jpg,Sandwiches and Tacos
Firehouse Haluski,https://www.allrecipes.com/recipe/222508/firehouse-haluski/,main-dish,"This is a quick easy lunch, and cheap too.  I make this at the fire station and it is very filling. Serve sprinkled with Romano cheese with bread.","1 (12 ounce) package kluski noodles ; 2 heads cabbage, cored and cut into bite-size pieces ; 1  onion, chopped ; ¼ cup water ; 1 pound kielbasa sausage, diced ; ¼ cup vegetable oil ; 1 tablespoon mustard seeds ;   salt and ground black pepper to taste ; 4  eggs, beaten","Bring a large pot of lightly salted water to a boil and cook kluski noodles until tender, about 8 minutes. Drain, chop noodles into small pieces, and set aside. Cook cabbage and onion, covered, in a large pot with water over medium heat until tender, 8 to 10 minutes. Heat vegetable oil in a large skillet over medium heat and transfer cabbage and onion into skillet with a slotted spoon. Cook in the hot oil until vegetables begin to brown, about 10 minutes; stir in kielbasa and continue to cook until sausage is heated through. Stir mustard seeds into cabbage mixture; season to taste with salt and black pepper. Stir chopped kluski into the mixture. Pour eggs over the noodle mixture and stir until eggs are set, 3 to 5 minutes.",1 hr,6.0,6 servings,722.0,18.86853622953477,6.856864970011347,8.267142162425028,0.9150996920084292,red,red,amber,red,3.0,3.0,2.0,3.0,11.0,unhealthy,4.9,Dumpling Recipes,Eastern European,60.0,9,Pasta and Noodles,Polish,recipe_images/recipe_2042.jpg,Pasta
Glazed Meatloaf II,https://www.allrecipes.com/recipe/20673/glazed-meatloaf-ii/,main-dish,This meatloaf is great! It's my husband's favorite. The glaze makes it delicious and moist.,"½ cup ketchup ; ⅓ cup brown sugar ; 1 tablespoon lemon juice ; 1 teaspoon dry mustard ; 2 pounds lean ground beef ; 3 slices bread, shredded ; ¼ cup diced onion ; 1  egg, beaten ; 1 cube beef bouillon, crumbled ; 3 tablespoons lemon juice","Preheat oven to 350 degrees F (175 degrees C). In a small bowl, combine ketchup, brown sugar, 1 tablespoon lemon juice and dry mustard until smooth. In a large bowl, combine ground beef, shredded bread, onion, egg, bouillon, 3 tablespoons lemon juice, and 1/3 cup of the ketchup mixture until well mixed.  Form into a loaf and place in a 9x5 inch loaf pan. Bake 1 hour.  Pour off fat.  Pour reserved ketchup mixture over loaf.  Bake 10 minutes more.",1 hr 20 mins,8.0,1 - 9x5 inch loaf,318.3,10.96814558907538,4.17834117679062,8.617828677130653,0.6499279127336035,amber,red,amber,amber,2.0,3.0,2.0,2.0,9.0,unhealthy,4.6,Meatloaf Recipes,American,80.0,10,Meatloaf,American,recipe_images/recipe_2051.jpg,Meat Dishes
Polish Stuffed Cabbage,https://www.allrecipes.com/recipe/16323/polish-stuffed-cabbage/,main-dish,"Stuffed cabbage rolls. I am 100 percent Polish, and this is my mom's recipe. Use regular rice, not instant.",1 medium head cabbage ;   water to cover ; 1 pound ground beef ; 1 cup cooked rice ;   garlic powder to taste ; 1  egg ; 1 (12 fluid ounce) can tomato juice ; 1 tablespoon vinegar ; 1 tablespoon white sugar ;   water to cover,"Place the head of cabbage in a large pot over high heat and add water to cover. Boil cabbage for 15 minutes, or until it is pliable and soft. Drain and allow to cool completely. Remove the hard outer vein from the leaves. In a separate large bowl, combine the beef, rice, garlic powder and the egg, mixing well. Place a small amount, about the size of your palm, into the center of a cabbage leaf and fold leaf over, tucking in the sides of the leaf to keep meat mixture inside. Pile up the filled leaves in a large pot, putting the larger leaves on the bottom. Add the tomato juice, vinegar and sugar and enough water to cover. Simmer over medium low heat for about 60 minutes. (Note: Keep an eye on them, making sure the bottom of leaves do not burn.)",1 hr 30 mins,6.0,6 to 8 servings,331.2,12.83422459893048,5.145797598627787,5.509030370295631,0.3832105741095752,red,red,amber,amber,3.0,3.0,2.0,2.0,10.0,unhealthy,4.14,Stuffed,Polish,90.0,10,Stuffed Dishes,Polish,recipe_images/recipe_2052.jpg,Stuffed Dishes
Beth's Meat Loaf,https://www.allrecipes.com/recipe/217080/beths-meat-loaf/,main-dish,"This is my, my husband's, and our two teens' favorite meat loaf recipe. Been making this for the last 19 years. Have tried other meat loaf recipes, but keep coming back to this one.","2  eggs, beaten ; ¾ cup milk ; ½ cup dry bread crumbs ; ¼ cup chopped onion ; 1 teaspoon salt ; 1 teaspoon ground black pepper ; ½ teaspoon crumbled dried sage ; 1 ½ pounds ground beef ; ½ cup ketchup ; 2 tablespoons brown sugar ; 1 teaspoon dry mustard powder","Preheat oven to 350 degrees F (175 degrees C). Grease a 9x5-inch loaf pan. In a bowl, lightly mix the beaten eggs, milk, bread crumbs, onion, salt, black pepper, and sage together until thoroughly combined. Gently work in the ground beef until mixed; press the meat mixture into the prepared loaf pan. Bake in the preheated oven until the loaf is no longer pink inside and the juices run clear, about 50 minutes. An instant-read thermometer inserted into the center of the loaf should read at least 160 degrees F (70 degrees C). While the meat loaf is baking, mix together the ketchup, brown sugar, and dry mustard powder in a bowl until the sugar has dissolved. When loaf is done, pull from the oven, and spread topping over the loaf. Return to oven, and bake until the topping is set, about 10 more minutes.",1 hr 20 mins,5.0,5 servings,387.8,41.25412541254125,15.882838283828384,28.052805280528048,4.822091584158416,red,red,red,red,3.0,3.0,3.0,3.0,12.0,unhealthy,4.61,Meatloaf Recipes,American,80.0,11,Meatloaf,American,recipe_images/recipe_2057.jpg,Meat Dishes
My Husband's Favorite Baked Burgers,https://www.allrecipes.com/recipe/270453/my-husbands-favorite-baked-burgers/,main-dish,"Simple, flavorful hamburger recipe that my husband loves. Ketchup is the binder so no egg is required. They hold together very well. I bake them in the oven and they come out perfect every time! I serve these with a slice of cheese melted on top. Top as desired.",1 pound lean ground beef ; ½ cup seasoned bread crumbs ; ¼ cup ketchup ; 4 tablespoons Worcestershire sauce ; 1 tablespoon garlic powder ; 1 tablespoon onion powder ; ½ teaspoon mustard powder ;   salt and ground black pepper to taste,"Preheat the oven to 400 degrees F (200 degrees C). Combine ground beef, bread crumbs, ketchup, Worcestershire sauce, garlic powder, onion powder, mustard powder, salt, and black pepper in a bowl until well mixed. Form into 4 patties and place on a baking sheet. Bake in the preheated oven until no longer pink in the center, about 30 minutes. An instant-read thermometer inserted into the center should read at least 160 degrees F (70 degrees C). Serve immediately.",40 mins,4.0,4 hamburgers,324.0,11.692199330868112,4.437400950871632,5.000880436696602,1.2334918119387217,amber,red,amber,amber,2.0,3.0,2.0,2.0,9.0,unhealthy,4.33,Burger Recipes,American,40.0,8,Burger,American,recipe_images/recipe_2058.jpg,Burger
Soy and Honey Pork Chops,https://www.allrecipes.com/recipe/218078/soy-and-honey-pork-chops/,main-dish,"Grilled pork chops brushed with a honey and soy sauce mix. To round out the meal, serve with creamy chive and garlic mashed potatoes.","½ cup honey ; ¼ cup soy sauce ; 1 pinch crushed red pepper flakes ; 1 pinch freshly ground black pepper, or to taste ; 4  center-cut boneless pork chops - 1/2-inch thick ; 2 teaspoons canola oil, or as needed ;   salt to taste ; 1 large sweet onion, sliced","Preheat an outdoor grill for high heat, and lightly oil the grate. Mix honey, soy sauce, crushed red pepper flakes, and black pepper in a bowl. Pour about 2 tablespoons of the honey-soy mixture into a small bowl and save for later. Brush chops with canola oil on both sides, and sprinkle with salt and black pepper. Grill the chops on the hottest part of the grill until lightly charred and crusty, 4 to 5 minutes per side. Move the chops to a cooler area of the grill, and continue to cook, brushing both sides generously with the honey-soy glaze, until chops are no longer pink inside, about 3 to 4 more minutes. The juices should run clear, and an instant-read meat thermometer inserted into the center of a chop should read at least 145 degrees F (63 degrees C). While chops are grilling, brush slices of onion with oil, and sprinkle with salt and black pepper. Grill onion slices until they are translucent and browned, 3 to 4 minutes per side. To serve, place chops and onions on warmed plates, and brush the chops with the reserved honey-soy glaze.",30 mins,4.0,4 servings,446.8,6.057117555899934,1.7533761346026122,20.456054903697144,1.2931148992694266,amber,amber,red,red,2.0,2.0,3.0,3.0,10.0,unhealthy,4.47,Pork,American,30.0,8,Pork,Asian,recipe_images/recipe_2073.jpg,Meat Dishes
Kids Favorite Meatloaf,https://www.allrecipes.com/recipe/16883/kids-favorite-meatloaf/,main-dish,"Bored of 'plain old meatloaf'? We tried a recipe with a twist. All you need is some smaller pans in the shapes of characters, or whatever. The kids love the shapes and rave about the taste!!! Mine like to use Winnie the Pooh. Be creative and have fun.",½ cup ketchup ; 2 tablespoons brown sugar ; 1 teaspoon prepared mustard ; 1 tablespoon Worcestershire sauce ; 1 teaspoon salt ; 1 ½ teaspoons onion powder ; ¼ teaspoon garlic powder ; 1  egg ; 1 tablespoon milk ; ¼ teaspoon ground black pepper ; 1 ½ cups crispy wheat cereal squares ; 1 ½ pounds ground beef,"In a large bowl, combine the ketchup, brown sugar and mustard and mix well. Remove 4 tablespoons of this mixture and reserve for later for the top of the loaves. To the mixture in the bowl, add the Worcestershire sauce, salt, onion, garlic, egg, milk and ground black pepper and mix together well. Stir in the wheat cereal squares and let stand for 5 minutes. Then break up the cereal squares and add the ground beef, mixing well. Shape the mixture into the mini loaf pans you've decided to use. Bake at 350 degrees F (175 degrees C) for 65 minutes. Brush on reserved ketchup mixture and bake for 15 more minutes.",1 hr 40 mins,8.0,8 kid-size servings,334.0,130.31924072476272,51.90681622088007,49.1458153580673,8.448662640207075,red,red,red,red,3.0,3.0,3.0,3.0,12.0,unhealthy,4.41,Meatloaf Recipes,American,100.0,12,Meatloaf,American,recipe_images/recipe_2078.jpg,Meat Dishes
Fast Pressure Cooker Ribs,https://www.allrecipes.com/recipe/261106/fast-pressure-cooker-ribs/,main-dish,I make these for a fast freezer meal. Boneless ribs and barbeque sauce are done in 20 minutes. Serve how you want. I put them in separate meals and freeze for later.,"2 pounds boneless country-style ribs, or more as desired ; ¼ teaspoon garlic powder, or to taste ;   salt and ground black pepper to taste ; 1  red onion, sliced ; 2 cups barbeque sauce (such as Famous Dave's) ; 1 cup beef broth","Season ribs with garlic powder, salt, and pepper. Place a layer of onion in the bottom of a pressure cooker. Add a layer of ribs. Repeat with remaining onion and ribs. Combine barbeque sauce and broth together in a bowl; pour over ribs in the pressure cooker. Close cooker securely and place pressure regulator over vent according to manufacturer's instructions. Heat until steam escapes in a steady flow and makes a whistling sound, about 5 minutes. Adjust heat until regulator is gently rocking. Cook for 25 minutes. Transfer the pressure cooker to the sink; cool the pot with cold water for about 30 seconds to release pressure quickly.",41 mins,6.0,6 servings,333.5,5.654820341645396,2.238366385234636,8.83565678382093,1.112114667190261,amber,amber,amber,red,2.0,2.0,2.0,3.0,9.0,unhealthy,4.11,Rib Recipes,American,41.0,6,Pork,American,recipe_images/recipe_2081.jpg,Meat Dishes
Instant Pot Honey-Soy Pork Chops,https://www.allrecipes.com/recipe/281635/instant-pot-honey-soy-pork-chops/,main-dish,Instant Pot pork chops. Serve with potatoes.,"1 tablespoon salted butter ; 2 slices bacon, chopped ; 4 (6 ounce) bone-in center-cut pork chops (about 1 inch thick) ; ½ cup honey ; ¼ cup soy sauce ; 1 tablespoon minced garlic ; ½ cup cold water ; 2 teaspoons cornstarch","Turn on a multi-functional pressure cooker (such as Instant Pot) and select Saute function. Add butter and bacon; saute until bacon is cooked but not quite crispy, about 5 minutes. Add pork chops and sear for about 1 minute on each side. Gently stir in honey, soy sauce, and garlic. Close and lock the lid. Select high pressure according to manufacturer's instructions; set timer for 10 minutes. Allow 10 to 15 minutes for pressure to build. Release pressure carefully using the quick-release method according to manufacturer's instructions, about 5 minutes. Unlock and remove the lid. Transfer pork chops to a plate and switch back to Saute function. Whisk cold water and cornstarch together in a small bowl; pour into the pot. Cook and stir until sauce thickens, about 5 minutes. Pour sauce over pork chops.",45 mins,4.0,4 pork chops,331.3,5.961790343706245,2.438914231516191,19.023531005826293,1.451831443927555,amber,amber,red,red,2.0,2.0,3.0,3.0,10.0,unhealthy,5.0,Pork,,45.0,8,Pork,Asian,recipe_images/recipe_2107.jpg,Meat Dishes
Simple and Easy Stuffed Peppers,https://www.allrecipes.com/recipe/105016/simple-and-easy-stuffed-peppers/,main-dish,These beefy and cheesy peppers are easy and delicious!,"1 ¼ pounds ground beef ; 3 cloves garlic, minced ; 1  onion, diced ; 1 (15.5 ounce) can diced tomatoes ; 1 cup shredded Cheddar cheese ; 1 ½ cups chicken broth ; 6  red bell peppers","Preheat oven to 350 degrees F (175 degrees C). Heat a large nonstick skillet over medium-high heat. Stir in the ground beef, and cook until brown and crumbly. Pour off excess grease, then stir in garlic, onion, and tomatoes. Cook and stir until the onions soften just a bit, about 3 minutes. Stir the cheese into the mixture, and set aside. Cut the tops off of the peppers, and remove the veins and seeds. Fill each pepper with the ground beef mixture and pour in some of the chicken broth. Place into the cups of a muffin tin, and replace the tops. Bake in preheated oven 30 minutes.",55 mins,6.0,6 stuffed peppers,312.4,13.838485845522364,6.567417011434343,6.4892334755839345,0.5697625175098544,amber,red,amber,amber,2.0,3.0,2.0,2.0,9.0,unhealthy,4.15,Stuffed,,55.0,7,Stuffed Dishes,American,recipe_images/recipe_2109.jpg,Stuffed Dishes
Meatloaf Patties,https://www.allrecipes.com/recipe/239185/meatloaf-patties/,main-dish,"Delicious, kid-approved mini-meatloaf patties!","1  egg, lightly beaten ; 1 slice soft bread, blended into crumbs ; ½ teaspoon salt ; ½ teaspoon ground black pepper ; 1 pound lean ground beef ; 1 (8 ounce) can tomato sauce ; 3  green onions, chopped ; 2 ¼ tablespoons brown sugar, or to taste ; 2 teaspoons Worcestershire sauce ; 2 teaspoons prepared yellow mustard","Mix egg, bread crumbs, salt, and black pepper together in a large bowl. Break ground beef into small pieces and add to the bowl; mix well with your hands until beef is evenly moistened. Shape the beef mixture into four patties. Heat a skillet over medium heat. Cook patties in hot skillet until completely browned, 2 to 3 minutes per side; remove to a platter and drain grease from skillet. Return skillet to medium heat. Stir tomato sauce, green onions, brown sugar, Worcestershire sauce, and yellow mustard together in the skillet. Gently lie the patties into the sauce; bring liquid to a boil, reduce heat to medium-low, and simmer until the patties are very firm, hot, and grey in the center, about 10 minutes more. An instant-read thermometer inserted into the center should read 160 degrees F (70 degrees C).",30 mins,4.0,4 patties,301.9,7.8925593533193314,3.0042645280376807,5.397492202915155,0.984405830309974,amber,amber,amber,red,2.0,2.0,2.0,3.0,9.0,unhealthy,4.4,Meatloaf Recipes,U.S. American,30.0,10,Meatloaf,American,recipe_images/recipe_2110.jpg,Meat Dishes
Cajun Chicken and Sausage Pasta,https://www.allrecipes.com/recipe/232424/cajun-chicken-and-sausage-pasta/,main-dish,Serve up a spicy dinner for two.,"1  skinless, boneless chicken breast half ; ½ teaspoon Cajun seasoning, or to taste ; 1 link pork sausage with jalapeno pepper ; 4 ounces farfalle (bow tie) pasta ; 2 tablespoons butter ; 1  green bell pepper, chopped ; ½  red bell pepper, chopped ; ½  onion, chopped ; 1 clove garlic, chopped ; 1 ½ cups fat-free half-and-half, divided ; 1 tablespoon cornstarch, or as needed ; 1 pinch Cajun seasoning, or to taste ; 1 pinch dried basil, or to taste","Preheat an outdoor grill for medium-high heat and lightly oil the grate. Sprinkle both sides of chicken breast with 1/2 teaspoon Cajun seasoning, or to taste. Grill chicken breast and pork sausage on the preheated grill until browned and no longer pink inside, about 5 minutes per side. Transfer to a plate and let rest for 5 minutes. Cut chicken and sausage into bite-size pieces. Bring a large pot of lightly salted water to a boil. Cook the farfalle pasta at a boil, stirring occasionally, until cooked through yet firm to the bite, about 12 minutes; drain. Melt butter in a large skillet over medium heat. Cook and stir green bell pepper, red bell pepper, onion, and garlic in hot butter until slightly softened, 2 to 3 minutes. Stir chicken and sausage pieces into vegetables, reduce heat to medium-low, and pour 1 cup half-and-half into skillet. Stir to combine. Mix cornstarch into remaining 1/2 cup half-and-half in a small bowl until smooth; pour into skillet and stir until sauce simmers and thickens, about 5 minutes. Toss cooked farfalle pasta into mixture until coated; season with additional Cajun seasoning and dried basil.",1 hr 10 mins,2.0,2 servings,561.4,9.771309771309772,5.197505197505197,8.367983367983369,0.817047817047817,amber,red,amber,amber,2.0,3.0,2.0,2.0,9.0,unhealthy,4.44,Pasta,Cajun,70.0,13,Pasta and Noodles,American,recipe_images/recipe_2116.jpg,Pasta
Shelby's Microwave Meat Loaf,https://www.allrecipes.com/recipe/216907/shelbys-microwave-meat-loaf/,main-dish,"Great meat loaf, quick, easy and  ready to eat in 45 minutes. It will be ready by the time you get the creamed potatoes ready!","1 (8 ounce) can tomato sauce ; ¼ cup brown sugar ; 1 teaspoon prepared mustard ; 2  eggs, lightly beaten ; 1  onion, minced ; ¼ cup minced green bell pepper ; ¼ teaspoon garlic powder ; ½ cup saltine cracker crumbs ; 1 teaspoon salt ; ¼ teaspoon ground black pepper ; 2 pounds extra lean ground beef","In a small bowl, mix together the tomato sauce, brown sugar, and mustard; stir until the brown sugar has dissolved. In a large mixing bowl, mix the eggs, minced onion and green pepper, garlic powder, cracker crumbs, salt, and black pepper; mix in the ground beef and half the tomato sauce mixture, stirring until the meat loaf is thoroughly combined. Place the meat mixture into a 2-quart microwave-safe baking dish. Spread the remaining tomato sauce mixture over the meat loaf. Cook in microwave oven on High setting until set, the juices run clear, and meat is no longer pink inside, 10 to 15 minutes depending on power of microwave oven. An instant-read meat thermometer, inserted into the center of the loaf, should read 165 degrees F (75 degrees C). Drain any grease from the dish as soon as loaf is cooked; allow to stand, uncovered, 10 to 15 minutes before serving.",45 mins,6.0,6 servings,382.1,8.088775748014557,3.0978290098779153,5.292124558541439,0.7149746329395313,amber,red,amber,amber,2.0,3.0,2.0,2.0,9.0,unhealthy,4.6,Meatloaf Recipes,,45.0,11,Meatloaf,American,recipe_images/recipe_2125.jpg,Meat Dishes
Aunt Libby's Southern Meatloaf,https://www.allrecipes.com/recipe/237436/aunt-libbys-southern-meatloaf/,main-dish,This my 86-year-old Aunt Libby's home-made meatloaf recipe. I finally had her write it down for me last year. You can be sure no one will tell you this meatloaf is dry!,"2 pounds ground beef ; 1  onion, chopped ; 1 cup ketchup ; 1 cup Italian-seasoned bread crumbs ; 2  eggs ; 1 ½ teaspoons salt ; ¼ teaspoon ground black pepper ; 1 ½ cups ketchup ; ¼ cup water ; 3 tablespoons white wine vinegar ; 3 tablespoons brown sugar ; 2 tablespoons Dijon mustard ; 2 teaspoons Worcestershire sauce","Preheat oven to 350 degrees F (175 degrees C). Butter a 9x5-inch loaf pan. Mix beef, onion, 1 cup ketchup, bread crumbs, eggs, salt, and pepper together in a bowl. Press beef mixture into a loaf in the prepared loaf pan. Mix 1 1/2 cups ketchup, water, vinegar, brown sugar, mustard, and Worcestershire sauce together in a saucepan; cook and stir over medium heat until sauce is smooth and warm, about 10 minutes. Pour 1/3 the sauce over meatloaf. Bake in the preheated oven, basting every 25 minutes with more sauce, until meatloaf is cooked through, 1 to 1 1/2 hours. An instant-read thermometer inserted into the center should read at least 160 degrees F (70 degrees C). Cool in the pan for 10 minutes before slicing.",1 hr 30 mins,6.0,6 servings,533.7,11.00856344905395,4.03943255590286,13.805093680063624,2.4582832411637408,red,red,red,red,3.0,3.0,3.0,3.0,12.0,unhealthy,4.47,Meatloaf Recipes,American,90.0,13,Meatloaf,American,recipe_images/recipe_2135.jpg,Meat Dishes
Cowboy Casserole,https://www.allrecipes.com/recipe/51051/cowboy-casserole/,main-dish,"This combination of hamburger, beans, and bacon over biscuits will bring out the cowboy in anyone.  It has become a family favorite.  It is so easy to make, and we love to make it when we're camping.","½ pound bacon ; 1 pound ground beef ; 1 small onion, chopped ; 2 (15 ounce) cans baked beans with pork ; ⅓ cup barbeque sauce ; 1 (7.5 ounce) package refrigerated biscuit dough","Cook bacon in a large skillet or Dutch oven over medium heat until evenly browned. Drain, and cut into bite size pieces. Set aside. Add hamburger  and onion to the skillet, and cook until no longer pink, and the onion is tender. Drain. Stir bacon, baked beans and barbeque sauce into the ground beef, and bring to a boil. Reduce heat to medium low, and place biscuits in a single layer over the top of the mixture. Cover, and simmer for about 10 minutes, or until the biscuits are done. Place two biscuits on each plate, and spoon beans over.",25 mins,5.0,5 servings,600.7,6.761379643417715,2.3074549576743,6.090607853396117,1.0598194282341262,red,red,amber,red,3.0,3.0,2.0,3.0,11.0,unhealthy,4.31,Casserole Recipes,American,25.0,6,Casserole and Pies,American,recipe_images/recipe_2143.jpg,Casserole and Pies
Weeknight Sauerbraten Meatballs,https://www.allrecipes.com/recipe/280273/weeknight-sauerbraten-meatballs/,main-dish,"Our traditional holiday meal is sauerbraten and gravy, butter-sauteed homemade egg noodles, potato balls, sweet and sour red cabbage, and freshly cooked apples. A lot of work, but worth it once a year! This is a quick recipe to enjoy the sauerbraten flavor without waiting 5 days for a beef roast to marinate. And you'll have plenty of gravy to spoon over your buttered egg noodles and potatoes.","cooking spray ; 1 pound lean ground beef ; ½ cup minced onion ; ⅓ cup gingersnap cookie crumbs ; ¼ cup water ; ½ teaspoon salt ; ¼ teaspoon ground black pepper ; 2 cups beef broth ; ½ cup gingersnap cookie crumbs ; 2 tablespoons gingersnap cookie crumbs, or more as needed ; ½ cup apple cider vinegar ; 1 tablespoon white sugar, or more to taste ; 3 tablespoons raisins","Preheat the oven to 350 degrees F (175 degrees C). Line a baking sheet with aluminum foil and place a baking rack on top. Spray the rack with cooking spray. Combine ground beef, onion, gingersnap crumbs, water, salt, and pepper in a medium bowl. Shape into 24 meatballs using a tablespoon-sized cookie scoop. Place the meatballs on the prepared baking rack. Bake in the preheated oven until a meat thermometer inserted into the center of a meatball reads 160 degrees F (71 degrees C), 18 to 20 minutes. While the meatballs are baking, whisk beef broth, 1/2 cup plus 2 tablespoons gingersnap crumbs, vinegar, and sugar together in a medium saucepan. Cook over medium heat, stirring occasionally, until gravy thickens, 5 to 10 minutes. Add more gingersnap crumbs for a thicker gravy, or some water for a thinner consistency. Stir cooked meatballs and raisins into the gravy. Cover and simmer until flavors combine, about 10 minutes.",50 mins,4.0,4 servings,417.8,6.427063621644885,2.2953798648731727,6.197525635157566,0.6972216339552264,amber,red,amber,red,2.0,3.0,2.0,3.0,10.0,unhealthy,4.47,Meatball Recipes,American German,50.0,13,Meatballs,German,recipe_images/recipe_2144.jpg,Meat Dishes
Wonderful Meatloaf,https://www.allrecipes.com/recipe/16353/wonderful-meatloaf/,main-dish,This is my all time favorite recipe for meatloaf. You can substitute the ketchup for barbecue sauce.,1 pound ground beef ; ¾ cup cooked rice ; 1 tablespoon brown sugar ; ¾ cup chopped onion ; 1 tablespoon ketchup ; ½ cup ketchup,"Preheat oven to 350 degrees F (175 degrees C). In a large bowl, combine the beef, rice, brown sugar, onion and 1 tablespoon ketchup. Mix well and place in a 5x9 inch loaf pan. Bake at 350 degrees F (175 degrees C) for 30 minutes. Spread remaining 1/2 cup ketchup over the top of the loaf. Bake for 15 more minutes.",50 mins,4.0,4 servings,441.1,19.256434699714013,7.816968541468064,7.816968541468064,0.7259294566253573,red,red,amber,amber,3.0,3.0,2.0,2.0,10.0,unhealthy,3.99,Meatloaf Recipes,,50.0,6,Meatloaf,American,recipe_images/recipe_2148.jpg,Meat Dishes
Sweet and Sour Meatloaf,https://www.allrecipes.com/recipe/18035/sweet-and-sour-meatloaf/,main-dish,Our family loves this meatloaf! It's covered with a tangy sweet and sour sauce made on the stove. It is very good!,1 ½ pounds ground beef ; 1 cup dry bread crumbs ; 1 teaspoon salt ; ¼ teaspoon ground black pepper ; 2  eggs ; 1 teaspoon dried minced onion ; 1 (15 ounce) can tomato sauce ; 2 tablespoons brown sugar ; 2 tablespoons cider vinegar ; ½ cup white sugar ; 2 teaspoons prepared mustard,"Preheat oven to 350 degrees F (175 degrees C). In a large bowl, combine the ground beef, bread crumbs, salt, ground black pepper, eggs, onion flakes and 1/2 of the can of tomato sauce. Mix together well and place into a 5x9 inch loaf pan. Push the meatloaf down into the pan forming a well for the sauce around all the edges. Bake at 350 degrees F (175 degrees C) for 40 minutes. Meanwhile, in a small saucepan over medium heat, combine the remaining tomato sauce, brown sugar, vinegar, white sugar and mustard. Bring to a boil and remove from heat. After meatloaf has cooked for 40 minutes, remove from oven and pour sauce over the top of the meatloaf. Return to oven and bake at 350 degrees F (175 degrees C) for 20 more minutes. Let sit 5 minutes before removing from pan.",1 hr 10 mins,6.0,6 servings,547.2,29.05397946793244,11.480295838392758,22.25411193288442,2.181697759134562,red,red,amber,red,3.0,3.0,2.0,3.0,11.0,unhealthy,4.57,Meatloaf Recipes,American,70.0,11,Meatloaf,American,recipe_images/recipe_2153.jpg,Meat Dishes
Baked Ham with Sweet Glaze,https://www.allrecipes.com/recipe/214000/baked-ham-with-sweet-glaze/,main-dish,"This is a common recipe brought down through my family. My grandmother made it, my mother still makes it, and  we all love it to pieces! It is great left over or chopped into a fresh green salad. I love this ham glaze because it is simple, easy and delicious!","1 (10 pound) fully-cooked, bone-in ham ; 4 cups boiling water, or as needed ; 1 cup packed brown sugar ; 2 tablespoons all-purpose flour ; 2 tablespoons dry mustard powder ; ¼ cup honey ; 1 teaspoon fresh lemon juice, or as needed ; 1 (20 ounce) can pineapple chunks, drained ; 1 (10 ounce) jar maraschino cherries, drained ;   toothpicks","Preheat oven to 400 degrees F (200 degrees C). Place ham on a rack set in a roasting pan, and carefully pour about 1/2 inch of boiling water into the pan beneath the ham. Bake the ham in the preheated oven for 2 hours, or until a meat thermometer inserted into the thickest part of the meat (do not touch the bone) reads at least 140 degrees F (60 degrees C.) Reduce oven heat to 350 degrees F (175 degrees C.) In a bowl, mix together the brown sugar, flour, dry mustard, honey, and lemon juice as needed to make a thick, smooth paste. Brush the ham generously with glaze. Skewer 1 pineapple chunk and 1 maraschino cherry per toothpick, and insert the decorated picks all over the ham. Return the ham to the oven, and roast for 15 minutes. Baste the ham, fruit and all, with glaze and juices that have collected in the bottom of the pan, return to the oven, and roast for an additional 15 minutes. Let the ham rest for at least 10 minutes before slicing.",3 hrs,20.0,1 10-pound ham,668.1,33.23875152006486,12.059181191730849,18.443453587353066,0.3698824483177949,red,red,amber,amber,3.0,3.0,2.0,2.0,10.0,unhealthy,4.68,Pork,American,180.0,10,Pork,American,recipe_images/recipe_2168.jpg,Meat Dishes
Fast and Easy Chicken Tetrazzini,https://www.allrecipes.com/recipe/232164/fast-and-easy-chicken-tetrazzini/,main-dish,Super-easy chicken tetrazzini. Uses rotisserie chicken to save time.,"cooking spray ; 1 (12 ounce) package rotini pasta ; 2 tablespoons butter ; 2  onions, chopped ; 2 stalks celery, finely chopped ; ½ cup finely chopped red bell pepper ; 2 ¼ cups milk ; 1 (10.75 ounce) can  cream of mushroom soup ; ½ teaspoon poultry seasoning ; ¼ teaspoon salt ; ⅛ teaspoon ground black pepper ; 1  rotisserie chicken, meat removed and chopped ; 1 cup shredded Cheddar cheese, divided","Preheat oven to 350 degrees F (175 degrees C). Prepare a 13x9-inch baking dish with nonstick cooking spray. Bring a large pot of lightly salted water to a boil. Cook the rotini at a boil until tender yet firm to the bite, about 8 minutes; drain. Pour rotini into prepared baking dish. Melt butter in a heavy saucepan over medium heat. Cook and stir onions, celery, and bell pepper in melted butter until softened, about 5 minutes. Stir milk, cream of mushroom soup, poultry seasoning, salt, and black pepper into the onion mixture. Reduce heat to medium-low and bring to a simmer; about 5 minutes. Add chicken and 1/2 cup Cheddar cheese to the milk mixture; remove immediately from heat and pour over the rotini. Top pasta and sauce mixture with remaining Cheddar cheese. Bake in preheated oven until cheese is melted and beginning to brown, about 25 minutes.",1 hr 5 mins,8.0,1 13x9-inch dish,515.7,16.318353594681962,6.775030733506352,5.755133633838729,0.9543322861175614,red,red,amber,amber,3.0,3.0,2.0,2.0,10.0,unhealthy,4.7,Casserole Recipes,Italian,65.0,13,Casserole and Pies,American,recipe_images/recipe_2175.jpg,Casserole and Pies
Juicy Grilled Pork Chops,https://www.allrecipes.com/recipe/276099/juicy-grilled-pork-chops/,main-dish,Warning - the sauce does not smell or taste very good on its own! But it makes the best grilled pork chops I have ever had. Serve it with grilled pineapple slices and rice.,¾ cup ketchup ; ¾ cup maple syrup ; ¼ cup Worcestershire sauce ; 3 tablespoons butter ; 3 tablespoons prepared yellow mustard ; 2 tablespoons vegetable oil ; 1 teaspoon salt ; ¼ teaspoon ground cloves ; ¼ teaspoon black pepper ; 8 (1-inch thick) boneless pork chops,"Combine ketchup, maple syrup, Worcestershire sauce, butter, mustard, oil, salt, cloves, and pepper in a saucepan over medium heat; bring to a boil. Reduce heat and let simmer, 5 to 10 minutes. Let cool completely, 15 to 20 minutes. Place pork chops in a zip-top bag and pour cooled sauce over them. Marinate in the refrigerator for at least 2 hours, to overnight. Preheat an outdoor grill for medium heat and lightly oil the grate. Cook the pork chops on the preheated grill until no longer pink in the center, about 25 minutes total, flipping as needed. An instant-read thermometer inserted into the center should read 145 degrees F (63 degrees C).",3 hrs,8.0,8 pork chops,396.3,10.011327471816172,3.7974000755164785,13.578582088210442,1.106280453818077,amber,red,amber,red,2.0,3.0,2.0,3.0,10.0,unhealthy,5.0,,,180.0,10,Pork,American,recipe_images/recipe_2199.jpg,Meat Dishes
Banh Bao,https://www.allrecipes.com/recipe/247055/banh-bao/,main-dish,"I'm a Vietnamese living in Indiana who had to find a recipe for one of my favorite Vietnamese snacks, banh bao. They are a variation on the Chinese cha siu bao (Chinese pork buns). I would like to thank Houston Wok for providing Ms. SkimmyJeans' moist filling recipe and Miss Adventure[at]home for a tasty bun recipe. Combined, this is my ultimate banh bao recipe.","1 pound ground pork ; 2  shallots, minced ; 2 tablespoons fish sauce ; 1 ½ tablespoons oyster sauce ; 1 tablespoon soy sauce ; 4 ½ cups self-rising flour ; 1 ½ cups milk ; ¾ cup white sugar ; 3 links Chinese sausages, sliced on the diagonal ; 4  hard-boiled eggs, peeled and quartered ;   waxed paper","Mix pork, shallots, fish sauce, oyster sauce, and soy sauce together in a large bowl. Let mixture marinate in the refrigerator, about 30 minutes. Combine self-rising flour, milk, and sugar in another large bowl; knead until dough is smooth and no longer sticky. Cover dough with cheesecloth; let rest, about 5 minutes. Divide dough into 18 balls. Roll out each ball into a circle with a rolling pin on a floured work surface. Place a spoonful of the pork mixture in the center; top with 2 sausage slices and an egg quarter. Gather the edges of each circle together like a coin purse; twist and pinch to seal the bun. Cut waxed paper into eighteen 2-inch squares. Place each bun on a waxed paper square. Arrange 1 inch apart in a steamer; cover with lid. Steam buns until puffed up, about 30 minutes.",1 hr 30 mins,18.0,18 buns,276.8,16.906369239800412,3.5221602582917524,17.082477252714998,3.242148517757558,amber,amber,amber,red,2.0,2.0,2.0,3.0,9.0,unhealthy,4.0,Dumpling Recipes,U.S. Vietnamese,90.0,11,Dumplings,Vietnamese,recipe_images/recipe_2202.jpg,Dumplings
Spaghetti Bake,https://www.allrecipes.com/recipe/231231/spaghetti-bake/,main-dish,My mother used to make this as an alternative to regular spaghetti. Everyone adores this hearty dish and can't get enough! A staple in our home.,1 (16 ounce) package spaghetti ; 1 cup chopped onion ; 1 cup chopped green bell pepper ; 1 pound ground beef ; 2 (24 ounce) jars spaghetti sauce ; 2 cups shredded Cheddar cheese ; 1 (10.75 ounce) can  condensed cream of mushroom soup ; ½ cup sliced fresh mushrooms ; 1 (4 ounce) can sliced black olives ; 2 teaspoons dried oregano ; 1 tablespoon white sugar ; 1 cup shredded mozzarella cheese ; ½ cup grated Parmesan cheese,"Preheat oven to 350 degrees F (175 degrees C). Grease a 9x13-inch baking dish. Bring a large pot of lightly salted water to a boil. Cook spaghetti in the boiling water, stirring occasionally, until cooked through but firm to the bite, about 12 minutes. Drain. Heat a large skillet over medium heat; cook and stir onion and bell pepper until tender, about 5 minutes. Transfer vegetables to a large bowl. Return skillet to stove top and increase heat to medium-high. Cook and stir ground beef in skillet until browned and crumbly, 5 to 7 minutes; drain and discard grease. Transfer beef to the same bowl as the vegetables. Stir spaghetti, spaghetti sauce, Cheddar cheese, cream of mushroom soup, mushrooms,  olives, oregano, and sugar into beef mixture. Pour spaghetti mixture into prepared baking dish and sprinkle with mozzarella cheese and Parmesan cheese. Bake in preheated oven until bubbly and hot, about 45 minutes.",1 hr 20 mins,6.0,6 servings,928.2,7.443258343891006,3.3379560614356567,5.160403336357424,0.91683485670209,red,red,amber,red,3.0,3.0,2.0,3.0,11.0,unhealthy,4.63,Casserole Recipes,Italian,80.0,13,Pasta and Noodles,Italian,recipe_images/recipe_2221.jpg,Pasta
Healthier Easy Meatloaf,https://www.allrecipes.com/recipe/222102/healthier-easy-meatloaf/,main-dish,"This no-fail recipe for meatloaf doesn't take long to make and is healthier with lean ground beef, low-fat milk, whole wheat bread crumbs, some fresh parsley, and carrot.","1 ½ pounds lean ground beef ; 1  egg ; 1  onion, chopped ; 1 cup low-fat (1%) milk ; 1 cup whole wheat bread crumbs ; ½ cup chopped fresh parsley ; 1 large carrot, grated ;   salt and ground black pepper to taste ; 1 tablespoon brown sugar ; 2 tablespoons prepared mustard ; ⅓ cup ketchup","Preheat oven to 350 degrees F (175 degrees C). Lightly grease a 9x5-inch loaf pan. Combine beef, egg, onion, milk, bread crumbs, parsley, and carrot in a large bowl. Season with salt and black pepper. Place beef mixture in loaf pan. Stir together brown sugar, mustard, and ketchup in a small bowl. Pour over meatloaf. Bake in preheated oven until no longer pink in the center, about 1 hour. An instant-read thermometer inserted into the center should read at least 160 degrees F (70 degrees C).",1 hr 10 mins,8.0,8 servings,269.9,27.330333363945265,10.579483882817522,21.599779594085778,1.569290109284599,red,red,amber,red,3.0,3.0,2.0,3.0,11.0,unhealthy,4.17,Meatloaf Recipes,American,70.0,11,Meatloaf,American,recipe_images/recipe_2258.jpg,Meat Dishes
Spamaroni and Cheese,https://www.allrecipes.com/recipe/246169/spamaroni-and-cheese/,main-dish,"Easy, economical comfort food, combining childhood favorites. My kids loved this when they were growing up.","cooking spray (such as Pam) ; 1 (14 ounce) package deluxe macaroni and cheese dinner mix (such as Kraft) ; 1 (12 ounce) can luncheon meat (such as Spam), cut into 1/4-inch cubes ; ¼ cup milk ; ½ cup Italian-style bread crumbs","Preheat oven to 350 degrees F (175 degrees C). Spray a 9x13-inch casserole dish with cooking spray. Bring a large pot of lightly salted water to a boil. Cook macaroni in the boiling water, stirring occasionally until tender yet firm to the bite, about 10 minutes. Drain. Place macaroni, cheese, cubed luncheon meat, and milk in a large bowl; mix well to combine. Turn out into casserole dish. Sprinkle bread crumbs on top. Bake in the preheated oven until bubbly, about 15 minutes.",35 mins,4.0,4 servings,691.8,14.55301455301455,5.509355509355508,5.9251559251559245,2.884225571725571,red,red,amber,red,3.0,3.0,2.0,3.0,11.0,unhealthy,4.33,Pasta,American,35.0,5,Pasta and Noodles,American,recipe_images/recipe_2285.jpg,Pasta
Ed's Macaroni Jumble,https://www.allrecipes.com/recipe/236589/eds-macaroni-jumble/,main-dish,Kids will love this. It is easy to make for supper when there's not a lot of time.,2 cups elbow macaroni ; 2 teaspoons vegetable oil ; 1 pound lean ground beef ; ⅓ cup chopped onion ; 1 ½ cups frozen corn ; 1 (6.5 ounce) can tomato sauce ; ½ cup ketchup ; ½ cup water ; 2 teaspoons chili powder ; ½ teaspoon white sugar ; ½ teaspoon seasoned salt ; ½ cup grated Cheddar cheese,"Bring a large pot of lightly salted water to a boil. Cook elbow macaroni in the boiling water, stirring occasionally until cooked through but firm to the bite, 8 minutes. Drain. Heat oil in a large pot over medium heat. Cook and stir beef and onion in the hot oil until beef is browned and crumbly, 5 to 7 minutes; drain and discard grease. Add corn, tomato sauce, ketchup, water, chili powder, sugar, and seasoned salt to the beef mixture; bring to a boil, reduce heat to medium-low, and simmer, stirring occasionally, until slightly thickened, about 10 minutes. Stir macaroni into beef mixture; cook until heated through, about 5 minutes. Sprinkle with Cheddar cheese; remove from heat and let stand until cheese melts, 1 to 2 minutes.",45 mins,4.0,4 servings,600.3,9.990109653837884,4.0043001505052676,5.325306385723501,0.8885831004085142,red,red,amber,red,3.0,3.0,2.0,3.0,11.0,unhealthy,4.5,Pasta,American,45.0,12,Pasta and Noodles,American,recipe_images/recipe_2294.jpg,Pasta
Meatloaf Wellington,https://www.allrecipes.com/recipe/246706/meatloaf-wellington/,main-dish,Meatloaf with a crescent roll crust.,"2 tablespoons butter ; 1  onion, chopped ; 1  egg ; 1 ½ pounds lean ground beef ; ½ cup bread crumbs ; ¼ cup grated Parmesan cheese ; 1 teaspoon salt ; ½ teaspoon ground black pepper ; ¼ teaspoon minced garlic ; 1 pinch parsley flakes, or to taste ; 1 (8 ounce) package refrigerated crescent rolls ; 1  egg ; 1 tablespoon water","Preheat oven to 350 degrees F (175 degrees C). Melt butter in a large skillet over medium heat. Add onion; cook and stir until softened, about 5 minutes. Beat 1 egg in a large bowl until foamy. Add onion, ground beef, bread crumbs, Parmesan cheese, salt, pepper, and garlic; mix until combined. Mold mixture into a loaf on a baking sheet. Unroll crescent rolls and use to cover meatloaf completely, seaming seals and perforations so that no meat is visible. Whisk remaining egg and water in a small bowl to make egg wash. Brush egg wash over crust. Bake meatloaf in the preheated oven until crust is very dark and an instant-read thermometer inserted into the center reads at least 160 degrees F (70 degrees C), about 45 minutes.",1 hr 10 mins,4.0,4 servings,748.2,33.421952145841246,12.83706798328902,5.6969236612229395,2.581466008355488,red,red,amber,red,3.0,3.0,2.0,3.0,11.0,unhealthy,4.75,Meatloaf Recipes,British,70.0,13,Meatloaf,American,recipe_images/recipe_2297.jpg,Meat Dishes
Pogaca (Feta Dumplings),https://www.allrecipes.com/recipe/216186/pogaca-feta-dumplings/,main-dish,Those are great for breakfast and the afternoon tea!,"3 ½ cups all-purpose flour ; 2 teaspoons baking powder ; ½ cup canola oil ; ¼ cup butter, melted ; 1 cup plain yogurt ; 3  beaten eggs ; 1 tablespoon sour cream ; 1 tablespoon white sugar ; 1 ½ teaspoons salt ; 1 cup crumbled feta cheese ; 1 cup finely chopped fresh parsley ; 1 tablespoon olive oil ; 2 teaspoons paprika ; 2  egg yolks ; 2 tablespoons sesame seeds","Preheat oven to 375 degrees F (190 degrees C). Line a baking sheet with parchment paper. Mix the flour with baking soda in a bowl; set aside. Mix the canola oil, butter, yogurt, eggs, sour cream, sugar, and salt together in a large mixing bowl until smooth. Gradually stir the flour mixture into the wet ingredients to form a soft dough. Knead and squeeze the dough in the bowl until it is no longer sticky, about 5 minutes. Stir the feta cheese, parsley, olive oil, and paprika together in a bowl with a fork to make a filling. Make each dumpling by pinching off about 2 1/2 tablespoons of dough; roll into a ball about 1 3/4 inches across between your hands, and press it into a flat circle 3 inches across on your palm. Spoon 1 scant tablespoon of filling into the center of the circle. Bring the edges of the circle together over the filling, and pinch them together to make a fat, round little stuffed dumpling. Set the dumplings onto the parchment paper-lined baking sheet, seam sides down. Beat the egg yolks in a small bowl, and brush the pogaca tops with the egg yolk. Sprinkle each with about 1/4 teaspoon of sesame seeds. Bake in the preheated oven until the tops are shiny, brown, and crackled, 20 to 30 minutes.",1 hr,20.0,20 baked dumplings,210.0,56.53065876453157,17.323911556872577,9.117848187827674,3.941189879188512,red,red,amber,red,3.0,3.0,2.0,3.0,11.0,unhealthy,4.09,Dumpling Recipes,Turkish,60.0,15,Dumplings,Mediterranean,recipe_images/recipe_2321.jpg,Dumplings
